claim_id,doc,location,printed,kind,spec
Table S1-00001,si,Table S1,"22,779",composition,"{""batch"": ""10X"", ""dataset"": ""immune_cell_human"", ""field"": ""n_reference""}"
Table S1-00002,si,Table S1,"10,727",composition,"{""batch"": ""10X"", ""dataset"": ""immune_cell_human"", ""field"": ""n_query""}"
Table S1-00003,si,Table S1,16,composition,"{""batch"": ""10X"", ""dataset"": ""immune_cell_human"", ""field"": ""n_celltypes_reference""}"
Table S1-00004,si,Table S1,12,composition,"{""batch"": ""10X"", ""dataset"": ""immune_cell_human"", ""field"": ""n_celltypes_query""}"
Table S1-00005,si,Table S1,1.0,composition,"{""batch"": ""10X"", ""dataset"": ""immune_cell_human"", ""field"": ""fraction_query_cells_label_supported_by_reference""}"
Table S1-00006,si,Table S1,"30,920",composition,"{""batch"": ""Oetjen_A"", ""dataset"": ""immune_cell_human"", ""field"": ""n_reference""}"
Table S1-00007,si,Table S1,"2,586",composition,"{""batch"": ""Oetjen_A"", ""dataset"": ""immune_cell_human"", ""field"": ""n_query""}"
Table S1-00008,si,Table S1,16,composition,"{""batch"": ""Oetjen_A"", ""dataset"": ""immune_cell_human"", ""field"": ""n_celltypes_reference""}"
Table S1-00009,si,Table S1,16,composition,"{""batch"": ""Oetjen_A"", ""dataset"": ""immune_cell_human"", ""field"": ""n_celltypes_query""}"
Table S1-00010,si,Table S1,1.0,composition,"{""batch"": ""Oetjen_A"", ""dataset"": ""immune_cell_human"", ""field"": ""fraction_query_cells_label_supported_by_reference""}"
Table S1-00011,si,Table S1,"32,484",composition,"{""batch"": ""Villani"", ""dataset"": ""immune_cell_human"", ""field"": ""n_reference""}"
Table S1-00012,si,Table S1,"1,022",composition,"{""batch"": ""Villani"", ""dataset"": ""immune_cell_human"", ""field"": ""n_query""}"
Table S1-00013,si,Table S1,16,composition,"{""batch"": ""Villani"", ""dataset"": ""immune_cell_human"", ""field"": ""n_celltypes_reference""}"
Table S1-00014,si,Table S1,4,composition,"{""batch"": ""Villani"", ""dataset"": ""immune_cell_human"", ""field"": ""n_celltypes_query""}"
Table S1-00015,si,Table S1,1.0,composition,"{""batch"": ""Villani"", ""dataset"": ""immune_cell_human"", ""field"": ""fraction_query_cells_label_supported_by_reference""}"
Table S1-00016,si,Table S1,"32,010",composition,"{""batch"": ""3"", ""dataset"": ""lung_atlas"", ""field"": ""n_reference""}"
Table S1-00017,si,Table S1,462,composition,"{""batch"": ""3"", ""dataset"": ""lung_atlas"", ""field"": ""n_query""}"
Table S1-00018,si,Table S1,17,composition,"{""batch"": ""3"", ""dataset"": ""lung_atlas"", ""field"": ""n_celltypes_reference""}"
Table S1-00019,si,Table S1,10,composition,"{""batch"": ""3"", ""dataset"": ""lung_atlas"", ""field"": ""n_celltypes_query""}"
Table S1-00020,si,Table S1,1.0,composition,"{""batch"": ""3"", ""dataset"": ""lung_atlas"", ""field"": ""fraction_query_cells_label_supported_by_reference""}"
Table S1-00021,si,Table S1,"28,709",composition,"{""batch"": ""4"", ""dataset"": ""lung_atlas"", ""field"": ""n_reference""}"
Table S1-00022,si,Table S1,"3,763",composition,"{""batch"": ""4"", ""dataset"": ""lung_atlas"", ""field"": ""n_query""}"
Table S1-00023,si,Table S1,17,composition,"{""batch"": ""4"", ""dataset"": ""lung_atlas"", ""field"": ""n_celltypes_reference""}"
Table S1-00024,si,Table S1,12,composition,"{""batch"": ""4"", ""dataset"": ""lung_atlas"", ""field"": ""n_celltypes_query""}"
Table S1-00025,si,Table S1,1.0,composition,"{""batch"": ""4"", ""dataset"": ""lung_atlas"", ""field"": ""fraction_query_cells_label_supported_by_reference""}"
Table S1-00026,si,Table S1,"30,332",composition,"{""batch"": ""B1"", ""dataset"": ""lung_atlas"", ""field"": ""n_reference""}"
Table S1-00027,si,Table S1,"2,140",composition,"{""batch"": ""B1"", ""dataset"": ""lung_atlas"", ""field"": ""n_query""}"
Table S1-00028,si,Table S1,17,composition,"{""batch"": ""B1"", ""dataset"": ""lung_atlas"", ""field"": ""n_celltypes_reference""}"
Table S1-00029,si,Table S1,11,composition,"{""batch"": ""B1"", ""dataset"": ""lung_atlas"", ""field"": ""n_celltypes_query""}"
Table S1-00030,si,Table S1,1.0,composition,"{""batch"": ""B1"", ""dataset"": ""lung_atlas"", ""field"": ""fraction_query_cells_label_supported_by_reference""}"
Table S1-00031,si,Table S1,"15,744",composition,"{""batch"": ""fluidigmc1"", ""dataset"": ""pancreas"", ""field"": ""n_reference""}"
Table S1-00032,si,Table S1,638,composition,"{""batch"": ""fluidigmc1"", ""dataset"": ""pancreas"", ""field"": ""n_query""}"
Table S1-00033,si,Table S1,14,composition,"{""batch"": ""fluidigmc1"", ""dataset"": ""pancreas"", ""field"": ""n_celltypes_reference""}"
Table S1-00034,si,Table S1,13,composition,"{""batch"": ""fluidigmc1"", ""dataset"": ""pancreas"", ""field"": ""n_celltypes_query""}"
Table S1-00035,si,Table S1,1.0,composition,"{""batch"": ""fluidigmc1"", ""dataset"": ""pancreas"", ""field"": ""fraction_query_cells_label_supported_by_reference""}"
Table S1-00036,si,Table S1,"14,658",composition,"{""batch"": ""inDrop2"", ""dataset"": ""pancreas"", ""field"": ""n_reference""}"
Table S1-00037,si,Table S1,"1,724",composition,"{""batch"": ""inDrop2"", ""dataset"": ""pancreas"", ""field"": ""n_query""}"
Table S1-00038,si,Table S1,14,composition,"{""batch"": ""inDrop2"", ""dataset"": ""pancreas"", ""field"": ""n_celltypes_reference""}"
Table S1-00039,si,Table S1,14,composition,"{""batch"": ""inDrop2"", ""dataset"": ""pancreas"", ""field"": ""n_celltypes_query""}"
Table S1-00040,si,Table S1,1.0,composition,"{""batch"": ""inDrop2"", ""dataset"": ""pancreas"", ""field"": ""fraction_query_cells_label_supported_by_reference""}"
Table S1-00041,si,Table S1,"12,777",composition,"{""batch"": ""inDrop3"", ""dataset"": ""pancreas"", ""field"": ""n_reference""}"
Table S1-00042,si,Table S1,"3,605",composition,"{""batch"": ""inDrop3"", ""dataset"": ""pancreas"", ""field"": ""n_query""}"
Table S1-00043,si,Table S1,14,composition,"{""batch"": ""inDrop3"", ""dataset"": ""pancreas"", ""field"": ""n_celltypes_reference""}"
Table S1-00044,si,Table S1,14,composition,"{""batch"": ""inDrop3"", ""dataset"": ""pancreas"", ""field"": ""n_celltypes_query""}"
Table S1-00045,si,Table S1,1.0,composition,"{""batch"": ""inDrop3"", ""dataset"": ""pancreas"", ""field"": ""fraction_query_cells_label_supported_by_reference""}"
Table S1-00046,si,Table S1,"9,189",composition,"{""batch"": ""Batch1"", ""dataset"": ""simulation_1"", ""field"": ""n_reference""}"
Table S1-00047,si,Table S1,"2,908",composition,"{""batch"": ""Batch1"", ""dataset"": ""simulation_1"", ""field"": ""n_query""}"
Table S1-00048,si,Table S1,7,composition,"{""batch"": ""Batch1"", ""dataset"": ""simulation_1"", ""field"": ""n_celltypes_reference""}"
Table S1-00049,si,Table S1,6,composition,"{""batch"": ""Batch1"", ""dataset"": ""simulation_1"", ""field"": ""n_celltypes_query""}"
Table S1-00050,si,Table S1,1.0,composition,"{""batch"": ""Batch1"", ""dataset"": ""simulation_1"", ""field"": ""fraction_query_cells_label_supported_by_reference""}"
Table S1-00051,si,Table S1,"9,977",composition,"{""batch"": ""Batch3"", ""dataset"": ""simulation_1"", ""field"": ""n_reference""}"
Table S1-00052,si,Table S1,"2,120",composition,"{""batch"": ""Batch3"", ""dataset"": ""simulation_1"", ""field"": ""n_query""}"
Table S1-00053,si,Table S1,7,composition,"{""batch"": ""Batch3"", ""dataset"": ""simulation_1"", ""field"": ""n_celltypes_reference""}"
Table S1-00054,si,Table S1,5,composition,"{""batch"": ""Batch3"", ""dataset"": ""simulation_1"", ""field"": ""n_celltypes_query""}"
Table S1-00055,si,Table S1,1.0,composition,"{""batch"": ""Batch3"", ""dataset"": ""simulation_1"", ""field"": ""fraction_query_cells_label_supported_by_reference""}"
Table S1-00056,si,Table S1,"11,140",composition,"{""batch"": ""Batch6"", ""dataset"": ""simulation_1"", ""field"": ""n_reference""}"
Table S1-00057,si,Table S1,957,composition,"{""batch"": ""Batch6"", ""dataset"": ""simulation_1"", ""field"": ""n_query""}"
Table S1-00058,si,Table S1,7,composition,"{""batch"": ""Batch6"", ""dataset"": ""simulation_1"", ""field"": ""n_celltypes_reference""}"
Table S1-00059,si,Table S1,4,composition,"{""batch"": ""Batch6"", ""dataset"": ""simulation_1"", ""field"": ""n_celltypes_query""}"
Table S1-00060,si,Table S1,1.0,composition,"{""batch"": ""Batch6"", ""dataset"": ""simulation_1"", ""field"": ""fraction_query_cells_label_supported_by_reference""}"
Table S1-00061,si,Table S1,"18,108",composition,"{""batch"": ""Batch1Sub3"", ""dataset"": ""simulation_2"", ""field"": ""n_reference""}"
Table S1-00062,si,Table S1,"1,210",composition,"{""batch"": ""Batch1Sub3"", ""dataset"": ""simulation_2"", ""field"": ""n_query""}"
Table S1-00063,si,Table S1,4,composition,"{""batch"": ""Batch1Sub3"", ""dataset"": ""simulation_2"", ""field"": ""n_celltypes_reference""}"
Table S1-00064,si,Table S1,2,composition,"{""batch"": ""Batch1Sub3"", ""dataset"": ""simulation_2"", ""field"": ""n_celltypes_query""}"
Table S1-00065,si,Table S1,1.0,composition,"{""batch"": ""Batch1Sub3"", ""dataset"": ""simulation_2"", ""field"": ""fraction_query_cells_label_supported_by_reference""}"
Table S1-00066,si,Table S1,"17,388",composition,"{""batch"": ""Batch3Sub1"", ""dataset"": ""simulation_2"", ""field"": ""n_reference""}"
Table S1-00067,si,Table S1,"1,930",composition,"{""batch"": ""Batch3Sub1"", ""dataset"": ""simulation_2"", ""field"": ""n_query""}"
Table S1-00068,si,Table S1,4,composition,"{""batch"": ""Batch3Sub1"", ""dataset"": ""simulation_2"", ""field"": ""n_celltypes_reference""}"
Table S1-00069,si,Table S1,2,composition,"{""batch"": ""Batch3Sub1"", ""dataset"": ""simulation_2"", ""field"": ""n_celltypes_query""}"
Table S1-00070,si,Table S1,1.0,composition,"{""batch"": ""Batch3Sub1"", ""dataset"": ""simulation_2"", ""field"": ""fraction_query_cells_label_supported_by_reference""}"
Table S1-00071,si,Table S1,"18,833",composition,"{""batch"": ""Batch3Sub4"", ""dataset"": ""simulation_2"", ""field"": ""n_reference""}"
Table S1-00072,si,Table S1,485,composition,"{""batch"": ""Batch3Sub4"", ""dataset"": ""simulation_2"", ""field"": ""n_query""}"
Table S1-00073,si,Table S1,4,composition,"{""batch"": ""Batch3Sub4"", ""dataset"": ""simulation_2"", ""field"": ""n_celltypes_reference""}"
Table S1-00074,si,Table S1,1,composition,"{""batch"": ""Batch3Sub4"", ""dataset"": ""simulation_2"", ""field"": ""n_celltypes_query""}"
Table S1-00075,si,Table S1,1.0,composition,"{""batch"": ""Batch3Sub4"", ""dataset"": ""simulation_2"", ""field"": ""fraction_query_cells_label_supported_by_reference""}"
Table S3-00076,si,Table S3,5,batch,"{""batch"": ""10X"", ""block"": ""A"", ""dataset"": ""immune_cell_human"", ""dim"": 128, ""method"": ""solar_orthogonal"", ""metric"": ""macro_f1"", ""population"": ""query"", ""stat"": ""n""}"
Table S3-00077,si,Table S3,0.905,batch,"{""batch"": ""10X"", ""block"": ""A"", ""dataset"": ""immune_cell_human"", ""dim"": 128, ""method"": ""solar_orthogonal"", ""metric"": ""macro_f1"", ""population"": ""query"", ""stat"": ""mean""}"
Table S3-00078,si,Table S3,0.894,batch,"{""batch"": ""10X"", ""block"": ""A"", ""dataset"": ""immune_cell_human"", ""dim"": 128, ""method"": ""solar_orthogonal"", ""metric"": ""balanced_accuracy"", ""population"": ""query"", ""stat"": ""mean""}"
Table S3-00079,si,Table S3,0.004,batch,"{""batch"": ""10X"", ""block"": ""A"", ""dataset"": ""immune_cell_human"", ""dim"": 128, ""method"": ""solar_orthogonal"", ""metric"": ""macro_f1"", ""population"": ""query"", ""stat"": ""seed_sd""}"
Table S3-00080,si,Table S3,0.002,batch,"{""batch"": ""10X"", ""block"": ""A"", ""dataset"": ""immune_cell_human"", ""dim"": 128, ""method"": ""solar_orthogonal"", ""metric"": ""balanced_accuracy"", ""population"": ""query"", ""stat"": ""seed_sd""}"
Table S3-00081,si,Table S3,1,batch,"{""batch"": ""10X"", ""block"": ""A"", ""dataset"": ""immune_cell_human"", ""dim"": 40, ""method"": ""unintegrated_pca_matched"", ""metric"": ""macro_f1"", ""population"": ""query"", ""stat"": ""n""}"
Table S3-00082,si,Table S3,0.869,batch,"{""batch"": ""10X"", ""block"": ""A"", ""dataset"": ""immune_cell_human"", ""dim"": 40, ""method"": ""unintegrated_pca_matched"", ""metric"": ""macro_f1"", ""population"": ""query"", ""stat"": ""mean""}"
Table S3-00083,si,Table S3,0.852,batch,"{""batch"": ""10X"", ""block"": ""A"", ""dataset"": ""immune_cell_human"", ""dim"": 40, ""method"": ""unintegrated_pca_matched"", ""metric"": ""balanced_accuracy"", ""population"": ""query"", ""stat"": ""mean""}"
Table S3-00084,si,Table S3,–,batch,"{""batch"": ""10X"", ""block"": ""A"", ""dataset"": ""immune_cell_human"", ""dim"": 40, ""method"": ""unintegrated_pca_matched"", ""metric"": ""macro_f1"", ""population"": ""query"", ""stat"": ""seed_sd""}"
Table S3-00085,si,Table S3,–,batch,"{""batch"": ""10X"", ""block"": ""A"", ""dataset"": ""immune_cell_human"", ""dim"": 40, ""method"": ""unintegrated_pca_matched"", ""metric"": ""balanced_accuracy"", ""population"": ""query"", ""stat"": ""seed_sd""}"
Table S3-00086,si,Table S3,5,batch,"{""batch"": ""10X"", ""block"": ""A"", ""dataset"": ""immune_cell_human"", ""dim"": 30, ""method"": ""frozen_reference_scvi"", ""metric"": ""macro_f1"", ""population"": ""query"", ""stat"": ""n""}"
Table S3-00087,si,Table S3,0.857,batch,"{""batch"": ""10X"", ""block"": ""A"", ""dataset"": ""immune_cell_human"", ""dim"": 30, ""method"": ""frozen_reference_scvi"", ""metric"": ""macro_f1"", ""population"": ""query"", ""stat"": ""mean""}"
Table S3-00088,si,Table S3,0.862,batch,"{""batch"": ""10X"", ""block"": ""A"", ""dataset"": ""immune_cell_human"", ""dim"": 30, ""method"": ""frozen_reference_scvi"", ""metric"": ""balanced_accuracy"", ""population"": ""query"", ""stat"": ""mean""}"
Table S3-00089,si,Table S3,0.019,batch,"{""batch"": ""10X"", ""block"": ""A"", ""dataset"": ""immune_cell_human"", ""dim"": 30, ""method"": ""frozen_reference_scvi"", ""metric"": ""macro_f1"", ""population"": ""query"", ""stat"": ""seed_sd""}"
Table S3-00090,si,Table S3,0.016,batch,"{""batch"": ""10X"", ""block"": ""A"", ""dataset"": ""immune_cell_human"", ""dim"": 30, ""method"": ""frozen_reference_scvi"", ""metric"": ""balanced_accuracy"", ""population"": ""query"", ""stat"": ""seed_sd""}"
Table S3-00091,si,Table S3,5,batch,"{""batch"": ""10X"", ""block"": ""A"", ""dataset"": ""immune_cell_human"", ""dim"": 30, ""method"": ""frozen_reference_scanvi"", ""metric"": ""macro_f1"", ""population"": ""query"", ""stat"": ""n""}"
Table S3-00092,si,Table S3,0.895,batch,"{""batch"": ""10X"", ""block"": ""A"", ""dataset"": ""immune_cell_human"", ""dim"": 30, ""method"": ""frozen_reference_scanvi"", ""metric"": ""macro_f1"", ""population"": ""query"", ""stat"": ""mean""}"
Table S3-00093,si,Table S3,0.891,batch,"{""batch"": ""10X"", ""block"": ""A"", ""dataset"": ""immune_cell_human"", ""dim"": 30, ""method"": ""frozen_reference_scanvi"", ""metric"": ""balanced_accuracy"", ""population"": ""query"", ""stat"": ""mean""}"
Table S3-00094,si,Table S3,0.007,batch,"{""batch"": ""10X"", ""block"": ""A"", ""dataset"": ""immune_cell_human"", ""dim"": 30, ""method"": ""frozen_reference_scanvi"", ""metric"": ""macro_f1"", ""population"": ""query"", ""stat"": ""seed_sd""}"
Table S3-00095,si,Table S3,0.009,batch,"{""batch"": ""10X"", ""block"": ""A"", ""dataset"": ""immune_cell_human"", ""dim"": 30, ""method"": ""frozen_reference_scanvi"", ""metric"": ""balanced_accuracy"", ""population"": ""query"", ""stat"": ""seed_sd""}"
Table S3-00096,si,Table S3,5,batch,"{""batch"": ""10X"", ""block"": ""A"", ""dataset"": ""immune_cell_human"", ""dim"": 16, ""method"": ""sclsc_refonly"", ""metric"": ""macro_f1"", ""population"": ""query"", ""stat"": ""n""}"
Table S3-00097,si,Table S3,0.889,batch,"{""batch"": ""10X"", ""block"": ""A"", ""dataset"": ""immune_cell_human"", ""dim"": 16, ""method"": ""sclsc_refonly"", ""metric"": ""macro_f1"", ""population"": ""query"", ""stat"": ""mean""}"
Table S3-00098,si,Table S3,0.876,batch,"{""batch"": ""10X"", ""block"": ""A"", ""dataset"": ""immune_cell_human"", ""dim"": 16, ""method"": ""sclsc_refonly"", ""metric"": ""balanced_accuracy"", ""population"": ""query"", ""stat"": ""mean""}"
Table S3-00099,si,Table S3,0.006,batch,"{""batch"": ""10X"", ""block"": ""A"", ""dataset"": ""immune_cell_human"", ""dim"": 16, ""method"": ""sclsc_refonly"", ""metric"": ""macro_f1"", ""population"": ""query"", ""stat"": ""seed_sd""}"
Table S3-00100,si,Table S3,0.008,batch,"{""batch"": ""10X"", ""block"": ""A"", ""dataset"": ""immune_cell_human"", ""dim"": 16, ""method"": ""sclsc_refonly"", ""metric"": ""balanced_accuracy"", ""population"": ""query"", ""stat"": ""seed_sd""}"
Table S3-00101,si,Table S3,5,batch,"{""batch"": ""Oetjen_A"", ""block"": ""A"", ""dataset"": ""immune_cell_human"", ""dim"": 128, ""method"": ""solar_orthogonal"", ""metric"": ""macro_f1"", ""population"": ""query"", ""stat"": ""n""}"
Table S3-00102,si,Table S3,0.852,batch,"{""batch"": ""Oetjen_A"", ""block"": ""A"", ""dataset"": ""immune_cell_human"", ""dim"": 128, ""method"": ""solar_orthogonal"", ""metric"": ""macro_f1"", ""population"": ""query"", ""stat"": ""mean""}"
Table S3-00103,si,Table S3,0.876,batch,"{""batch"": ""Oetjen_A"", ""block"": ""A"", ""dataset"": ""immune_cell_human"", ""dim"": 128, ""method"": ""solar_orthogonal"", ""metric"": ""balanced_accuracy"", ""population"": ""query"", ""stat"": ""mean""}"
Table S3-00104,si,Table S3,0.003,batch,"{""batch"": ""Oetjen_A"", ""block"": ""A"", ""dataset"": ""immune_cell_human"", ""dim"": 128, ""method"": ""solar_orthogonal"", ""metric"": ""macro_f1"", ""population"": ""query"", ""stat"": ""seed_sd""}"
Table S3-00105,si,Table S3,0.004,batch,"{""batch"": ""Oetjen_A"", ""block"": ""A"", ""dataset"": ""immune_cell_human"", ""dim"": 128, ""method"": ""solar_orthogonal"", ""metric"": ""balanced_accuracy"", ""population"": ""query"", ""stat"": ""seed_sd""}"
Table S3-00106,si,Table S3,1,batch,"{""batch"": ""Oetjen_A"", ""block"": ""A"", ""dataset"": ""immune_cell_human"", ""dim"": 40, ""method"": ""unintegrated_pca_matched"", ""metric"": ""macro_f1"", ""population"": ""query"", ""stat"": ""n""}"
Table S3-00107,si,Table S3,0.878,batch,"{""batch"": ""Oetjen_A"", ""block"": ""A"", ""dataset"": ""immune_cell_human"", ""dim"": 40, ""method"": ""unintegrated_pca_matched"", ""metric"": ""macro_f1"", ""population"": ""query"", ""stat"": ""mean""}"
Table S3-00108,si,Table S3,0.891,batch,"{""batch"": ""Oetjen_A"", ""block"": ""A"", ""dataset"": ""immune_cell_human"", ""dim"": 40, ""method"": ""unintegrated_pca_matched"", ""metric"": ""balanced_accuracy"", ""population"": ""query"", ""stat"": ""mean""}"
Table S3-00109,si,Table S3,–,batch,"{""batch"": ""Oetjen_A"", ""block"": ""A"", ""dataset"": ""immune_cell_human"", ""dim"": 40, ""method"": ""unintegrated_pca_matched"", ""metric"": ""macro_f1"", ""population"": ""query"", ""stat"": ""seed_sd""}"
Table S3-00110,si,Table S3,–,batch,"{""batch"": ""Oetjen_A"", ""block"": ""A"", ""dataset"": ""immune_cell_human"", ""dim"": 40, ""method"": ""unintegrated_pca_matched"", ""metric"": ""balanced_accuracy"", ""population"": ""query"", ""stat"": ""seed_sd""}"
Table S3-00111,si,Table S3,5,batch,"{""batch"": ""Oetjen_A"", ""block"": ""A"", ""dataset"": ""immune_cell_human"", ""dim"": 30, ""method"": ""frozen_reference_scvi"", ""metric"": ""macro_f1"", ""population"": ""query"", ""stat"": ""n""}"
Table S3-00112,si,Table S3,0.848,batch,"{""batch"": ""Oetjen_A"", ""block"": ""A"", ""dataset"": ""immune_cell_human"", ""dim"": 30, ""method"": ""frozen_reference_scvi"", ""metric"": ""macro_f1"", ""population"": ""query"", ""stat"": ""mean""}"
Table S3-00113,si,Table S3,0.884,batch,"{""batch"": ""Oetjen_A"", ""block"": ""A"", ""dataset"": ""immune_cell_human"", ""dim"": 30, ""method"": ""frozen_reference_scvi"", ""metric"": ""balanced_accuracy"", ""population"": ""query"", ""stat"": ""mean""}"
Table S3-00114,si,Table S3,0.004,batch,"{""batch"": ""Oetjen_A"", ""block"": ""A"", ""dataset"": ""immune_cell_human"", ""dim"": 30, ""method"": ""frozen_reference_scvi"", ""metric"": ""macro_f1"", ""population"": ""query"", ""stat"": ""seed_sd""}"
Table S3-00115,si,Table S3,0.002,batch,"{""batch"": ""Oetjen_A"", ""block"": ""A"", ""dataset"": ""immune_cell_human"", ""dim"": 30, ""method"": ""frozen_reference_scvi"", ""metric"": ""balanced_accuracy"", ""population"": ""query"", ""stat"": ""seed_sd""}"
Table S3-00116,si,Table S3,5,batch,"{""batch"": ""Oetjen_A"", ""block"": ""A"", ""dataset"": ""immune_cell_human"", ""dim"": 30, ""method"": ""frozen_reference_scanvi"", ""metric"": ""macro_f1"", ""population"": ""query"", ""stat"": ""n""}"
Table S3-00117,si,Table S3,0.849,batch,"{""batch"": ""Oetjen_A"", ""block"": ""A"", ""dataset"": ""immune_cell_human"", ""dim"": 30, ""method"": ""frozen_reference_scanvi"", ""metric"": ""macro_f1"", ""population"": ""query"", ""stat"": ""mean""}"
Table S3-00118,si,Table S3,0.890,batch,"{""batch"": ""Oetjen_A"", ""block"": ""A"", ""dataset"": ""immune_cell_human"", ""dim"": 30, ""method"": ""frozen_reference_scanvi"", ""metric"": ""balanced_accuracy"", ""population"": ""query"", ""stat"": ""mean""}"
Table S3-00119,si,Table S3,0.008,batch,"{""batch"": ""Oetjen_A"", ""block"": ""A"", ""dataset"": ""immune_cell_human"", ""dim"": 30, ""method"": ""frozen_reference_scanvi"", ""metric"": ""macro_f1"", ""population"": ""query"", ""stat"": ""seed_sd""}"
Table S3-00120,si,Table S3,0.006,batch,"{""batch"": ""Oetjen_A"", ""block"": ""A"", ""dataset"": ""immune_cell_human"", ""dim"": 30, ""method"": ""frozen_reference_scanvi"", ""metric"": ""balanced_accuracy"", ""population"": ""query"", ""stat"": ""seed_sd""}"
Table S3-00121,si,Table S3,5,batch,"{""batch"": ""Oetjen_A"", ""block"": ""A"", ""dataset"": ""immune_cell_human"", ""dim"": 16, ""method"": ""sclsc_refonly"", ""metric"": ""macro_f1"", ""population"": ""query"", ""stat"": ""n""}"
Table S3-00122,si,Table S3,0.841,batch,"{""batch"": ""Oetjen_A"", ""block"": ""A"", ""dataset"": ""immune_cell_human"", ""dim"": 16, ""method"": ""sclsc_refonly"", ""metric"": ""macro_f1"", ""population"": ""query"", ""stat"": ""mean""}"
Table S3-00123,si,Table S3,0.880,batch,"{""batch"": ""Oetjen_A"", ""block"": ""A"", ""dataset"": ""immune_cell_human"", ""dim"": 16, ""method"": ""sclsc_refonly"", ""metric"": ""balanced_accuracy"", ""population"": ""query"", ""stat"": ""mean""}"
Table S3-00124,si,Table S3,0.002,batch,"{""batch"": ""Oetjen_A"", ""block"": ""A"", ""dataset"": ""immune_cell_human"", ""dim"": 16, ""method"": ""sclsc_refonly"", ""metric"": ""macro_f1"", ""population"": ""query"", ""stat"": ""seed_sd""}"
Table S3-00125,si,Table S3,0.004,batch,"{""batch"": ""Oetjen_A"", ""block"": ""A"", ""dataset"": ""immune_cell_human"", ""dim"": 16, ""method"": ""sclsc_refonly"", ""metric"": ""balanced_accuracy"", ""population"": ""query"", ""stat"": ""seed_sd""}"
Table S3-00126,si,Table S3,5,batch,"{""batch"": ""Villani"", ""block"": ""A"", ""dataset"": ""immune_cell_human"", ""dim"": 128, ""method"": ""solar_orthogonal"", ""metric"": ""macro_f1"", ""population"": ""query"", ""stat"": ""n""}"
Table S3-00127,si,Table S3,0.549,batch,"{""batch"": ""Villani"", ""block"": ""A"", ""dataset"": ""immune_cell_human"", ""dim"": 128, ""method"": ""solar_orthogonal"", ""metric"": ""macro_f1"", ""population"": ""query"", ""stat"": ""mean""}"
Table S3-00128,si,Table S3,0.637,batch,"{""batch"": ""Villani"", ""block"": ""A"", ""dataset"": ""immune_cell_human"", ""dim"": 128, ""method"": ""solar_orthogonal"", ""metric"": ""balanced_accuracy"", ""population"": ""query"", ""stat"": ""mean""}"
Table S3-00129,si,Table S3,0.018,batch,"{""batch"": ""Villani"", ""block"": ""A"", ""dataset"": ""immune_cell_human"", ""dim"": 128, ""method"": ""solar_orthogonal"", ""metric"": ""macro_f1"", ""population"": ""query"", ""stat"": ""seed_sd""}"
Table S3-00130,si,Table S3,0.012,batch,"{""batch"": ""Villani"", ""block"": ""A"", ""dataset"": ""immune_cell_human"", ""dim"": 128, ""method"": ""solar_orthogonal"", ""metric"": ""balanced_accuracy"", ""population"": ""query"", ""stat"": ""seed_sd""}"
Table S3-00131,si,Table S3,1,batch,"{""batch"": ""Villani"", ""block"": ""A"", ""dataset"": ""immune_cell_human"", ""dim"": 40, ""method"": ""unintegrated_pca_matched"", ""metric"": ""macro_f1"", ""population"": ""query"", ""stat"": ""n""}"
Table S3-00132,si,Table S3,0.463,batch,"{""batch"": ""Villani"", ""block"": ""A"", ""dataset"": ""immune_cell_human"", ""dim"": 40, ""method"": ""unintegrated_pca_matched"", ""metric"": ""macro_f1"", ""population"": ""query"", ""stat"": ""mean""}"
Table S3-00133,si,Table S3,0.574,batch,"{""batch"": ""Villani"", ""block"": ""A"", ""dataset"": ""immune_cell_human"", ""dim"": 40, ""method"": ""unintegrated_pca_matched"", ""metric"": ""balanced_accuracy"", ""population"": ""query"", ""stat"": ""mean""}"
Table S3-00134,si,Table S3,–,batch,"{""batch"": ""Villani"", ""block"": ""A"", ""dataset"": ""immune_cell_human"", ""dim"": 40, ""method"": ""unintegrated_pca_matched"", ""metric"": ""macro_f1"", ""population"": ""query"", ""stat"": ""seed_sd""}"
Table S3-00135,si,Table S3,–,batch,"{""batch"": ""Villani"", ""block"": ""A"", ""dataset"": ""immune_cell_human"", ""dim"": 40, ""method"": ""unintegrated_pca_matched"", ""metric"": ""balanced_accuracy"", ""population"": ""query"", ""stat"": ""seed_sd""}"
Table S3-00136,si,Table S3,5,batch,"{""batch"": ""Villani"", ""block"": ""A"", ""dataset"": ""immune_cell_human"", ""dim"": 30, ""method"": ""frozen_reference_scvi"", ""metric"": ""macro_f1"", ""population"": ""query"", ""stat"": ""n""}"
Table S3-00137,si,Table S3,0.705,batch,"{""batch"": ""Villani"", ""block"": ""A"", ""dataset"": ""immune_cell_human"", ""dim"": 30, ""method"": ""frozen_reference_scvi"", ""metric"": ""macro_f1"", ""population"": ""query"", ""stat"": ""mean""}"
Table S3-00138,si,Table S3,0.762,batch,"{""batch"": ""Villani"", ""block"": ""A"", ""dataset"": ""immune_cell_human"", ""dim"": 30, ""method"": ""frozen_reference_scvi"", ""metric"": ""balanced_accuracy"", ""population"": ""query"", ""stat"": ""mean""}"
Table S3-00139,si,Table S3,0.032,batch,"{""batch"": ""Villani"", ""block"": ""A"", ""dataset"": ""immune_cell_human"", ""dim"": 30, ""method"": ""frozen_reference_scvi"", ""metric"": ""macro_f1"", ""population"": ""query"", ""stat"": ""seed_sd""}"
Table S3-00140,si,Table S3,0.030,batch,"{""batch"": ""Villani"", ""block"": ""A"", ""dataset"": ""immune_cell_human"", ""dim"": 30, ""method"": ""frozen_reference_scvi"", ""metric"": ""balanced_accuracy"", ""population"": ""query"", ""stat"": ""seed_sd""}"
Table S3-00141,si,Table S3,5,batch,"{""batch"": ""Villani"", ""block"": ""A"", ""dataset"": ""immune_cell_human"", ""dim"": 30, ""method"": ""frozen_reference_scanvi"", ""metric"": ""macro_f1"", ""population"": ""query"", ""stat"": ""n""}"
Table S3-00142,si,Table S3,0.684,batch,"{""batch"": ""Villani"", ""block"": ""A"", ""dataset"": ""immune_cell_human"", ""dim"": 30, ""method"": ""frozen_reference_scanvi"", ""metric"": ""macro_f1"", ""population"": ""query"", ""stat"": ""mean""}"
Table S3-00143,si,Table S3,0.740,batch,"{""batch"": ""Villani"", ""block"": ""A"", ""dataset"": ""immune_cell_human"", ""dim"": 30, ""method"": ""frozen_reference_scanvi"", ""metric"": ""balanced_accuracy"", ""population"": ""query"", ""stat"": ""mean""}"
Table S3-00144,si,Table S3,0.018,batch,"{""batch"": ""Villani"", ""block"": ""A"", ""dataset"": ""immune_cell_human"", ""dim"": 30, ""method"": ""frozen_reference_scanvi"", ""metric"": ""macro_f1"", ""population"": ""query"", ""stat"": ""seed_sd""}"
Table S3-00145,si,Table S3,0.016,batch,"{""batch"": ""Villani"", ""block"": ""A"", ""dataset"": ""immune_cell_human"", ""dim"": 30, ""method"": ""frozen_reference_scanvi"", ""metric"": ""balanced_accuracy"", ""population"": ""query"", ""stat"": ""seed_sd""}"
Table S3-00146,si,Table S3,5,batch,"{""batch"": ""Villani"", ""block"": ""A"", ""dataset"": ""immune_cell_human"", ""dim"": 16, ""method"": ""sclsc_refonly"", ""metric"": ""macro_f1"", ""population"": ""query"", ""stat"": ""n""}"
Table S3-00147,si,Table S3,0.665,batch,"{""batch"": ""Villani"", ""block"": ""A"", ""dataset"": ""immune_cell_human"", ""dim"": 16, ""method"": ""sclsc_refonly"", ""metric"": ""macro_f1"", ""population"": ""query"", ""stat"": ""mean""}"
Table S3-00148,si,Table S3,0.723,batch,"{""batch"": ""Villani"", ""block"": ""A"", ""dataset"": ""immune_cell_human"", ""dim"": 16, ""method"": ""sclsc_refonly"", ""metric"": ""balanced_accuracy"", ""population"": ""query"", ""stat"": ""mean""}"
Table S3-00149,si,Table S3,0.049,batch,"{""batch"": ""Villani"", ""block"": ""A"", ""dataset"": ""immune_cell_human"", ""dim"": 16, ""method"": ""sclsc_refonly"", ""metric"": ""macro_f1"", ""population"": ""query"", ""stat"": ""seed_sd""}"
Table S3-00150,si,Table S3,0.041,batch,"{""batch"": ""Villani"", ""block"": ""A"", ""dataset"": ""immune_cell_human"", ""dim"": 16, ""method"": ""sclsc_refonly"", ""metric"": ""balanced_accuracy"", ""population"": ""query"", ""stat"": ""seed_sd""}"
Table S3-00151,si,Table S3,5,batch,"{""batch"": ""3"", ""block"": ""A"", ""dataset"": ""lung_atlas"", ""dim"": 128, ""method"": ""solar_orthogonal"", ""metric"": ""macro_f1"", ""population"": ""query"", ""stat"": ""n""}"
Table S3-00152,si,Table S3,0.886,batch,"{""batch"": ""3"", ""block"": ""A"", ""dataset"": ""lung_atlas"", ""dim"": 128, ""method"": ""solar_orthogonal"", ""metric"": ""macro_f1"", ""population"": ""query"", ""stat"": ""mean""}"
Table S3-00153,si,Table S3,0.893,batch,"{""batch"": ""3"", ""block"": ""A"", ""dataset"": ""lung_atlas"", ""dim"": 128, ""method"": ""solar_orthogonal"", ""metric"": ""balanced_accuracy"", ""population"": ""query"", ""stat"": ""mean""}"
Table S3-00154,si,Table S3,0.007,batch,"{""batch"": ""3"", ""block"": ""A"", ""dataset"": ""lung_atlas"", ""dim"": 128, ""method"": ""solar_orthogonal"", ""metric"": ""macro_f1"", ""population"": ""query"", ""stat"": ""seed_sd""}"
Table S3-00155,si,Table S3,0.007,batch,"{""batch"": ""3"", ""block"": ""A"", ""dataset"": ""lung_atlas"", ""dim"": 128, ""method"": ""solar_orthogonal"", ""metric"": ""balanced_accuracy"", ""population"": ""query"", ""stat"": ""seed_sd""}"
Table S3-00156,si,Table S3,1,batch,"{""batch"": ""3"", ""block"": ""A"", ""dataset"": ""lung_atlas"", ""dim"": 40, ""method"": ""unintegrated_pca_matched"", ""metric"": ""macro_f1"", ""population"": ""query"", ""stat"": ""n""}"
Table S3-00157,si,Table S3,0.828,batch,"{""batch"": ""3"", ""block"": ""A"", ""dataset"": ""lung_atlas"", ""dim"": 40, ""method"": ""unintegrated_pca_matched"", ""metric"": ""macro_f1"", ""population"": ""query"", ""stat"": ""mean""}"
Table S3-00158,si,Table S3,0.864,batch,"{""batch"": ""3"", ""block"": ""A"", ""dataset"": ""lung_atlas"", ""dim"": 40, ""method"": ""unintegrated_pca_matched"", ""metric"": ""balanced_accuracy"", ""population"": ""query"", ""stat"": ""mean""}"
Table S3-00159,si,Table S3,–,batch,"{""batch"": ""3"", ""block"": ""A"", ""dataset"": ""lung_atlas"", ""dim"": 40, ""method"": ""unintegrated_pca_matched"", ""metric"": ""macro_f1"", ""population"": ""query"", ""stat"": ""seed_sd""}"
Table S3-00160,si,Table S3,–,batch,"{""batch"": ""3"", ""block"": ""A"", ""dataset"": ""lung_atlas"", ""dim"": 40, ""method"": ""unintegrated_pca_matched"", ""metric"": ""balanced_accuracy"", ""population"": ""query"", ""stat"": ""seed_sd""}"
Table S3-00161,si,Table S3,5,batch,"{""batch"": ""3"", ""block"": ""A"", ""dataset"": ""lung_atlas"", ""dim"": 30, ""method"": ""frozen_reference_scvi"", ""metric"": ""macro_f1"", ""population"": ""query"", ""stat"": ""n""}"
Table S3-00162,si,Table S3,0.792,batch,"{""batch"": ""3"", ""block"": ""A"", ""dataset"": ""lung_atlas"", ""dim"": 30, ""method"": ""frozen_reference_scvi"", ""metric"": ""macro_f1"", ""population"": ""query"", ""stat"": ""mean""}"
Table S3-00163,si,Table S3,0.835,batch,"{""batch"": ""3"", ""block"": ""A"", ""dataset"": ""lung_atlas"", ""dim"": 30, ""method"": ""frozen_reference_scvi"", ""metric"": ""balanced_accuracy"", ""population"": ""query"", ""stat"": ""mean""}"
Table S3-00164,si,Table S3,0.012,batch,"{""batch"": ""3"", ""block"": ""A"", ""dataset"": ""lung_atlas"", ""dim"": 30, ""method"": ""frozen_reference_scvi"", ""metric"": ""macro_f1"", ""population"": ""query"", ""stat"": ""seed_sd""}"
Table S3-00165,si,Table S3,0.012,batch,"{""batch"": ""3"", ""block"": ""A"", ""dataset"": ""lung_atlas"", ""dim"": 30, ""method"": ""frozen_reference_scvi"", ""metric"": ""balanced_accuracy"", ""population"": ""query"", ""stat"": ""seed_sd""}"
Table S3-00166,si,Table S3,5,batch,"{""batch"": ""3"", ""block"": ""A"", ""dataset"": ""lung_atlas"", ""dim"": 30, ""method"": ""frozen_reference_scanvi"", ""metric"": ""macro_f1"", ""population"": ""query"", ""stat"": ""n""}"
Table S3-00167,si,Table S3,0.844,batch,"{""batch"": ""3"", ""block"": ""A"", ""dataset"": ""lung_atlas"", ""dim"": 30, ""method"": ""frozen_reference_scanvi"", ""metric"": ""macro_f1"", ""population"": ""query"", ""stat"": ""mean""}"
Table S3-00168,si,Table S3,0.864,batch,"{""batch"": ""3"", ""block"": ""A"", ""dataset"": ""lung_atlas"", ""dim"": 30, ""method"": ""frozen_reference_scanvi"", ""metric"": ""balanced_accuracy"", ""population"": ""query"", ""stat"": ""mean""}"
Table S3-00169,si,Table S3,0.020,batch,"{""batch"": ""3"", ""block"": ""A"", ""dataset"": ""lung_atlas"", ""dim"": 30, ""method"": ""frozen_reference_scanvi"", ""metric"": ""macro_f1"", ""population"": ""query"", ""stat"": ""seed_sd""}"
Table S3-00170,si,Table S3,0.017,batch,"{""batch"": ""3"", ""block"": ""A"", ""dataset"": ""lung_atlas"", ""dim"": 30, ""method"": ""frozen_reference_scanvi"", ""metric"": ""balanced_accuracy"", ""population"": ""query"", ""stat"": ""seed_sd""}"
Table S3-00171,si,Table S3,5,batch,"{""batch"": ""3"", ""block"": ""A"", ""dataset"": ""lung_atlas"", ""dim"": 16, ""method"": ""sclsc_refonly"", ""metric"": ""macro_f1"", ""population"": ""query"", ""stat"": ""n""}"
Table S3-00172,si,Table S3,0.843,batch,"{""batch"": ""3"", ""block"": ""A"", ""dataset"": ""lung_atlas"", ""dim"": 16, ""method"": ""sclsc_refonly"", ""metric"": ""macro_f1"", ""population"": ""query"", ""stat"": ""mean""}"
Table S3-00173,si,Table S3,0.863,batch,"{""batch"": ""3"", ""block"": ""A"", ""dataset"": ""lung_atlas"", ""dim"": 16, ""method"": ""sclsc_refonly"", ""metric"": ""balanced_accuracy"", ""population"": ""query"", ""stat"": ""mean""}"
Table S3-00174,si,Table S3,0.019,batch,"{""batch"": ""3"", ""block"": ""A"", ""dataset"": ""lung_atlas"", ""dim"": 16, ""method"": ""sclsc_refonly"", ""metric"": ""macro_f1"", ""population"": ""query"", ""stat"": ""seed_sd""}"
Table S3-00175,si,Table S3,0.016,batch,"{""batch"": ""3"", ""block"": ""A"", ""dataset"": ""lung_atlas"", ""dim"": 16, ""method"": ""sclsc_refonly"", ""metric"": ""balanced_accuracy"", ""population"": ""query"", ""stat"": ""seed_sd""}"
Table S3-00176,si,Table S3,5,batch,"{""batch"": ""4"", ""block"": ""A"", ""dataset"": ""lung_atlas"", ""dim"": 128, ""method"": ""solar_orthogonal"", ""metric"": ""macro_f1"", ""population"": ""query"", ""stat"": ""n""}"
Table S3-00177,si,Table S3,0.754,batch,"{""batch"": ""4"", ""block"": ""A"", ""dataset"": ""lung_atlas"", ""dim"": 128, ""method"": ""solar_orthogonal"", ""metric"": ""macro_f1"", ""population"": ""query"", ""stat"": ""mean""}"
Table S3-00178,si,Table S3,0.849,batch,"{""batch"": ""4"", ""block"": ""A"", ""dataset"": ""lung_atlas"", ""dim"": 128, ""method"": ""solar_orthogonal"", ""metric"": ""balanced_accuracy"", ""population"": ""query"", ""stat"": ""mean""}"
Table S3-00179,si,Table S3,0.024,batch,"{""batch"": ""4"", ""block"": ""A"", ""dataset"": ""lung_atlas"", ""dim"": 128, ""method"": ""solar_orthogonal"", ""metric"": ""macro_f1"", ""population"": ""query"", ""stat"": ""seed_sd""}"
Table S3-00180,si,Table S3,0.021,batch,"{""batch"": ""4"", ""block"": ""A"", ""dataset"": ""lung_atlas"", ""dim"": 128, ""method"": ""solar_orthogonal"", ""metric"": ""balanced_accuracy"", ""population"": ""query"", ""stat"": ""seed_sd""}"
Table S3-00181,si,Table S3,1,batch,"{""batch"": ""4"", ""block"": ""A"", ""dataset"": ""lung_atlas"", ""dim"": 40, ""method"": ""unintegrated_pca_matched"", ""metric"": ""macro_f1"", ""population"": ""query"", ""stat"": ""n""}"
Table S3-00182,si,Table S3,0.746,batch,"{""batch"": ""4"", ""block"": ""A"", ""dataset"": ""lung_atlas"", ""dim"": 40, ""method"": ""unintegrated_pca_matched"", ""metric"": ""macro_f1"", ""population"": ""query"", ""stat"": ""mean""}"
Table S3-00183,si,Table S3,0.856,batch,"{""batch"": ""4"", ""block"": ""A"", ""dataset"": ""lung_atlas"", ""dim"": 40, ""method"": ""unintegrated_pca_matched"", ""metric"": ""balanced_accuracy"", ""population"": ""query"", ""stat"": ""mean""}"
Table S3-00184,si,Table S3,–,batch,"{""batch"": ""4"", ""block"": ""A"", ""dataset"": ""lung_atlas"", ""dim"": 40, ""method"": ""unintegrated_pca_matched"", ""metric"": ""macro_f1"", ""population"": ""query"", ""stat"": ""seed_sd""}"
Table S3-00185,si,Table S3,–,batch,"{""batch"": ""4"", ""block"": ""A"", ""dataset"": ""lung_atlas"", ""dim"": 40, ""method"": ""unintegrated_pca_matched"", ""metric"": ""balanced_accuracy"", ""population"": ""query"", ""stat"": ""seed_sd""}"
Table S3-00186,si,Table S3,5,batch,"{""batch"": ""4"", ""block"": ""A"", ""dataset"": ""lung_atlas"", ""dim"": 30, ""method"": ""frozen_reference_scvi"", ""metric"": ""macro_f1"", ""population"": ""query"", ""stat"": ""n""}"
Table S3-00187,si,Table S3,0.619,batch,"{""batch"": ""4"", ""block"": ""A"", ""dataset"": ""lung_atlas"", ""dim"": 30, ""method"": ""frozen_reference_scvi"", ""metric"": ""macro_f1"", ""population"": ""query"", ""stat"": ""mean""}"
Table S3-00188,si,Table S3,0.793,batch,"{""batch"": ""4"", ""block"": ""A"", ""dataset"": ""lung_atlas"", ""dim"": 30, ""method"": ""frozen_reference_scvi"", ""metric"": ""balanced_accuracy"", ""population"": ""query"", ""stat"": ""mean""}"
Table S3-00189,si,Table S3,0.012,batch,"{""batch"": ""4"", ""block"": ""A"", ""dataset"": ""lung_atlas"", ""dim"": 30, ""method"": ""frozen_reference_scvi"", ""metric"": ""macro_f1"", ""population"": ""query"", ""stat"": ""seed_sd""}"
Table S3-00190,si,Table S3,0.026,batch,"{""batch"": ""4"", ""block"": ""A"", ""dataset"": ""lung_atlas"", ""dim"": 30, ""method"": ""frozen_reference_scvi"", ""metric"": ""balanced_accuracy"", ""population"": ""query"", ""stat"": ""seed_sd""}"
Table S3-00191,si,Table S3,5,batch,"{""batch"": ""4"", ""block"": ""A"", ""dataset"": ""lung_atlas"", ""dim"": 30, ""method"": ""frozen_reference_scanvi"", ""metric"": ""macro_f1"", ""population"": ""query"", ""stat"": ""n""}"
Table S3-00192,si,Table S3,0.699,batch,"{""batch"": ""4"", ""block"": ""A"", ""dataset"": ""lung_atlas"", ""dim"": 30, ""method"": ""frozen_reference_scanvi"", ""metric"": ""macro_f1"", ""population"": ""query"", ""stat"": ""mean""}"
Table S3-00193,si,Table S3,0.864,batch,"{""batch"": ""4"", ""block"": ""A"", ""dataset"": ""lung_atlas"", ""dim"": 30, ""method"": ""frozen_reference_scanvi"", ""metric"": ""balanced_accuracy"", ""population"": ""query"", ""stat"": ""mean""}"
Table S3-00194,si,Table S3,0.028,batch,"{""batch"": ""4"", ""block"": ""A"", ""dataset"": ""lung_atlas"", ""dim"": 30, ""method"": ""frozen_reference_scanvi"", ""metric"": ""macro_f1"", ""population"": ""query"", ""stat"": ""seed_sd""}"
Table S3-00195,si,Table S3,0.012,batch,"{""batch"": ""4"", ""block"": ""A"", ""dataset"": ""lung_atlas"", ""dim"": 30, ""method"": ""frozen_reference_scanvi"", ""metric"": ""balanced_accuracy"", ""population"": ""query"", ""stat"": ""seed_sd""}"
Table S3-00196,si,Table S3,5,batch,"{""batch"": ""4"", ""block"": ""A"", ""dataset"": ""lung_atlas"", ""dim"": 16, ""method"": ""sclsc_refonly"", ""metric"": ""macro_f1"", ""population"": ""query"", ""stat"": ""n""}"
Table S3-00197,si,Table S3,0.729,batch,"{""batch"": ""4"", ""block"": ""A"", ""dataset"": ""lung_atlas"", ""dim"": 16, ""method"": ""sclsc_refonly"", ""metric"": ""macro_f1"", ""population"": ""query"", ""stat"": ""mean""}"
Table S3-00198,si,Table S3,0.850,batch,"{""batch"": ""4"", ""block"": ""A"", ""dataset"": ""lung_atlas"", ""dim"": 16, ""method"": ""sclsc_refonly"", ""metric"": ""balanced_accuracy"", ""population"": ""query"", ""stat"": ""mean""}"
Table S3-00199,si,Table S3,0.024,batch,"{""batch"": ""4"", ""block"": ""A"", ""dataset"": ""lung_atlas"", ""dim"": 16, ""method"": ""sclsc_refonly"", ""metric"": ""macro_f1"", ""population"": ""query"", ""stat"": ""seed_sd""}"
Table S3-00200,si,Table S3,0.021,batch,"{""batch"": ""4"", ""block"": ""A"", ""dataset"": ""lung_atlas"", ""dim"": 16, ""method"": ""sclsc_refonly"", ""metric"": ""balanced_accuracy"", ""population"": ""query"", ""stat"": ""seed_sd""}"
Table S3-00201,si,Table S3,5,batch,"{""batch"": ""B1"", ""block"": ""A"", ""dataset"": ""lung_atlas"", ""dim"": 128, ""method"": ""solar_orthogonal"", ""metric"": ""macro_f1"", ""population"": ""query"", ""stat"": ""n""}"
Table S3-00202,si,Table S3,0.879,batch,"{""batch"": ""B1"", ""block"": ""A"", ""dataset"": ""lung_atlas"", ""dim"": 128, ""method"": ""solar_orthogonal"", ""metric"": ""macro_f1"", ""population"": ""query"", ""stat"": ""mean""}"
Table S3-00203,si,Table S3,0.881,batch,"{""batch"": ""B1"", ""block"": ""A"", ""dataset"": ""lung_atlas"", ""dim"": 128, ""method"": ""solar_orthogonal"", ""metric"": ""balanced_accuracy"", ""population"": ""query"", ""stat"": ""mean""}"
Table S3-00204,si,Table S3,0.014,batch,"{""batch"": ""B1"", ""block"": ""A"", ""dataset"": ""lung_atlas"", ""dim"": 128, ""method"": ""solar_orthogonal"", ""metric"": ""macro_f1"", ""population"": ""query"", ""stat"": ""seed_sd""}"
Table S3-00205,si,Table S3,0.021,batch,"{""batch"": ""B1"", ""block"": ""A"", ""dataset"": ""lung_atlas"", ""dim"": 128, ""method"": ""solar_orthogonal"", ""metric"": ""balanced_accuracy"", ""population"": ""query"", ""stat"": ""seed_sd""}"
Table S3-00206,si,Table S3,1,batch,"{""batch"": ""B1"", ""block"": ""A"", ""dataset"": ""lung_atlas"", ""dim"": 40, ""method"": ""unintegrated_pca_matched"", ""metric"": ""macro_f1"", ""population"": ""query"", ""stat"": ""n""}"
Table S3-00207,si,Table S3,0.840,batch,"{""batch"": ""B1"", ""block"": ""A"", ""dataset"": ""lung_atlas"", ""dim"": 40, ""method"": ""unintegrated_pca_matched"", ""metric"": ""macro_f1"", ""population"": ""query"", ""stat"": ""mean""}"
Table S3-00208,si,Table S3,0.851,batch,"{""batch"": ""B1"", ""block"": ""A"", ""dataset"": ""lung_atlas"", ""dim"": 40, ""method"": ""unintegrated_pca_matched"", ""metric"": ""balanced_accuracy"", ""population"": ""query"", ""stat"": ""mean""}"
Table S3-00209,si,Table S3,–,batch,"{""batch"": ""B1"", ""block"": ""A"", ""dataset"": ""lung_atlas"", ""dim"": 40, ""method"": ""unintegrated_pca_matched"", ""metric"": ""macro_f1"", ""population"": ""query"", ""stat"": ""seed_sd""}"
Table S3-00210,si,Table S3,–,batch,"{""batch"": ""B1"", ""block"": ""A"", ""dataset"": ""lung_atlas"", ""dim"": 40, ""method"": ""unintegrated_pca_matched"", ""metric"": ""balanced_accuracy"", ""population"": ""query"", ""stat"": ""seed_sd""}"
Table S3-00211,si,Table S3,5,batch,"{""batch"": ""B1"", ""block"": ""A"", ""dataset"": ""lung_atlas"", ""dim"": 30, ""method"": ""frozen_reference_scvi"", ""metric"": ""macro_f1"", ""population"": ""query"", ""stat"": ""n""}"
Table S3-00212,si,Table S3,0.810,batch,"{""batch"": ""B1"", ""block"": ""A"", ""dataset"": ""lung_atlas"", ""dim"": 30, ""method"": ""frozen_reference_scvi"", ""metric"": ""macro_f1"", ""population"": ""query"", ""stat"": ""mean""}"
Table S3-00213,si,Table S3,0.837,batch,"{""batch"": ""B1"", ""block"": ""A"", ""dataset"": ""lung_atlas"", ""dim"": 30, ""method"": ""frozen_reference_scvi"", ""metric"": ""balanced_accuracy"", ""population"": ""query"", ""stat"": ""mean""}"
Table S3-00214,si,Table S3,0.005,batch,"{""batch"": ""B1"", ""block"": ""A"", ""dataset"": ""lung_atlas"", ""dim"": 30, ""method"": ""frozen_reference_scvi"", ""metric"": ""macro_f1"", ""population"": ""query"", ""stat"": ""seed_sd""}"
Table S3-00215,si,Table S3,0.011,batch,"{""batch"": ""B1"", ""block"": ""A"", ""dataset"": ""lung_atlas"", ""dim"": 30, ""method"": ""frozen_reference_scvi"", ""metric"": ""balanced_accuracy"", ""population"": ""query"", ""stat"": ""seed_sd""}"
Table S3-00216,si,Table S3,5,batch,"{""batch"": ""B1"", ""block"": ""A"", ""dataset"": ""lung_atlas"", ""dim"": 30, ""method"": ""frozen_reference_scanvi"", ""metric"": ""macro_f1"", ""population"": ""query"", ""stat"": ""n""}"
Table S3-00217,si,Table S3,0.856,batch,"{""batch"": ""B1"", ""block"": ""A"", ""dataset"": ""lung_atlas"", ""dim"": 30, ""method"": ""frozen_reference_scanvi"", ""metric"": ""macro_f1"", ""population"": ""query"", ""stat"": ""mean""}"
Table S3-00218,si,Table S3,0.893,batch,"{""batch"": ""B1"", ""block"": ""A"", ""dataset"": ""lung_atlas"", ""dim"": 30, ""method"": ""frozen_reference_scanvi"", ""metric"": ""balanced_accuracy"", ""population"": ""query"", ""stat"": ""mean""}"
Table S3-00219,si,Table S3,0.006,batch,"{""batch"": ""B1"", ""block"": ""A"", ""dataset"": ""lung_atlas"", ""dim"": 30, ""method"": ""frozen_reference_scanvi"", ""metric"": ""macro_f1"", ""population"": ""query"", ""stat"": ""seed_sd""}"
Table S3-00220,si,Table S3,0.008,batch,"{""batch"": ""B1"", ""block"": ""A"", ""dataset"": ""lung_atlas"", ""dim"": 30, ""method"": ""frozen_reference_scanvi"", ""metric"": ""balanced_accuracy"", ""population"": ""query"", ""stat"": ""seed_sd""}"
Table S3-00221,si,Table S3,5,batch,"{""batch"": ""B1"", ""block"": ""A"", ""dataset"": ""lung_atlas"", ""dim"": 16, ""method"": ""sclsc_refonly"", ""metric"": ""macro_f1"", ""population"": ""query"", ""stat"": ""n""}"
Table S3-00222,si,Table S3,0.844,batch,"{""batch"": ""B1"", ""block"": ""A"", ""dataset"": ""lung_atlas"", ""dim"": 16, ""method"": ""sclsc_refonly"", ""metric"": ""macro_f1"", ""population"": ""query"", ""stat"": ""mean""}"
Table S3-00223,si,Table S3,0.865,batch,"{""batch"": ""B1"", ""block"": ""A"", ""dataset"": ""lung_atlas"", ""dim"": 16, ""method"": ""sclsc_refonly"", ""metric"": ""balanced_accuracy"", ""population"": ""query"", ""stat"": ""mean""}"
Table S3-00224,si,Table S3,0.004,batch,"{""batch"": ""B1"", ""block"": ""A"", ""dataset"": ""lung_atlas"", ""dim"": 16, ""method"": ""sclsc_refonly"", ""metric"": ""macro_f1"", ""population"": ""query"", ""stat"": ""seed_sd""}"
Table S3-00225,si,Table S3,0.007,batch,"{""batch"": ""B1"", ""block"": ""A"", ""dataset"": ""lung_atlas"", ""dim"": 16, ""method"": ""sclsc_refonly"", ""metric"": ""balanced_accuracy"", ""population"": ""query"", ""stat"": ""seed_sd""}"
Table S3-00226,si,Table S3,5,batch,"{""batch"": ""fluidigmc1"", ""block"": ""A"", ""dataset"": ""pancreas"", ""dim"": 128, ""method"": ""solar_orthogonal"", ""metric"": ""macro_f1"", ""population"": ""query"", ""stat"": ""n""}"
Table S3-00227,si,Table S3,0.866,batch,"{""batch"": ""fluidigmc1"", ""block"": ""A"", ""dataset"": ""pancreas"", ""dim"": 128, ""method"": ""solar_orthogonal"", ""metric"": ""macro_f1"", ""population"": ""query"", ""stat"": ""mean""}"
Table S3-00228,si,Table S3,0.845,batch,"{""batch"": ""fluidigmc1"", ""block"": ""A"", ""dataset"": ""pancreas"", ""dim"": 128, ""method"": ""solar_orthogonal"", ""metric"": ""balanced_accuracy"", ""population"": ""query"", ""stat"": ""mean""}"
Table S3-00229,si,Table S3,0.045,batch,"{""batch"": ""fluidigmc1"", ""block"": ""A"", ""dataset"": ""pancreas"", ""dim"": 128, ""method"": ""solar_orthogonal"", ""metric"": ""macro_f1"", ""population"": ""query"", ""stat"": ""seed_sd""}"
Table S3-00230,si,Table S3,0.041,batch,"{""batch"": ""fluidigmc1"", ""block"": ""A"", ""dataset"": ""pancreas"", ""dim"": 128, ""method"": ""solar_orthogonal"", ""metric"": ""balanced_accuracy"", ""population"": ""query"", ""stat"": ""seed_sd""}"
Table S3-00231,si,Table S3,1,batch,"{""batch"": ""fluidigmc1"", ""block"": ""A"", ""dataset"": ""pancreas"", ""dim"": 40, ""method"": ""unintegrated_pca_matched"", ""metric"": ""macro_f1"", ""population"": ""query"", ""stat"": ""n""}"
Table S3-00232,si,Table S3,0.792,batch,"{""batch"": ""fluidigmc1"", ""block"": ""A"", ""dataset"": ""pancreas"", ""dim"": 40, ""method"": ""unintegrated_pca_matched"", ""metric"": ""macro_f1"", ""population"": ""query"", ""stat"": ""mean""}"
Table S3-00233,si,Table S3,0.758,batch,"{""batch"": ""fluidigmc1"", ""block"": ""A"", ""dataset"": ""pancreas"", ""dim"": 40, ""method"": ""unintegrated_pca_matched"", ""metric"": ""balanced_accuracy"", ""population"": ""query"", ""stat"": ""mean""}"
Table S3-00234,si,Table S3,–,batch,"{""batch"": ""fluidigmc1"", ""block"": ""A"", ""dataset"": ""pancreas"", ""dim"": 40, ""method"": ""unintegrated_pca_matched"", ""metric"": ""macro_f1"", ""population"": ""query"", ""stat"": ""seed_sd""}"
Table S3-00235,si,Table S3,–,batch,"{""batch"": ""fluidigmc1"", ""block"": ""A"", ""dataset"": ""pancreas"", ""dim"": 40, ""method"": ""unintegrated_pca_matched"", ""metric"": ""balanced_accuracy"", ""population"": ""query"", ""stat"": ""seed_sd""}"
Table S3-00236,si,Table S3,5,batch,"{""batch"": ""fluidigmc1"", ""block"": ""A"", ""dataset"": ""pancreas"", ""dim"": 30, ""method"": ""frozen_reference_scvi"", ""metric"": ""macro_f1"", ""population"": ""query"", ""stat"": ""n""}"
Table S3-00237,si,Table S3,0.863,batch,"{""batch"": ""fluidigmc1"", ""block"": ""A"", ""dataset"": ""pancreas"", ""dim"": 30, ""method"": ""frozen_reference_scvi"", ""metric"": ""macro_f1"", ""population"": ""query"", ""stat"": ""mean""}"
Table S3-00238,si,Table S3,0.902,batch,"{""batch"": ""fluidigmc1"", ""block"": ""A"", ""dataset"": ""pancreas"", ""dim"": 30, ""method"": ""frozen_reference_scvi"", ""metric"": ""balanced_accuracy"", ""population"": ""query"", ""stat"": ""mean""}"
Table S3-00239,si,Table S3,0.058,batch,"{""batch"": ""fluidigmc1"", ""block"": ""A"", ""dataset"": ""pancreas"", ""dim"": 30, ""method"": ""frozen_reference_scvi"", ""metric"": ""macro_f1"", ""population"": ""query"", ""stat"": ""seed_sd""}"
Table S3-00240,si,Table S3,0.037,batch,"{""batch"": ""fluidigmc1"", ""block"": ""A"", ""dataset"": ""pancreas"", ""dim"": 30, ""method"": ""frozen_reference_scvi"", ""metric"": ""balanced_accuracy"", ""population"": ""query"", ""stat"": ""seed_sd""}"
Table S3-00241,si,Table S3,5,batch,"{""batch"": ""fluidigmc1"", ""block"": ""A"", ""dataset"": ""pancreas"", ""dim"": 30, ""method"": ""frozen_reference_scanvi"", ""metric"": ""macro_f1"", ""population"": ""query"", ""stat"": ""n""}"
Table S3-00242,si,Table S3,0.894,batch,"{""batch"": ""fluidigmc1"", ""block"": ""A"", ""dataset"": ""pancreas"", ""dim"": 30, ""method"": ""frozen_reference_scanvi"", ""metric"": ""macro_f1"", ""population"": ""query"", ""stat"": ""mean""}"
Table S3-00243,si,Table S3,0.921,batch,"{""batch"": ""fluidigmc1"", ""block"": ""A"", ""dataset"": ""pancreas"", ""dim"": 30, ""method"": ""frozen_reference_scanvi"", ""metric"": ""balanced_accuracy"", ""population"": ""query"", ""stat"": ""mean""}"
Table S3-00244,si,Table S3,0.027,batch,"{""batch"": ""fluidigmc1"", ""block"": ""A"", ""dataset"": ""pancreas"", ""dim"": 30, ""method"": ""frozen_reference_scanvi"", ""metric"": ""macro_f1"", ""population"": ""query"", ""stat"": ""seed_sd""}"
Table S3-00245,si,Table S3,0.018,batch,"{""batch"": ""fluidigmc1"", ""block"": ""A"", ""dataset"": ""pancreas"", ""dim"": 30, ""method"": ""frozen_reference_scanvi"", ""metric"": ""balanced_accuracy"", ""population"": ""query"", ""stat"": ""seed_sd""}"
Table S3-00246,si,Table S3,5,batch,"{""batch"": ""fluidigmc1"", ""block"": ""A"", ""dataset"": ""pancreas"", ""dim"": 16, ""method"": ""sclsc_refonly"", ""metric"": ""macro_f1"", ""population"": ""query"", ""stat"": ""n""}"
Table S3-00247,si,Table S3,0.858,batch,"{""batch"": ""fluidigmc1"", ""block"": ""A"", ""dataset"": ""pancreas"", ""dim"": 16, ""method"": ""sclsc_refonly"", ""metric"": ""macro_f1"", ""population"": ""query"", ""stat"": ""mean""}"
Table S3-00248,si,Table S3,0.843,batch,"{""batch"": ""fluidigmc1"", ""block"": ""A"", ""dataset"": ""pancreas"", ""dim"": 16, ""method"": ""sclsc_refonly"", ""metric"": ""balanced_accuracy"", ""population"": ""query"", ""stat"": ""mean""}"
Table S3-00249,si,Table S3,0.040,batch,"{""batch"": ""fluidigmc1"", ""block"": ""A"", ""dataset"": ""pancreas"", ""dim"": 16, ""method"": ""sclsc_refonly"", ""metric"": ""macro_f1"", ""population"": ""query"", ""stat"": ""seed_sd""}"
Table S3-00250,si,Table S3,0.022,batch,"{""batch"": ""fluidigmc1"", ""block"": ""A"", ""dataset"": ""pancreas"", ""dim"": 16, ""method"": ""sclsc_refonly"", ""metric"": ""balanced_accuracy"", ""population"": ""query"", ""stat"": ""seed_sd""}"
Table S3-00251,si,Table S3,5,batch,"{""batch"": ""inDrop2"", ""block"": ""A"", ""dataset"": ""pancreas"", ""dim"": 128, ""method"": ""solar_orthogonal"", ""metric"": ""macro_f1"", ""population"": ""query"", ""stat"": ""n""}"
Table S3-00252,si,Table S3,0.812,batch,"{""batch"": ""inDrop2"", ""block"": ""A"", ""dataset"": ""pancreas"", ""dim"": 128, ""method"": ""solar_orthogonal"", ""metric"": ""macro_f1"", ""population"": ""query"", ""stat"": ""mean""}"
Table S3-00253,si,Table S3,0.838,batch,"{""batch"": ""inDrop2"", ""block"": ""A"", ""dataset"": ""pancreas"", ""dim"": 128, ""method"": ""solar_orthogonal"", ""metric"": ""balanced_accuracy"", ""population"": ""query"", ""stat"": ""mean""}"
Table S3-00254,si,Table S3,0.022,batch,"{""batch"": ""inDrop2"", ""block"": ""A"", ""dataset"": ""pancreas"", ""dim"": 128, ""method"": ""solar_orthogonal"", ""metric"": ""macro_f1"", ""population"": ""query"", ""stat"": ""seed_sd""}"
Table S3-00255,si,Table S3,0.029,batch,"{""batch"": ""inDrop2"", ""block"": ""A"", ""dataset"": ""pancreas"", ""dim"": 128, ""method"": ""solar_orthogonal"", ""metric"": ""balanced_accuracy"", ""population"": ""query"", ""stat"": ""seed_sd""}"
Table S3-00256,si,Table S3,1,batch,"{""batch"": ""inDrop2"", ""block"": ""A"", ""dataset"": ""pancreas"", ""dim"": 40, ""method"": ""unintegrated_pca_matched"", ""metric"": ""macro_f1"", ""population"": ""query"", ""stat"": ""n""}"
Table S3-00257,si,Table S3,0.805,batch,"{""batch"": ""inDrop2"", ""block"": ""A"", ""dataset"": ""pancreas"", ""dim"": 40, ""method"": ""unintegrated_pca_matched"", ""metric"": ""macro_f1"", ""population"": ""query"", ""stat"": ""mean""}"
Table S3-00258,si,Table S3,0.816,batch,"{""batch"": ""inDrop2"", ""block"": ""A"", ""dataset"": ""pancreas"", ""dim"": 40, ""method"": ""unintegrated_pca_matched"", ""metric"": ""balanced_accuracy"", ""population"": ""query"", ""stat"": ""mean""}"
Table S3-00259,si,Table S3,–,batch,"{""batch"": ""inDrop2"", ""block"": ""A"", ""dataset"": ""pancreas"", ""dim"": 40, ""method"": ""unintegrated_pca_matched"", ""metric"": ""macro_f1"", ""population"": ""query"", ""stat"": ""seed_sd""}"
Table S3-00260,si,Table S3,–,batch,"{""batch"": ""inDrop2"", ""block"": ""A"", ""dataset"": ""pancreas"", ""dim"": 40, ""method"": ""unintegrated_pca_matched"", ""metric"": ""balanced_accuracy"", ""population"": ""query"", ""stat"": ""seed_sd""}"
Table S3-00261,si,Table S3,5,batch,"{""batch"": ""inDrop2"", ""block"": ""A"", ""dataset"": ""pancreas"", ""dim"": 30, ""method"": ""frozen_reference_scvi"", ""metric"": ""macro_f1"", ""population"": ""query"", ""stat"": ""n""}"
Table S3-00262,si,Table S3,0.863,batch,"{""batch"": ""inDrop2"", ""block"": ""A"", ""dataset"": ""pancreas"", ""dim"": 30, ""method"": ""frozen_reference_scvi"", ""metric"": ""macro_f1"", ""population"": ""query"", ""stat"": ""mean""}"
Table S3-00263,si,Table S3,0.910,batch,"{""batch"": ""inDrop2"", ""block"": ""A"", ""dataset"": ""pancreas"", ""dim"": 30, ""method"": ""frozen_reference_scvi"", ""metric"": ""balanced_accuracy"", ""population"": ""query"", ""stat"": ""mean""}"
Table S3-00264,si,Table S3,0.032,batch,"{""batch"": ""inDrop2"", ""block"": ""A"", ""dataset"": ""pancreas"", ""dim"": 30, ""method"": ""frozen_reference_scvi"", ""metric"": ""macro_f1"", ""population"": ""query"", ""stat"": ""seed_sd""}"
Table S3-00265,si,Table S3,0.036,batch,"{""batch"": ""inDrop2"", ""block"": ""A"", ""dataset"": ""pancreas"", ""dim"": 30, ""method"": ""frozen_reference_scvi"", ""metric"": ""balanced_accuracy"", ""population"": ""query"", ""stat"": ""seed_sd""}"
Table S3-00266,si,Table S3,5,batch,"{""batch"": ""inDrop2"", ""block"": ""A"", ""dataset"": ""pancreas"", ""dim"": 30, ""method"": ""frozen_reference_scanvi"", ""metric"": ""macro_f1"", ""population"": ""query"", ""stat"": ""n""}"
Table S3-00267,si,Table S3,0.903,batch,"{""batch"": ""inDrop2"", ""block"": ""A"", ""dataset"": ""pancreas"", ""dim"": 30, ""method"": ""frozen_reference_scanvi"", ""metric"": ""macro_f1"", ""population"": ""query"", ""stat"": ""mean""}"
Table S3-00268,si,Table S3,0.948,batch,"{""batch"": ""inDrop2"", ""block"": ""A"", ""dataset"": ""pancreas"", ""dim"": 30, ""method"": ""frozen_reference_scanvi"", ""metric"": ""balanced_accuracy"", ""population"": ""query"", ""stat"": ""mean""}"
Table S3-00269,si,Table S3,0.026,batch,"{""batch"": ""inDrop2"", ""block"": ""A"", ""dataset"": ""pancreas"", ""dim"": 30, ""method"": ""frozen_reference_scanvi"", ""metric"": ""macro_f1"", ""population"": ""query"", ""stat"": ""seed_sd""}"
Table S3-00270,si,Table S3,0.035,batch,"{""batch"": ""inDrop2"", ""block"": ""A"", ""dataset"": ""pancreas"", ""dim"": 30, ""method"": ""frozen_reference_scanvi"", ""metric"": ""balanced_accuracy"", ""population"": ""query"", ""stat"": ""seed_sd""}"
Table S3-00271,si,Table S3,5,batch,"{""batch"": ""inDrop2"", ""block"": ""A"", ""dataset"": ""pancreas"", ""dim"": 16, ""method"": ""sclsc_refonly"", ""metric"": ""macro_f1"", ""population"": ""query"", ""stat"": ""n""}"
Table S3-00272,si,Table S3,0.874,batch,"{""batch"": ""inDrop2"", ""block"": ""A"", ""dataset"": ""pancreas"", ""dim"": 16, ""method"": ""sclsc_refonly"", ""metric"": ""macro_f1"", ""population"": ""query"", ""stat"": ""mean""}"
Table S3-00273,si,Table S3,0.918,batch,"{""batch"": ""inDrop2"", ""block"": ""A"", ""dataset"": ""pancreas"", ""dim"": 16, ""method"": ""sclsc_refonly"", ""metric"": ""balanced_accuracy"", ""population"": ""query"", ""stat"": ""mean""}"
Table S3-00274,si,Table S3,0.030,batch,"{""batch"": ""inDrop2"", ""block"": ""A"", ""dataset"": ""pancreas"", ""dim"": 16, ""method"": ""sclsc_refonly"", ""metric"": ""macro_f1"", ""population"": ""query"", ""stat"": ""seed_sd""}"
Table S3-00275,si,Table S3,0.027,batch,"{""batch"": ""inDrop2"", ""block"": ""A"", ""dataset"": ""pancreas"", ""dim"": 16, ""method"": ""sclsc_refonly"", ""metric"": ""balanced_accuracy"", ""population"": ""query"", ""stat"": ""seed_sd""}"
Table S3-00276,si,Table S3,5,batch,"{""batch"": ""inDrop3"", ""block"": ""A"", ""dataset"": ""pancreas"", ""dim"": 128, ""method"": ""solar_orthogonal"", ""metric"": ""macro_f1"", ""population"": ""query"", ""stat"": ""n""}"
Table S3-00277,si,Table S3,0.817,batch,"{""batch"": ""inDrop3"", ""block"": ""A"", ""dataset"": ""pancreas"", ""dim"": 128, ""method"": ""solar_orthogonal"", ""metric"": ""macro_f1"", ""population"": ""query"", ""stat"": ""mean""}"
Table S3-00278,si,Table S3,0.827,batch,"{""batch"": ""inDrop3"", ""block"": ""A"", ""dataset"": ""pancreas"", ""dim"": 128, ""method"": ""solar_orthogonal"", ""metric"": ""balanced_accuracy"", ""population"": ""query"", ""stat"": ""mean""}"
Table S3-00279,si,Table S3,0.034,batch,"{""batch"": ""inDrop3"", ""block"": ""A"", ""dataset"": ""pancreas"", ""dim"": 128, ""method"": ""solar_orthogonal"", ""metric"": ""macro_f1"", ""population"": ""query"", ""stat"": ""seed_sd""}"
Table S3-00280,si,Table S3,0.042,batch,"{""batch"": ""inDrop3"", ""block"": ""A"", ""dataset"": ""pancreas"", ""dim"": 128, ""method"": ""solar_orthogonal"", ""metric"": ""balanced_accuracy"", ""population"": ""query"", ""stat"": ""seed_sd""}"
Table S3-00281,si,Table S3,1,batch,"{""batch"": ""inDrop3"", ""block"": ""A"", ""dataset"": ""pancreas"", ""dim"": 40, ""method"": ""unintegrated_pca_matched"", ""metric"": ""macro_f1"", ""population"": ""query"", ""stat"": ""n""}"
Table S3-00282,si,Table S3,0.799,batch,"{""batch"": ""inDrop3"", ""block"": ""A"", ""dataset"": ""pancreas"", ""dim"": 40, ""method"": ""unintegrated_pca_matched"", ""metric"": ""macro_f1"", ""population"": ""query"", ""stat"": ""mean""}"
Table S3-00283,si,Table S3,0.848,batch,"{""batch"": ""inDrop3"", ""block"": ""A"", ""dataset"": ""pancreas"", ""dim"": 40, ""method"": ""unintegrated_pca_matched"", ""metric"": ""balanced_accuracy"", ""population"": ""query"", ""stat"": ""mean""}"
Table S3-00284,si,Table S3,–,batch,"{""batch"": ""inDrop3"", ""block"": ""A"", ""dataset"": ""pancreas"", ""dim"": 40, ""method"": ""unintegrated_pca_matched"", ""metric"": ""macro_f1"", ""population"": ""query"", ""stat"": ""seed_sd""}"
Table S3-00285,si,Table S3,–,batch,"{""batch"": ""inDrop3"", ""block"": ""A"", ""dataset"": ""pancreas"", ""dim"": 40, ""method"": ""unintegrated_pca_matched"", ""metric"": ""balanced_accuracy"", ""population"": ""query"", ""stat"": ""seed_sd""}"
Table S3-00286,si,Table S3,5,batch,"{""batch"": ""inDrop3"", ""block"": ""A"", ""dataset"": ""pancreas"", ""dim"": 30, ""method"": ""frozen_reference_scvi"", ""metric"": ""macro_f1"", ""population"": ""query"", ""stat"": ""n""}"
Table S3-00287,si,Table S3,0.907,batch,"{""batch"": ""inDrop3"", ""block"": ""A"", ""dataset"": ""pancreas"", ""dim"": 30, ""method"": ""frozen_reference_scvi"", ""metric"": ""macro_f1"", ""population"": ""query"", ""stat"": ""mean""}"
Table S3-00288,si,Table S3,0.908,batch,"{""batch"": ""inDrop3"", ""block"": ""A"", ""dataset"": ""pancreas"", ""dim"": 30, ""method"": ""frozen_reference_scvi"", ""metric"": ""balanced_accuracy"", ""population"": ""query"", ""stat"": ""mean""}"
Table S3-00289,si,Table S3,0.067,batch,"{""batch"": ""inDrop3"", ""block"": ""A"", ""dataset"": ""pancreas"", ""dim"": 30, ""method"": ""frozen_reference_scvi"", ""metric"": ""macro_f1"", ""population"": ""query"", ""stat"": ""seed_sd""}"
Table S3-00290,si,Table S3,0.071,batch,"{""batch"": ""inDrop3"", ""block"": ""A"", ""dataset"": ""pancreas"", ""dim"": 30, ""method"": ""frozen_reference_scvi"", ""metric"": ""balanced_accuracy"", ""population"": ""query"", ""stat"": ""seed_sd""}"
Table S3-00291,si,Table S3,5,batch,"{""batch"": ""inDrop3"", ""block"": ""A"", ""dataset"": ""pancreas"", ""dim"": 30, ""method"": ""frozen_reference_scanvi"", ""metric"": ""macro_f1"", ""population"": ""query"", ""stat"": ""n""}"
Table S3-00292,si,Table S3,0.920,batch,"{""batch"": ""inDrop3"", ""block"": ""A"", ""dataset"": ""pancreas"", ""dim"": 30, ""method"": ""frozen_reference_scanvi"", ""metric"": ""macro_f1"", ""population"": ""query"", ""stat"": ""mean""}"
Table S3-00293,si,Table S3,0.931,batch,"{""batch"": ""inDrop3"", ""block"": ""A"", ""dataset"": ""pancreas"", ""dim"": 30, ""method"": ""frozen_reference_scanvi"", ""metric"": ""balanced_accuracy"", ""population"": ""query"", ""stat"": ""mean""}"
Table S3-00294,si,Table S3,0.063,batch,"{""batch"": ""inDrop3"", ""block"": ""A"", ""dataset"": ""pancreas"", ""dim"": 30, ""method"": ""frozen_reference_scanvi"", ""metric"": ""macro_f1"", ""population"": ""query"", ""stat"": ""seed_sd""}"
Table S3-00295,si,Table S3,0.065,batch,"{""batch"": ""inDrop3"", ""block"": ""A"", ""dataset"": ""pancreas"", ""dim"": 30, ""method"": ""frozen_reference_scanvi"", ""metric"": ""balanced_accuracy"", ""population"": ""query"", ""stat"": ""seed_sd""}"
Table S3-00296,si,Table S3,5,batch,"{""batch"": ""inDrop3"", ""block"": ""A"", ""dataset"": ""pancreas"", ""dim"": 16, ""method"": ""sclsc_refonly"", ""metric"": ""macro_f1"", ""population"": ""query"", ""stat"": ""n""}"
Table S3-00297,si,Table S3,0.843,batch,"{""batch"": ""inDrop3"", ""block"": ""A"", ""dataset"": ""pancreas"", ""dim"": 16, ""method"": ""sclsc_refonly"", ""metric"": ""macro_f1"", ""population"": ""query"", ""stat"": ""mean""}"
Table S3-00298,si,Table S3,0.855,batch,"{""batch"": ""inDrop3"", ""block"": ""A"", ""dataset"": ""pancreas"", ""dim"": 16, ""method"": ""sclsc_refonly"", ""metric"": ""balanced_accuracy"", ""population"": ""query"", ""stat"": ""mean""}"
Table S3-00299,si,Table S3,0.042,batch,"{""batch"": ""inDrop3"", ""block"": ""A"", ""dataset"": ""pancreas"", ""dim"": 16, ""method"": ""sclsc_refonly"", ""metric"": ""macro_f1"", ""population"": ""query"", ""stat"": ""seed_sd""}"
Table S3-00300,si,Table S3,0.048,batch,"{""batch"": ""inDrop3"", ""block"": ""A"", ""dataset"": ""pancreas"", ""dim"": 16, ""method"": ""sclsc_refonly"", ""metric"": ""balanced_accuracy"", ""population"": ""query"", ""stat"": ""seed_sd""}"
Table S3-00301,si,Table S3,5,batch,"{""batch"": ""10X"", ""block"": ""B"", ""dataset"": ""immune_cell_human"", ""dim"": 30, ""method"": ""solar_orthogonal"", ""metric"": ""macro_f1"", ""population"": ""query"", ""stat"": ""n""}"
Table S3-00302,si,Table S3,0.904,batch,"{""batch"": ""10X"", ""block"": ""B"", ""dataset"": ""immune_cell_human"", ""dim"": 30, ""method"": ""solar_orthogonal"", ""metric"": ""macro_f1"", ""population"": ""query"", ""stat"": ""mean""}"
Table S3-00303,si,Table S3,0.892,batch,"{""batch"": ""10X"", ""block"": ""B"", ""dataset"": ""immune_cell_human"", ""dim"": 30, ""method"": ""solar_orthogonal"", ""metric"": ""balanced_accuracy"", ""population"": ""query"", ""stat"": ""mean""}"
Table S3-00304,si,Table S3,0.007,batch,"{""batch"": ""10X"", ""block"": ""B"", ""dataset"": ""immune_cell_human"", ""dim"": 30, ""method"": ""solar_orthogonal"", ""metric"": ""macro_f1"", ""population"": ""query"", ""stat"": ""seed_sd""}"
Table S3-00305,si,Table S3,0.007,batch,"{""batch"": ""10X"", ""block"": ""B"", ""dataset"": ""immune_cell_human"", ""dim"": 30, ""method"": ""solar_orthogonal"", ""metric"": ""balanced_accuracy"", ""population"": ""query"", ""stat"": ""seed_sd""}"
Table S3-00306,si,Table S3,1,batch,"{""batch"": ""10X"", ""block"": ""B"", ""dataset"": ""immune_cell_human"", ""dim"": 30, ""method"": ""unintegrated_pca_matched"", ""metric"": ""macro_f1"", ""population"": ""query"", ""stat"": ""n""}"
Table S3-00307,si,Table S3,0.862,batch,"{""batch"": ""10X"", ""block"": ""B"", ""dataset"": ""immune_cell_human"", ""dim"": 30, ""method"": ""unintegrated_pca_matched"", ""metric"": ""macro_f1"", ""population"": ""query"", ""stat"": ""mean""}"
Table S3-00308,si,Table S3,0.841,batch,"{""batch"": ""10X"", ""block"": ""B"", ""dataset"": ""immune_cell_human"", ""dim"": 30, ""method"": ""unintegrated_pca_matched"", ""metric"": ""balanced_accuracy"", ""population"": ""query"", ""stat"": ""mean""}"
Table S3-00309,si,Table S3,–,batch,"{""batch"": ""10X"", ""block"": ""B"", ""dataset"": ""immune_cell_human"", ""dim"": 30, ""method"": ""unintegrated_pca_matched"", ""metric"": ""macro_f1"", ""population"": ""query"", ""stat"": ""seed_sd""}"
Table S3-00310,si,Table S3,–,batch,"{""batch"": ""10X"", ""block"": ""B"", ""dataset"": ""immune_cell_human"", ""dim"": 30, ""method"": ""unintegrated_pca_matched"", ""metric"": ""balanced_accuracy"", ""population"": ""query"", ""stat"": ""seed_sd""}"
Table S3-00311,si,Table S3,5,batch,"{""batch"": ""10X"", ""block"": ""B"", ""dataset"": ""immune_cell_human"", ""dim"": 30, ""method"": ""frozen_reference_scvi"", ""metric"": ""macro_f1"", ""population"": ""query"", ""stat"": ""n""}"
Table S3-00312,si,Table S3,0.857,batch,"{""batch"": ""10X"", ""block"": ""B"", ""dataset"": ""immune_cell_human"", ""dim"": 30, ""method"": ""frozen_reference_scvi"", ""metric"": ""macro_f1"", ""population"": ""query"", ""stat"": ""mean""}"
Table S3-00313,si,Table S3,0.862,batch,"{""batch"": ""10X"", ""block"": ""B"", ""dataset"": ""immune_cell_human"", ""dim"": 30, ""method"": ""frozen_reference_scvi"", ""metric"": ""balanced_accuracy"", ""population"": ""query"", ""stat"": ""mean""}"
Table S3-00314,si,Table S3,0.019,batch,"{""batch"": ""10X"", ""block"": ""B"", ""dataset"": ""immune_cell_human"", ""dim"": 30, ""method"": ""frozen_reference_scvi"", ""metric"": ""macro_f1"", ""population"": ""query"", ""stat"": ""seed_sd""}"
Table S3-00315,si,Table S3,0.016,batch,"{""batch"": ""10X"", ""block"": ""B"", ""dataset"": ""immune_cell_human"", ""dim"": 30, ""method"": ""frozen_reference_scvi"", ""metric"": ""balanced_accuracy"", ""population"": ""query"", ""stat"": ""seed_sd""}"
Table S3-00316,si,Table S3,5,batch,"{""batch"": ""10X"", ""block"": ""B"", ""dataset"": ""immune_cell_human"", ""dim"": 30, ""method"": ""frozen_reference_scanvi"", ""metric"": ""macro_f1"", ""population"": ""query"", ""stat"": ""n""}"
Table S3-00317,si,Table S3,0.895,batch,"{""batch"": ""10X"", ""block"": ""B"", ""dataset"": ""immune_cell_human"", ""dim"": 30, ""method"": ""frozen_reference_scanvi"", ""metric"": ""macro_f1"", ""population"": ""query"", ""stat"": ""mean""}"
Table S3-00318,si,Table S3,0.891,batch,"{""batch"": ""10X"", ""block"": ""B"", ""dataset"": ""immune_cell_human"", ""dim"": 30, ""method"": ""frozen_reference_scanvi"", ""metric"": ""balanced_accuracy"", ""population"": ""query"", ""stat"": ""mean""}"
Table S3-00319,si,Table S3,0.007,batch,"{""batch"": ""10X"", ""block"": ""B"", ""dataset"": ""immune_cell_human"", ""dim"": 30, ""method"": ""frozen_reference_scanvi"", ""metric"": ""macro_f1"", ""population"": ""query"", ""stat"": ""seed_sd""}"
Table S3-00320,si,Table S3,0.009,batch,"{""batch"": ""10X"", ""block"": ""B"", ""dataset"": ""immune_cell_human"", ""dim"": 30, ""method"": ""frozen_reference_scanvi"", ""metric"": ""balanced_accuracy"", ""population"": ""query"", ""stat"": ""seed_sd""}"
Table S3-00321,si,Table S3,5,batch,"{""batch"": ""10X"", ""block"": ""B"", ""dataset"": ""immune_cell_human"", ""dim"": 30, ""method"": ""sclsc_refonly"", ""metric"": ""macro_f1"", ""population"": ""query"", ""stat"": ""n""}"
Table S3-00322,si,Table S3,0.886,batch,"{""batch"": ""10X"", ""block"": ""B"", ""dataset"": ""immune_cell_human"", ""dim"": 30, ""method"": ""sclsc_refonly"", ""metric"": ""macro_f1"", ""population"": ""query"", ""stat"": ""mean""}"
Table S3-00323,si,Table S3,0.870,batch,"{""batch"": ""10X"", ""block"": ""B"", ""dataset"": ""immune_cell_human"", ""dim"": 30, ""method"": ""sclsc_refonly"", ""metric"": ""balanced_accuracy"", ""population"": ""query"", ""stat"": ""mean""}"
Table S3-00324,si,Table S3,0.019,batch,"{""batch"": ""10X"", ""block"": ""B"", ""dataset"": ""immune_cell_human"", ""dim"": 30, ""method"": ""sclsc_refonly"", ""metric"": ""macro_f1"", ""population"": ""query"", ""stat"": ""seed_sd""}"
Table S3-00325,si,Table S3,0.024,batch,"{""batch"": ""10X"", ""block"": ""B"", ""dataset"": ""immune_cell_human"", ""dim"": 30, ""method"": ""sclsc_refonly"", ""metric"": ""balanced_accuracy"", ""population"": ""query"", ""stat"": ""seed_sd""}"
Table S3-00326,si,Table S3,5,batch,"{""batch"": ""Oetjen_A"", ""block"": ""B"", ""dataset"": ""immune_cell_human"", ""dim"": 30, ""method"": ""solar_orthogonal"", ""metric"": ""macro_f1"", ""population"": ""query"", ""stat"": ""n""}"
Table S3-00327,si,Table S3,0.849,batch,"{""batch"": ""Oetjen_A"", ""block"": ""B"", ""dataset"": ""immune_cell_human"", ""dim"": 30, ""method"": ""solar_orthogonal"", ""metric"": ""macro_f1"", ""population"": ""query"", ""stat"": ""mean""}"
Table S3-00328,si,Table S3,0.874,batch,"{""batch"": ""Oetjen_A"", ""block"": ""B"", ""dataset"": ""immune_cell_human"", ""dim"": 30, ""method"": ""solar_orthogonal"", ""metric"": ""balanced_accuracy"", ""population"": ""query"", ""stat"": ""mean""}"
Table S3-00329,si,Table S3,0.003,batch,"{""batch"": ""Oetjen_A"", ""block"": ""B"", ""dataset"": ""immune_cell_human"", ""dim"": 30, ""method"": ""solar_orthogonal"", ""metric"": ""macro_f1"", ""population"": ""query"", ""stat"": ""seed_sd""}"
Table S3-00330,si,Table S3,0.005,batch,"{""batch"": ""Oetjen_A"", ""block"": ""B"", ""dataset"": ""immune_cell_human"", ""dim"": 30, ""method"": ""solar_orthogonal"", ""metric"": ""balanced_accuracy"", ""population"": ""query"", ""stat"": ""seed_sd""}"
Table S3-00331,si,Table S3,1,batch,"{""batch"": ""Oetjen_A"", ""block"": ""B"", ""dataset"": ""immune_cell_human"", ""dim"": 30, ""method"": ""unintegrated_pca_matched"", ""metric"": ""macro_f1"", ""population"": ""query"", ""stat"": ""n""}"
Table S3-00332,si,Table S3,0.874,batch,"{""batch"": ""Oetjen_A"", ""block"": ""B"", ""dataset"": ""immune_cell_human"", ""dim"": 30, ""method"": ""unintegrated_pca_matched"", ""metric"": ""macro_f1"", ""population"": ""query"", ""stat"": ""mean""}"
Table S3-00333,si,Table S3,0.882,batch,"{""batch"": ""Oetjen_A"", ""block"": ""B"", ""dataset"": ""immune_cell_human"", ""dim"": 30, ""method"": ""unintegrated_pca_matched"", ""metric"": ""balanced_accuracy"", ""population"": ""query"", ""stat"": ""mean""}"
Table S3-00334,si,Table S3,–,batch,"{""batch"": ""Oetjen_A"", ""block"": ""B"", ""dataset"": ""immune_cell_human"", ""dim"": 30, ""method"": ""unintegrated_pca_matched"", ""metric"": ""macro_f1"", ""population"": ""query"", ""stat"": ""seed_sd""}"
Table S3-00335,si,Table S3,–,batch,"{""batch"": ""Oetjen_A"", ""block"": ""B"", ""dataset"": ""immune_cell_human"", ""dim"": 30, ""method"": ""unintegrated_pca_matched"", ""metric"": ""balanced_accuracy"", ""population"": ""query"", ""stat"": ""seed_sd""}"
Table S3-00336,si,Table S3,5,batch,"{""batch"": ""Oetjen_A"", ""block"": ""B"", ""dataset"": ""immune_cell_human"", ""dim"": 30, ""method"": ""frozen_reference_scvi"", ""metric"": ""macro_f1"", ""population"": ""query"", ""stat"": ""n""}"
Table S3-00337,si,Table S3,0.848,batch,"{""batch"": ""Oetjen_A"", ""block"": ""B"", ""dataset"": ""immune_cell_human"", ""dim"": 30, ""method"": ""frozen_reference_scvi"", ""metric"": ""macro_f1"", ""population"": ""query"", ""stat"": ""mean""}"
Table S3-00338,si,Table S3,0.884,batch,"{""batch"": ""Oetjen_A"", ""block"": ""B"", ""dataset"": ""immune_cell_human"", ""dim"": 30, ""method"": ""frozen_reference_scvi"", ""metric"": ""balanced_accuracy"", ""population"": ""query"", ""stat"": ""mean""}"
Table S3-00339,si,Table S3,0.004,batch,"{""batch"": ""Oetjen_A"", ""block"": ""B"", ""dataset"": ""immune_cell_human"", ""dim"": 30, ""method"": ""frozen_reference_scvi"", ""metric"": ""macro_f1"", ""population"": ""query"", ""stat"": ""seed_sd""}"
Table S3-00340,si,Table S3,0.002,batch,"{""batch"": ""Oetjen_A"", ""block"": ""B"", ""dataset"": ""immune_cell_human"", ""dim"": 30, ""method"": ""frozen_reference_scvi"", ""metric"": ""balanced_accuracy"", ""population"": ""query"", ""stat"": ""seed_sd""}"
Table S3-00341,si,Table S3,5,batch,"{""batch"": ""Oetjen_A"", ""block"": ""B"", ""dataset"": ""immune_cell_human"", ""dim"": 30, ""method"": ""frozen_reference_scanvi"", ""metric"": ""macro_f1"", ""population"": ""query"", ""stat"": ""n""}"
Table S3-00342,si,Table S3,0.849,batch,"{""batch"": ""Oetjen_A"", ""block"": ""B"", ""dataset"": ""immune_cell_human"", ""dim"": 30, ""method"": ""frozen_reference_scanvi"", ""metric"": ""macro_f1"", ""population"": ""query"", ""stat"": ""mean""}"
Table S3-00343,si,Table S3,0.890,batch,"{""batch"": ""Oetjen_A"", ""block"": ""B"", ""dataset"": ""immune_cell_human"", ""dim"": 30, ""method"": ""frozen_reference_scanvi"", ""metric"": ""balanced_accuracy"", ""population"": ""query"", ""stat"": ""mean""}"
Table S3-00344,si,Table S3,0.008,batch,"{""batch"": ""Oetjen_A"", ""block"": ""B"", ""dataset"": ""immune_cell_human"", ""dim"": 30, ""method"": ""frozen_reference_scanvi"", ""metric"": ""macro_f1"", ""population"": ""query"", ""stat"": ""seed_sd""}"
Table S3-00345,si,Table S3,0.006,batch,"{""batch"": ""Oetjen_A"", ""block"": ""B"", ""dataset"": ""immune_cell_human"", ""dim"": 30, ""method"": ""frozen_reference_scanvi"", ""metric"": ""balanced_accuracy"", ""population"": ""query"", ""stat"": ""seed_sd""}"
Table S3-00346,si,Table S3,5,batch,"{""batch"": ""Oetjen_A"", ""block"": ""B"", ""dataset"": ""immune_cell_human"", ""dim"": 30, ""method"": ""sclsc_refonly"", ""metric"": ""macro_f1"", ""population"": ""query"", ""stat"": ""n""}"
Table S3-00347,si,Table S3,0.846,batch,"{""batch"": ""Oetjen_A"", ""block"": ""B"", ""dataset"": ""immune_cell_human"", ""dim"": 30, ""method"": ""sclsc_refonly"", ""metric"": ""macro_f1"", ""population"": ""query"", ""stat"": ""mean""}"
Table S3-00348,si,Table S3,0.885,batch,"{""batch"": ""Oetjen_A"", ""block"": ""B"", ""dataset"": ""immune_cell_human"", ""dim"": 30, ""method"": ""sclsc_refonly"", ""metric"": ""balanced_accuracy"", ""population"": ""query"", ""stat"": ""mean""}"
Table S3-00349,si,Table S3,0.012,batch,"{""batch"": ""Oetjen_A"", ""block"": ""B"", ""dataset"": ""immune_cell_human"", ""dim"": 30, ""method"": ""sclsc_refonly"", ""metric"": ""macro_f1"", ""population"": ""query"", ""stat"": ""seed_sd""}"
Table S3-00350,si,Table S3,0.009,batch,"{""batch"": ""Oetjen_A"", ""block"": ""B"", ""dataset"": ""immune_cell_human"", ""dim"": 30, ""method"": ""sclsc_refonly"", ""metric"": ""balanced_accuracy"", ""population"": ""query"", ""stat"": ""seed_sd""}"
Table S3-00351,si,Table S3,5,batch,"{""batch"": ""Villani"", ""block"": ""B"", ""dataset"": ""immune_cell_human"", ""dim"": 30, ""method"": ""solar_orthogonal"", ""metric"": ""macro_f1"", ""population"": ""query"", ""stat"": ""n""}"
Table S3-00352,si,Table S3,0.533,batch,"{""batch"": ""Villani"", ""block"": ""B"", ""dataset"": ""immune_cell_human"", ""dim"": 30, ""method"": ""solar_orthogonal"", ""metric"": ""macro_f1"", ""population"": ""query"", ""stat"": ""mean""}"
Table S3-00353,si,Table S3,0.626,batch,"{""batch"": ""Villani"", ""block"": ""B"", ""dataset"": ""immune_cell_human"", ""dim"": 30, ""method"": ""solar_orthogonal"", ""metric"": ""balanced_accuracy"", ""population"": ""query"", ""stat"": ""mean""}"
Table S3-00354,si,Table S3,0.023,batch,"{""batch"": ""Villani"", ""block"": ""B"", ""dataset"": ""immune_cell_human"", ""dim"": 30, ""method"": ""solar_orthogonal"", ""metric"": ""macro_f1"", ""population"": ""query"", ""stat"": ""seed_sd""}"
Table S3-00355,si,Table S3,0.014,batch,"{""batch"": ""Villani"", ""block"": ""B"", ""dataset"": ""immune_cell_human"", ""dim"": 30, ""method"": ""solar_orthogonal"", ""metric"": ""balanced_accuracy"", ""population"": ""query"", ""stat"": ""seed_sd""}"
Table S3-00356,si,Table S3,1,batch,"{""batch"": ""Villani"", ""block"": ""B"", ""dataset"": ""immune_cell_human"", ""dim"": 30, ""method"": ""unintegrated_pca_matched"", ""metric"": ""macro_f1"", ""population"": ""query"", ""stat"": ""n""}"
Table S3-00357,si,Table S3,0.454,batch,"{""batch"": ""Villani"", ""block"": ""B"", ""dataset"": ""immune_cell_human"", ""dim"": 30, ""method"": ""unintegrated_pca_matched"", ""metric"": ""macro_f1"", ""population"": ""query"", ""stat"": ""mean""}"
Table S3-00358,si,Table S3,0.567,batch,"{""batch"": ""Villani"", ""block"": ""B"", ""dataset"": ""immune_cell_human"", ""dim"": 30, ""method"": ""unintegrated_pca_matched"", ""metric"": ""balanced_accuracy"", ""population"": ""query"", ""stat"": ""mean""}"
Table S3-00359,si,Table S3,–,batch,"{""batch"": ""Villani"", ""block"": ""B"", ""dataset"": ""immune_cell_human"", ""dim"": 30, ""method"": ""unintegrated_pca_matched"", ""metric"": ""macro_f1"", ""population"": ""query"", ""stat"": ""seed_sd""}"
Table S3-00360,si,Table S3,–,batch,"{""batch"": ""Villani"", ""block"": ""B"", ""dataset"": ""immune_cell_human"", ""dim"": 30, ""method"": ""unintegrated_pca_matched"", ""metric"": ""balanced_accuracy"", ""population"": ""query"", ""stat"": ""seed_sd""}"
Table S3-00361,si,Table S3,5,batch,"{""batch"": ""Villani"", ""block"": ""B"", ""dataset"": ""immune_cell_human"", ""dim"": 30, ""method"": ""frozen_reference_scvi"", ""metric"": ""macro_f1"", ""population"": ""query"", ""stat"": ""n""}"
Table S3-00362,si,Table S3,0.705,batch,"{""batch"": ""Villani"", ""block"": ""B"", ""dataset"": ""immune_cell_human"", ""dim"": 30, ""method"": ""frozen_reference_scvi"", ""metric"": ""macro_f1"", ""population"": ""query"", ""stat"": ""mean""}"
Table S3-00363,si,Table S3,0.762,batch,"{""batch"": ""Villani"", ""block"": ""B"", ""dataset"": ""immune_cell_human"", ""dim"": 30, ""method"": ""frozen_reference_scvi"", ""metric"": ""balanced_accuracy"", ""population"": ""query"", ""stat"": ""mean""}"
Table S3-00364,si,Table S3,0.032,batch,"{""batch"": ""Villani"", ""block"": ""B"", ""dataset"": ""immune_cell_human"", ""dim"": 30, ""method"": ""frozen_reference_scvi"", ""metric"": ""macro_f1"", ""population"": ""query"", ""stat"": ""seed_sd""}"
Table S3-00365,si,Table S3,0.030,batch,"{""batch"": ""Villani"", ""block"": ""B"", ""dataset"": ""immune_cell_human"", ""dim"": 30, ""method"": ""frozen_reference_scvi"", ""metric"": ""balanced_accuracy"", ""population"": ""query"", ""stat"": ""seed_sd""}"
Table S3-00366,si,Table S3,5,batch,"{""batch"": ""Villani"", ""block"": ""B"", ""dataset"": ""immune_cell_human"", ""dim"": 30, ""method"": ""frozen_reference_scanvi"", ""metric"": ""macro_f1"", ""population"": ""query"", ""stat"": ""n""}"
Table S3-00367,si,Table S3,0.684,batch,"{""batch"": ""Villani"", ""block"": ""B"", ""dataset"": ""immune_cell_human"", ""dim"": 30, ""method"": ""frozen_reference_scanvi"", ""metric"": ""macro_f1"", ""population"": ""query"", ""stat"": ""mean""}"
Table S3-00368,si,Table S3,0.740,batch,"{""batch"": ""Villani"", ""block"": ""B"", ""dataset"": ""immune_cell_human"", ""dim"": 30, ""method"": ""frozen_reference_scanvi"", ""metric"": ""balanced_accuracy"", ""population"": ""query"", ""stat"": ""mean""}"
Table S3-00369,si,Table S3,0.018,batch,"{""batch"": ""Villani"", ""block"": ""B"", ""dataset"": ""immune_cell_human"", ""dim"": 30, ""method"": ""frozen_reference_scanvi"", ""metric"": ""macro_f1"", ""population"": ""query"", ""stat"": ""seed_sd""}"
Table S3-00370,si,Table S3,0.016,batch,"{""batch"": ""Villani"", ""block"": ""B"", ""dataset"": ""immune_cell_human"", ""dim"": 30, ""method"": ""frozen_reference_scanvi"", ""metric"": ""balanced_accuracy"", ""population"": ""query"", ""stat"": ""seed_sd""}"
Table S3-00371,si,Table S3,5,batch,"{""batch"": ""Villani"", ""block"": ""B"", ""dataset"": ""immune_cell_human"", ""dim"": 30, ""method"": ""sclsc_refonly"", ""metric"": ""macro_f1"", ""population"": ""query"", ""stat"": ""n""}"
Table S3-00372,si,Table S3,0.657,batch,"{""batch"": ""Villani"", ""block"": ""B"", ""dataset"": ""immune_cell_human"", ""dim"": 30, ""method"": ""sclsc_refonly"", ""metric"": ""macro_f1"", ""population"": ""query"", ""stat"": ""mean""}"
Table S3-00373,si,Table S3,0.716,batch,"{""batch"": ""Villani"", ""block"": ""B"", ""dataset"": ""immune_cell_human"", ""dim"": 30, ""method"": ""sclsc_refonly"", ""metric"": ""balanced_accuracy"", ""population"": ""query"", ""stat"": ""mean""}"
Table S3-00374,si,Table S3,0.043,batch,"{""batch"": ""Villani"", ""block"": ""B"", ""dataset"": ""immune_cell_human"", ""dim"": 30, ""method"": ""sclsc_refonly"", ""metric"": ""macro_f1"", ""population"": ""query"", ""stat"": ""seed_sd""}"
Table S3-00375,si,Table S3,0.034,batch,"{""batch"": ""Villani"", ""block"": ""B"", ""dataset"": ""immune_cell_human"", ""dim"": 30, ""method"": ""sclsc_refonly"", ""metric"": ""balanced_accuracy"", ""population"": ""query"", ""stat"": ""seed_sd""}"
Table S3-00376,si,Table S3,5,batch,"{""batch"": ""3"", ""block"": ""B"", ""dataset"": ""lung_atlas"", ""dim"": 30, ""method"": ""solar_orthogonal"", ""metric"": ""macro_f1"", ""population"": ""query"", ""stat"": ""n""}"
Table S3-00377,si,Table S3,0.881,batch,"{""batch"": ""3"", ""block"": ""B"", ""dataset"": ""lung_atlas"", ""dim"": 30, ""method"": ""solar_orthogonal"", ""metric"": ""macro_f1"", ""population"": ""query"", ""stat"": ""mean""}"
Table S3-00378,si,Table S3,0.891,batch,"{""batch"": ""3"", ""block"": ""B"", ""dataset"": ""lung_atlas"", ""dim"": 30, ""method"": ""solar_orthogonal"", ""metric"": ""balanced_accuracy"", ""population"": ""query"", ""stat"": ""mean""}"
Table S3-00379,si,Table S3,0.018,batch,"{""batch"": ""3"", ""block"": ""B"", ""dataset"": ""lung_atlas"", ""dim"": 30, ""method"": ""solar_orthogonal"", ""metric"": ""macro_f1"", ""population"": ""query"", ""stat"": ""seed_sd""}"
Table S3-00380,si,Table S3,0.017,batch,"{""batch"": ""3"", ""block"": ""B"", ""dataset"": ""lung_atlas"", ""dim"": 30, ""method"": ""solar_orthogonal"", ""metric"": ""balanced_accuracy"", ""population"": ""query"", ""stat"": ""seed_sd""}"
Table S3-00381,si,Table S3,1,batch,"{""batch"": ""3"", ""block"": ""B"", ""dataset"": ""lung_atlas"", ""dim"": 30, ""method"": ""unintegrated_pca_matched"", ""metric"": ""macro_f1"", ""population"": ""query"", ""stat"": ""n""}"
Table S3-00382,si,Table S3,0.828,batch,"{""batch"": ""3"", ""block"": ""B"", ""dataset"": ""lung_atlas"", ""dim"": 30, ""method"": ""unintegrated_pca_matched"", ""metric"": ""macro_f1"", ""population"": ""query"", ""stat"": ""mean""}"
Table S3-00383,si,Table S3,0.857,batch,"{""batch"": ""3"", ""block"": ""B"", ""dataset"": ""lung_atlas"", ""dim"": 30, ""method"": ""unintegrated_pca_matched"", ""metric"": ""balanced_accuracy"", ""population"": ""query"", ""stat"": ""mean""}"
Table S3-00384,si,Table S3,–,batch,"{""batch"": ""3"", ""block"": ""B"", ""dataset"": ""lung_atlas"", ""dim"": 30, ""method"": ""unintegrated_pca_matched"", ""metric"": ""macro_f1"", ""population"": ""query"", ""stat"": ""seed_sd""}"
Table S3-00385,si,Table S3,–,batch,"{""batch"": ""3"", ""block"": ""B"", ""dataset"": ""lung_atlas"", ""dim"": 30, ""method"": ""unintegrated_pca_matched"", ""metric"": ""balanced_accuracy"", ""population"": ""query"", ""stat"": ""seed_sd""}"
Table S3-00386,si,Table S3,5,batch,"{""batch"": ""3"", ""block"": ""B"", ""dataset"": ""lung_atlas"", ""dim"": 30, ""method"": ""frozen_reference_scvi"", ""metric"": ""macro_f1"", ""population"": ""query"", ""stat"": ""n""}"
Table S3-00387,si,Table S3,0.792,batch,"{""batch"": ""3"", ""block"": ""B"", ""dataset"": ""lung_atlas"", ""dim"": 30, ""method"": ""frozen_reference_scvi"", ""metric"": ""macro_f1"", ""population"": ""query"", ""stat"": ""mean""}"
Table S3-00388,si,Table S3,0.835,batch,"{""batch"": ""3"", ""block"": ""B"", ""dataset"": ""lung_atlas"", ""dim"": 30, ""method"": ""frozen_reference_scvi"", ""metric"": ""balanced_accuracy"", ""population"": ""query"", ""stat"": ""mean""}"
Table S3-00389,si,Table S3,0.012,batch,"{""batch"": ""3"", ""block"": ""B"", ""dataset"": ""lung_atlas"", ""dim"": 30, ""method"": ""frozen_reference_scvi"", ""metric"": ""macro_f1"", ""population"": ""query"", ""stat"": ""seed_sd""}"
Table S3-00390,si,Table S3,0.012,batch,"{""batch"": ""3"", ""block"": ""B"", ""dataset"": ""lung_atlas"", ""dim"": 30, ""method"": ""frozen_reference_scvi"", ""metric"": ""balanced_accuracy"", ""population"": ""query"", ""stat"": ""seed_sd""}"
Table S3-00391,si,Table S3,5,batch,"{""batch"": ""3"", ""block"": ""B"", ""dataset"": ""lung_atlas"", ""dim"": 30, ""method"": ""frozen_reference_scanvi"", ""metric"": ""macro_f1"", ""population"": ""query"", ""stat"": ""n""}"
Table S3-00392,si,Table S3,0.844,batch,"{""batch"": ""3"", ""block"": ""B"", ""dataset"": ""lung_atlas"", ""dim"": 30, ""method"": ""frozen_reference_scanvi"", ""metric"": ""macro_f1"", ""population"": ""query"", ""stat"": ""mean""}"
Table S3-00393,si,Table S3,0.864,batch,"{""batch"": ""3"", ""block"": ""B"", ""dataset"": ""lung_atlas"", ""dim"": 30, ""method"": ""frozen_reference_scanvi"", ""metric"": ""balanced_accuracy"", ""population"": ""query"", ""stat"": ""mean""}"
Table S3-00394,si,Table S3,0.020,batch,"{""batch"": ""3"", ""block"": ""B"", ""dataset"": ""lung_atlas"", ""dim"": 30, ""method"": ""frozen_reference_scanvi"", ""metric"": ""macro_f1"", ""population"": ""query"", ""stat"": ""seed_sd""}"
Table S3-00395,si,Table S3,0.017,batch,"{""batch"": ""3"", ""block"": ""B"", ""dataset"": ""lung_atlas"", ""dim"": 30, ""method"": ""frozen_reference_scanvi"", ""metric"": ""balanced_accuracy"", ""population"": ""query"", ""stat"": ""seed_sd""}"
Table S3-00396,si,Table S3,5,batch,"{""batch"": ""3"", ""block"": ""B"", ""dataset"": ""lung_atlas"", ""dim"": 30, ""method"": ""sclsc_refonly"", ""metric"": ""macro_f1"", ""population"": ""query"", ""stat"": ""n""}"
Table S3-00397,si,Table S3,0.839,batch,"{""batch"": ""3"", ""block"": ""B"", ""dataset"": ""lung_atlas"", ""dim"": 30, ""method"": ""sclsc_refonly"", ""metric"": ""macro_f1"", ""population"": ""query"", ""stat"": ""mean""}"
Table S3-00398,si,Table S3,0.867,batch,"{""batch"": ""3"", ""block"": ""B"", ""dataset"": ""lung_atlas"", ""dim"": 30, ""method"": ""sclsc_refonly"", ""metric"": ""balanced_accuracy"", ""population"": ""query"", ""stat"": ""mean""}"
Table S3-00399,si,Table S3,0.027,batch,"{""batch"": ""3"", ""block"": ""B"", ""dataset"": ""lung_atlas"", ""dim"": 30, ""method"": ""sclsc_refonly"", ""metric"": ""macro_f1"", ""population"": ""query"", ""stat"": ""seed_sd""}"
Table S3-00400,si,Table S3,0.014,batch,"{""batch"": ""3"", ""block"": ""B"", ""dataset"": ""lung_atlas"", ""dim"": 30, ""method"": ""sclsc_refonly"", ""metric"": ""balanced_accuracy"", ""population"": ""query"", ""stat"": ""seed_sd""}"
Table S3-00401,si,Table S3,5,batch,"{""batch"": ""4"", ""block"": ""B"", ""dataset"": ""lung_atlas"", ""dim"": 30, ""method"": ""solar_orthogonal"", ""metric"": ""macro_f1"", ""population"": ""query"", ""stat"": ""n""}"
Table S3-00402,si,Table S3,0.741,batch,"{""batch"": ""4"", ""block"": ""B"", ""dataset"": ""lung_atlas"", ""dim"": 30, ""method"": ""solar_orthogonal"", ""metric"": ""macro_f1"", ""population"": ""query"", ""stat"": ""mean""}"
Table S3-00403,si,Table S3,0.846,batch,"{""batch"": ""4"", ""block"": ""B"", ""dataset"": ""lung_atlas"", ""dim"": 30, ""method"": ""solar_orthogonal"", ""metric"": ""balanced_accuracy"", ""population"": ""query"", ""stat"": ""mean""}"
Table S3-00404,si,Table S3,0.027,batch,"{""batch"": ""4"", ""block"": ""B"", ""dataset"": ""lung_atlas"", ""dim"": 30, ""method"": ""solar_orthogonal"", ""metric"": ""macro_f1"", ""population"": ""query"", ""stat"": ""seed_sd""}"
Table S3-00405,si,Table S3,0.025,batch,"{""batch"": ""4"", ""block"": ""B"", ""dataset"": ""lung_atlas"", ""dim"": 30, ""method"": ""solar_orthogonal"", ""metric"": ""balanced_accuracy"", ""population"": ""query"", ""stat"": ""seed_sd""}"
Table S3-00406,si,Table S3,1,batch,"{""batch"": ""4"", ""block"": ""B"", ""dataset"": ""lung_atlas"", ""dim"": 30, ""method"": ""unintegrated_pca_matched"", ""metric"": ""macro_f1"", ""population"": ""query"", ""stat"": ""n""}"
Table S3-00407,si,Table S3,0.749,batch,"{""batch"": ""4"", ""block"": ""B"", ""dataset"": ""lung_atlas"", ""dim"": 30, ""method"": ""unintegrated_pca_matched"", ""metric"": ""macro_f1"", ""population"": ""query"", ""stat"": ""mean""}"
Table S3-00408,si,Table S3,0.856,batch,"{""batch"": ""4"", ""block"": ""B"", ""dataset"": ""lung_atlas"", ""dim"": 30, ""method"": ""unintegrated_pca_matched"", ""metric"": ""balanced_accuracy"", ""population"": ""query"", ""stat"": ""mean""}"
Table S3-00409,si,Table S3,–,batch,"{""batch"": ""4"", ""block"": ""B"", ""dataset"": ""lung_atlas"", ""dim"": 30, ""method"": ""unintegrated_pca_matched"", ""metric"": ""macro_f1"", ""population"": ""query"", ""stat"": ""seed_sd""}"
Table S3-00410,si,Table S3,–,batch,"{""batch"": ""4"", ""block"": ""B"", ""dataset"": ""lung_atlas"", ""dim"": 30, ""method"": ""unintegrated_pca_matched"", ""metric"": ""balanced_accuracy"", ""population"": ""query"", ""stat"": ""seed_sd""}"
Table S3-00411,si,Table S3,5,batch,"{""batch"": ""4"", ""block"": ""B"", ""dataset"": ""lung_atlas"", ""dim"": 30, ""method"": ""frozen_reference_scvi"", ""metric"": ""macro_f1"", ""population"": ""query"", ""stat"": ""n""}"
Table S3-00412,si,Table S3,0.619,batch,"{""batch"": ""4"", ""block"": ""B"", ""dataset"": ""lung_atlas"", ""dim"": 30, ""method"": ""frozen_reference_scvi"", ""metric"": ""macro_f1"", ""population"": ""query"", ""stat"": ""mean""}"
Table S3-00413,si,Table S3,0.793,batch,"{""batch"": ""4"", ""block"": ""B"", ""dataset"": ""lung_atlas"", ""dim"": 30, ""method"": ""frozen_reference_scvi"", ""metric"": ""balanced_accuracy"", ""population"": ""query"", ""stat"": ""mean""}"
Table S3-00414,si,Table S3,0.012,batch,"{""batch"": ""4"", ""block"": ""B"", ""dataset"": ""lung_atlas"", ""dim"": 30, ""method"": ""frozen_reference_scvi"", ""metric"": ""macro_f1"", ""population"": ""query"", ""stat"": ""seed_sd""}"
Table S3-00415,si,Table S3,0.026,batch,"{""batch"": ""4"", ""block"": ""B"", ""dataset"": ""lung_atlas"", ""dim"": 30, ""method"": ""frozen_reference_scvi"", ""metric"": ""balanced_accuracy"", ""population"": ""query"", ""stat"": ""seed_sd""}"
Table S3-00416,si,Table S3,5,batch,"{""batch"": ""4"", ""block"": ""B"", ""dataset"": ""lung_atlas"", ""dim"": 30, ""method"": ""frozen_reference_scanvi"", ""metric"": ""macro_f1"", ""population"": ""query"", ""stat"": ""n""}"
Table S3-00417,si,Table S3,0.699,batch,"{""batch"": ""4"", ""block"": ""B"", ""dataset"": ""lung_atlas"", ""dim"": 30, ""method"": ""frozen_reference_scanvi"", ""metric"": ""macro_f1"", ""population"": ""query"", ""stat"": ""mean""}"
Table S3-00418,si,Table S3,0.864,batch,"{""batch"": ""4"", ""block"": ""B"", ""dataset"": ""lung_atlas"", ""dim"": 30, ""method"": ""frozen_reference_scanvi"", ""metric"": ""balanced_accuracy"", ""population"": ""query"", ""stat"": ""mean""}"
Table S3-00419,si,Table S3,0.028,batch,"{""batch"": ""4"", ""block"": ""B"", ""dataset"": ""lung_atlas"", ""dim"": 30, ""method"": ""frozen_reference_scanvi"", ""metric"": ""macro_f1"", ""population"": ""query"", ""stat"": ""seed_sd""}"
Table S3-00420,si,Table S3,0.012,batch,"{""batch"": ""4"", ""block"": ""B"", ""dataset"": ""lung_atlas"", ""dim"": 30, ""method"": ""frozen_reference_scanvi"", ""metric"": ""balanced_accuracy"", ""population"": ""query"", ""stat"": ""seed_sd""}"
Table S3-00421,si,Table S3,5,batch,"{""batch"": ""4"", ""block"": ""B"", ""dataset"": ""lung_atlas"", ""dim"": 30, ""method"": ""sclsc_refonly"", ""metric"": ""macro_f1"", ""population"": ""query"", ""stat"": ""n""}"
Table S3-00422,si,Table S3,0.705,batch,"{""batch"": ""4"", ""block"": ""B"", ""dataset"": ""lung_atlas"", ""dim"": 30, ""method"": ""sclsc_refonly"", ""metric"": ""macro_f1"", ""population"": ""query"", ""stat"": ""mean""}"
Table S3-00423,si,Table S3,0.827,batch,"{""batch"": ""4"", ""block"": ""B"", ""dataset"": ""lung_atlas"", ""dim"": 30, ""method"": ""sclsc_refonly"", ""metric"": ""balanced_accuracy"", ""population"": ""query"", ""stat"": ""mean""}"
Table S3-00424,si,Table S3,0.035,batch,"{""batch"": ""4"", ""block"": ""B"", ""dataset"": ""lung_atlas"", ""dim"": 30, ""method"": ""sclsc_refonly"", ""metric"": ""macro_f1"", ""population"": ""query"", ""stat"": ""seed_sd""}"
Table S3-00425,si,Table S3,0.029,batch,"{""batch"": ""4"", ""block"": ""B"", ""dataset"": ""lung_atlas"", ""dim"": 30, ""method"": ""sclsc_refonly"", ""metric"": ""balanced_accuracy"", ""population"": ""query"", ""stat"": ""seed_sd""}"
Table S3-00426,si,Table S3,5,batch,"{""batch"": ""B1"", ""block"": ""B"", ""dataset"": ""lung_atlas"", ""dim"": 30, ""method"": ""solar_orthogonal"", ""metric"": ""macro_f1"", ""population"": ""query"", ""stat"": ""n""}"
Table S3-00427,si,Table S3,0.877,batch,"{""batch"": ""B1"", ""block"": ""B"", ""dataset"": ""lung_atlas"", ""dim"": 30, ""method"": ""solar_orthogonal"", ""metric"": ""macro_f1"", ""population"": ""query"", ""stat"": ""mean""}"
Table S3-00428,si,Table S3,0.876,batch,"{""batch"": ""B1"", ""block"": ""B"", ""dataset"": ""lung_atlas"", ""dim"": 30, ""method"": ""solar_orthogonal"", ""metric"": ""balanced_accuracy"", ""population"": ""query"", ""stat"": ""mean""}"
Table S3-00429,si,Table S3,0.009,batch,"{""batch"": ""B1"", ""block"": ""B"", ""dataset"": ""lung_atlas"", ""dim"": 30, ""method"": ""solar_orthogonal"", ""metric"": ""macro_f1"", ""population"": ""query"", ""stat"": ""seed_sd""}"
Table S3-00430,si,Table S3,0.017,batch,"{""batch"": ""B1"", ""block"": ""B"", ""dataset"": ""lung_atlas"", ""dim"": 30, ""method"": ""solar_orthogonal"", ""metric"": ""balanced_accuracy"", ""population"": ""query"", ""stat"": ""seed_sd""}"
Table S3-00431,si,Table S3,1,batch,"{""batch"": ""B1"", ""block"": ""B"", ""dataset"": ""lung_atlas"", ""dim"": 30, ""method"": ""unintegrated_pca_matched"", ""metric"": ""macro_f1"", ""population"": ""query"", ""stat"": ""n""}"
Table S3-00432,si,Table S3,0.836,batch,"{""batch"": ""B1"", ""block"": ""B"", ""dataset"": ""lung_atlas"", ""dim"": 30, ""method"": ""unintegrated_pca_matched"", ""metric"": ""macro_f1"", ""population"": ""query"", ""stat"": ""mean""}"
Table S3-00433,si,Table S3,0.841,batch,"{""batch"": ""B1"", ""block"": ""B"", ""dataset"": ""lung_atlas"", ""dim"": 30, ""method"": ""unintegrated_pca_matched"", ""metric"": ""balanced_accuracy"", ""population"": ""query"", ""stat"": ""mean""}"
Table S3-00434,si,Table S3,–,batch,"{""batch"": ""B1"", ""block"": ""B"", ""dataset"": ""lung_atlas"", ""dim"": 30, ""method"": ""unintegrated_pca_matched"", ""metric"": ""macro_f1"", ""population"": ""query"", ""stat"": ""seed_sd""}"
Table S3-00435,si,Table S3,–,batch,"{""batch"": ""B1"", ""block"": ""B"", ""dataset"": ""lung_atlas"", ""dim"": 30, ""method"": ""unintegrated_pca_matched"", ""metric"": ""balanced_accuracy"", ""population"": ""query"", ""stat"": ""seed_sd""}"
Table S3-00436,si,Table S3,5,batch,"{""batch"": ""B1"", ""block"": ""B"", ""dataset"": ""lung_atlas"", ""dim"": 30, ""method"": ""frozen_reference_scvi"", ""metric"": ""macro_f1"", ""population"": ""query"", ""stat"": ""n""}"
Table S3-00437,si,Table S3,0.810,batch,"{""batch"": ""B1"", ""block"": ""B"", ""dataset"": ""lung_atlas"", ""dim"": 30, ""method"": ""frozen_reference_scvi"", ""metric"": ""macro_f1"", ""population"": ""query"", ""stat"": ""mean""}"
Table S3-00438,si,Table S3,0.837,batch,"{""batch"": ""B1"", ""block"": ""B"", ""dataset"": ""lung_atlas"", ""dim"": 30, ""method"": ""frozen_reference_scvi"", ""metric"": ""balanced_accuracy"", ""population"": ""query"", ""stat"": ""mean""}"
Table S3-00439,si,Table S3,0.005,batch,"{""batch"": ""B1"", ""block"": ""B"", ""dataset"": ""lung_atlas"", ""dim"": 30, ""method"": ""frozen_reference_scvi"", ""metric"": ""macro_f1"", ""population"": ""query"", ""stat"": ""seed_sd""}"
Table S3-00440,si,Table S3,0.011,batch,"{""batch"": ""B1"", ""block"": ""B"", ""dataset"": ""lung_atlas"", ""dim"": 30, ""method"": ""frozen_reference_scvi"", ""metric"": ""balanced_accuracy"", ""population"": ""query"", ""stat"": ""seed_sd""}"
Table S3-00441,si,Table S3,5,batch,"{""batch"": ""B1"", ""block"": ""B"", ""dataset"": ""lung_atlas"", ""dim"": 30, ""method"": ""frozen_reference_scanvi"", ""metric"": ""macro_f1"", ""population"": ""query"", ""stat"": ""n""}"
Table S3-00442,si,Table S3,0.856,batch,"{""batch"": ""B1"", ""block"": ""B"", ""dataset"": ""lung_atlas"", ""dim"": 30, ""method"": ""frozen_reference_scanvi"", ""metric"": ""macro_f1"", ""population"": ""query"", ""stat"": ""mean""}"
Table S3-00443,si,Table S3,0.893,batch,"{""batch"": ""B1"", ""block"": ""B"", ""dataset"": ""lung_atlas"", ""dim"": 30, ""method"": ""frozen_reference_scanvi"", ""metric"": ""balanced_accuracy"", ""population"": ""query"", ""stat"": ""mean""}"
Table S3-00444,si,Table S3,0.006,batch,"{""batch"": ""B1"", ""block"": ""B"", ""dataset"": ""lung_atlas"", ""dim"": 30, ""method"": ""frozen_reference_scanvi"", ""metric"": ""macro_f1"", ""population"": ""query"", ""stat"": ""seed_sd""}"
Table S3-00445,si,Table S3,0.008,batch,"{""batch"": ""B1"", ""block"": ""B"", ""dataset"": ""lung_atlas"", ""dim"": 30, ""method"": ""frozen_reference_scanvi"", ""metric"": ""balanced_accuracy"", ""population"": ""query"", ""stat"": ""seed_sd""}"
Table S3-00446,si,Table S3,5,batch,"{""batch"": ""B1"", ""block"": ""B"", ""dataset"": ""lung_atlas"", ""dim"": 30, ""method"": ""sclsc_refonly"", ""metric"": ""macro_f1"", ""population"": ""query"", ""stat"": ""n""}"
Table S3-00447,si,Table S3,0.841,batch,"{""batch"": ""B1"", ""block"": ""B"", ""dataset"": ""lung_atlas"", ""dim"": 30, ""method"": ""sclsc_refonly"", ""metric"": ""macro_f1"", ""population"": ""query"", ""stat"": ""mean""}"
Table S3-00448,si,Table S3,0.866,batch,"{""batch"": ""B1"", ""block"": ""B"", ""dataset"": ""lung_atlas"", ""dim"": 30, ""method"": ""sclsc_refonly"", ""metric"": ""balanced_accuracy"", ""population"": ""query"", ""stat"": ""mean""}"
Table S3-00449,si,Table S3,0.010,batch,"{""batch"": ""B1"", ""block"": ""B"", ""dataset"": ""lung_atlas"", ""dim"": 30, ""method"": ""sclsc_refonly"", ""metric"": ""macro_f1"", ""population"": ""query"", ""stat"": ""seed_sd""}"
Table S3-00450,si,Table S3,0.021,batch,"{""batch"": ""B1"", ""block"": ""B"", ""dataset"": ""lung_atlas"", ""dim"": 30, ""method"": ""sclsc_refonly"", ""metric"": ""balanced_accuracy"", ""population"": ""query"", ""stat"": ""seed_sd""}"
Table S3-00451,si,Table S3,5,batch,"{""batch"": ""fluidigmc1"", ""block"": ""B"", ""dataset"": ""pancreas"", ""dim"": 30, ""method"": ""solar_orthogonal"", ""metric"": ""macro_f1"", ""population"": ""query"", ""stat"": ""n""}"
Table S3-00452,si,Table S3,0.865,batch,"{""batch"": ""fluidigmc1"", ""block"": ""B"", ""dataset"": ""pancreas"", ""dim"": 30, ""method"": ""solar_orthogonal"", ""metric"": ""macro_f1"", ""population"": ""query"", ""stat"": ""mean""}"
Table S3-00453,si,Table S3,0.847,batch,"{""batch"": ""fluidigmc1"", ""block"": ""B"", ""dataset"": ""pancreas"", ""dim"": 30, ""method"": ""solar_orthogonal"", ""metric"": ""balanced_accuracy"", ""population"": ""query"", ""stat"": ""mean""}"
Table S3-00454,si,Table S3,0.034,batch,"{""batch"": ""fluidigmc1"", ""block"": ""B"", ""dataset"": ""pancreas"", ""dim"": 30, ""method"": ""solar_orthogonal"", ""metric"": ""macro_f1"", ""population"": ""query"", ""stat"": ""seed_sd""}"
Table S3-00455,si,Table S3,0.034,batch,"{""batch"": ""fluidigmc1"", ""block"": ""B"", ""dataset"": ""pancreas"", ""dim"": 30, ""method"": ""solar_orthogonal"", ""metric"": ""balanced_accuracy"", ""population"": ""query"", ""stat"": ""seed_sd""}"
Table S3-00456,si,Table S3,1,batch,"{""batch"": ""fluidigmc1"", ""block"": ""B"", ""dataset"": ""pancreas"", ""dim"": 30, ""method"": ""unintegrated_pca_matched"", ""metric"": ""macro_f1"", ""population"": ""query"", ""stat"": ""n""}"
Table S3-00457,si,Table S3,0.797,batch,"{""batch"": ""fluidigmc1"", ""block"": ""B"", ""dataset"": ""pancreas"", ""dim"": 30, ""method"": ""unintegrated_pca_matched"", ""metric"": ""macro_f1"", ""population"": ""query"", ""stat"": ""mean""}"
Table S3-00458,si,Table S3,0.763,batch,"{""batch"": ""fluidigmc1"", ""block"": ""B"", ""dataset"": ""pancreas"", ""dim"": 30, ""method"": ""unintegrated_pca_matched"", ""metric"": ""balanced_accuracy"", ""population"": ""query"", ""stat"": ""mean""}"
Table S3-00459,si,Table S3,–,batch,"{""batch"": ""fluidigmc1"", ""block"": ""B"", ""dataset"": ""pancreas"", ""dim"": 30, ""method"": ""unintegrated_pca_matched"", ""metric"": ""macro_f1"", ""population"": ""query"", ""stat"": ""seed_sd""}"
Table S3-00460,si,Table S3,–,batch,"{""batch"": ""fluidigmc1"", ""block"": ""B"", ""dataset"": ""pancreas"", ""dim"": 30, ""method"": ""unintegrated_pca_matched"", ""metric"": ""balanced_accuracy"", ""population"": ""query"", ""stat"": ""seed_sd""}"
Table S3-00461,si,Table S3,5,batch,"{""batch"": ""fluidigmc1"", ""block"": ""B"", ""dataset"": ""pancreas"", ""dim"": 30, ""method"": ""frozen_reference_scvi"", ""metric"": ""macro_f1"", ""population"": ""query"", ""stat"": ""n""}"
Table S3-00462,si,Table S3,0.863,batch,"{""batch"": ""fluidigmc1"", ""block"": ""B"", ""dataset"": ""pancreas"", ""dim"": 30, ""method"": ""frozen_reference_scvi"", ""metric"": ""macro_f1"", ""population"": ""query"", ""stat"": ""mean""}"
Table S3-00463,si,Table S3,0.902,batch,"{""batch"": ""fluidigmc1"", ""block"": ""B"", ""dataset"": ""pancreas"", ""dim"": 30, ""method"": ""frozen_reference_scvi"", ""metric"": ""balanced_accuracy"", ""population"": ""query"", ""stat"": ""mean""}"
Table S3-00464,si,Table S3,0.058,batch,"{""batch"": ""fluidigmc1"", ""block"": ""B"", ""dataset"": ""pancreas"", ""dim"": 30, ""method"": ""frozen_reference_scvi"", ""metric"": ""macro_f1"", ""population"": ""query"", ""stat"": ""seed_sd""}"
Table S3-00465,si,Table S3,0.037,batch,"{""batch"": ""fluidigmc1"", ""block"": ""B"", ""dataset"": ""pancreas"", ""dim"": 30, ""method"": ""frozen_reference_scvi"", ""metric"": ""balanced_accuracy"", ""population"": ""query"", ""stat"": ""seed_sd""}"
Table S3-00466,si,Table S3,5,batch,"{""batch"": ""fluidigmc1"", ""block"": ""B"", ""dataset"": ""pancreas"", ""dim"": 30, ""method"": ""frozen_reference_scanvi"", ""metric"": ""macro_f1"", ""population"": ""query"", ""stat"": ""n""}"
Table S3-00467,si,Table S3,0.894,batch,"{""batch"": ""fluidigmc1"", ""block"": ""B"", ""dataset"": ""pancreas"", ""dim"": 30, ""method"": ""frozen_reference_scanvi"", ""metric"": ""macro_f1"", ""population"": ""query"", ""stat"": ""mean""}"
Table S3-00468,si,Table S3,0.921,batch,"{""batch"": ""fluidigmc1"", ""block"": ""B"", ""dataset"": ""pancreas"", ""dim"": 30, ""method"": ""frozen_reference_scanvi"", ""metric"": ""balanced_accuracy"", ""population"": ""query"", ""stat"": ""mean""}"
Table S3-00469,si,Table S3,0.027,batch,"{""batch"": ""fluidigmc1"", ""block"": ""B"", ""dataset"": ""pancreas"", ""dim"": 30, ""method"": ""frozen_reference_scanvi"", ""metric"": ""macro_f1"", ""population"": ""query"", ""stat"": ""seed_sd""}"
Table S3-00470,si,Table S3,0.018,batch,"{""batch"": ""fluidigmc1"", ""block"": ""B"", ""dataset"": ""pancreas"", ""dim"": 30, ""method"": ""frozen_reference_scanvi"", ""metric"": ""balanced_accuracy"", ""population"": ""query"", ""stat"": ""seed_sd""}"
Table S3-00471,si,Table S3,5,batch,"{""batch"": ""fluidigmc1"", ""block"": ""B"", ""dataset"": ""pancreas"", ""dim"": 30, ""method"": ""sclsc_refonly"", ""metric"": ""macro_f1"", ""population"": ""query"", ""stat"": ""n""}"
Table S3-00472,si,Table S3,0.850,batch,"{""batch"": ""fluidigmc1"", ""block"": ""B"", ""dataset"": ""pancreas"", ""dim"": 30, ""method"": ""sclsc_refonly"", ""metric"": ""macro_f1"", ""population"": ""query"", ""stat"": ""mean""}"
Table S3-00473,si,Table S3,0.832,batch,"{""batch"": ""fluidigmc1"", ""block"": ""B"", ""dataset"": ""pancreas"", ""dim"": 30, ""method"": ""sclsc_refonly"", ""metric"": ""balanced_accuracy"", ""population"": ""query"", ""stat"": ""mean""}"
Table S3-00474,si,Table S3,0.028,batch,"{""batch"": ""fluidigmc1"", ""block"": ""B"", ""dataset"": ""pancreas"", ""dim"": 30, ""method"": ""sclsc_refonly"", ""metric"": ""macro_f1"", ""population"": ""query"", ""stat"": ""seed_sd""}"
Table S3-00475,si,Table S3,0.023,batch,"{""batch"": ""fluidigmc1"", ""block"": ""B"", ""dataset"": ""pancreas"", ""dim"": 30, ""method"": ""sclsc_refonly"", ""metric"": ""balanced_accuracy"", ""population"": ""query"", ""stat"": ""seed_sd""}"
Table S3-00476,si,Table S3,5,batch,"{""batch"": ""inDrop2"", ""block"": ""B"", ""dataset"": ""pancreas"", ""dim"": 30, ""method"": ""solar_orthogonal"", ""metric"": ""macro_f1"", ""population"": ""query"", ""stat"": ""n""}"
Table S3-00477,si,Table S3,0.822,batch,"{""batch"": ""inDrop2"", ""block"": ""B"", ""dataset"": ""pancreas"", ""dim"": 30, ""method"": ""solar_orthogonal"", ""metric"": ""macro_f1"", ""population"": ""query"", ""stat"": ""mean""}"
Table S3-00478,si,Table S3,0.844,batch,"{""batch"": ""inDrop2"", ""block"": ""B"", ""dataset"": ""pancreas"", ""dim"": 30, ""method"": ""solar_orthogonal"", ""metric"": ""balanced_accuracy"", ""population"": ""query"", ""stat"": ""mean""}"
Table S3-00479,si,Table S3,0.034,batch,"{""batch"": ""inDrop2"", ""block"": ""B"", ""dataset"": ""pancreas"", ""dim"": 30, ""method"": ""solar_orthogonal"", ""metric"": ""macro_f1"", ""population"": ""query"", ""stat"": ""seed_sd""}"
Table S3-00480,si,Table S3,0.037,batch,"{""batch"": ""inDrop2"", ""block"": ""B"", ""dataset"": ""pancreas"", ""dim"": 30, ""method"": ""solar_orthogonal"", ""metric"": ""balanced_accuracy"", ""population"": ""query"", ""stat"": ""seed_sd""}"
Table S3-00481,si,Table S3,1,batch,"{""batch"": ""inDrop2"", ""block"": ""B"", ""dataset"": ""pancreas"", ""dim"": 30, ""method"": ""unintegrated_pca_matched"", ""metric"": ""macro_f1"", ""population"": ""query"", ""stat"": ""n""}"
Table S3-00482,si,Table S3,0.787,batch,"{""batch"": ""inDrop2"", ""block"": ""B"", ""dataset"": ""pancreas"", ""dim"": 30, ""method"": ""unintegrated_pca_matched"", ""metric"": ""macro_f1"", ""population"": ""query"", ""stat"": ""mean""}"
Table S3-00483,si,Table S3,0.789,batch,"{""batch"": ""inDrop2"", ""block"": ""B"", ""dataset"": ""pancreas"", ""dim"": 30, ""method"": ""unintegrated_pca_matched"", ""metric"": ""balanced_accuracy"", ""population"": ""query"", ""stat"": ""mean""}"
Table S3-00484,si,Table S3,–,batch,"{""batch"": ""inDrop2"", ""block"": ""B"", ""dataset"": ""pancreas"", ""dim"": 30, ""method"": ""unintegrated_pca_matched"", ""metric"": ""macro_f1"", ""population"": ""query"", ""stat"": ""seed_sd""}"
Table S3-00485,si,Table S3,–,batch,"{""batch"": ""inDrop2"", ""block"": ""B"", ""dataset"": ""pancreas"", ""dim"": 30, ""method"": ""unintegrated_pca_matched"", ""metric"": ""balanced_accuracy"", ""population"": ""query"", ""stat"": ""seed_sd""}"
Table S3-00486,si,Table S3,5,batch,"{""batch"": ""inDrop2"", ""block"": ""B"", ""dataset"": ""pancreas"", ""dim"": 30, ""method"": ""frozen_reference_scvi"", ""metric"": ""macro_f1"", ""population"": ""query"", ""stat"": ""n""}"
Table S3-00487,si,Table S3,0.863,batch,"{""batch"": ""inDrop2"", ""block"": ""B"", ""dataset"": ""pancreas"", ""dim"": 30, ""method"": ""frozen_reference_scvi"", ""metric"": ""macro_f1"", ""population"": ""query"", ""stat"": ""mean""}"
Table S3-00488,si,Table S3,0.910,batch,"{""batch"": ""inDrop2"", ""block"": ""B"", ""dataset"": ""pancreas"", ""dim"": 30, ""method"": ""frozen_reference_scvi"", ""metric"": ""balanced_accuracy"", ""population"": ""query"", ""stat"": ""mean""}"
Table S3-00489,si,Table S3,0.032,batch,"{""batch"": ""inDrop2"", ""block"": ""B"", ""dataset"": ""pancreas"", ""dim"": 30, ""method"": ""frozen_reference_scvi"", ""metric"": ""macro_f1"", ""population"": ""query"", ""stat"": ""seed_sd""}"
Table S3-00490,si,Table S3,0.036,batch,"{""batch"": ""inDrop2"", ""block"": ""B"", ""dataset"": ""pancreas"", ""dim"": 30, ""method"": ""frozen_reference_scvi"", ""metric"": ""balanced_accuracy"", ""population"": ""query"", ""stat"": ""seed_sd""}"
Table S3-00491,si,Table S3,5,batch,"{""batch"": ""inDrop2"", ""block"": ""B"", ""dataset"": ""pancreas"", ""dim"": 30, ""method"": ""frozen_reference_scanvi"", ""metric"": ""macro_f1"", ""population"": ""query"", ""stat"": ""n""}"
Table S3-00492,si,Table S3,0.903,batch,"{""batch"": ""inDrop2"", ""block"": ""B"", ""dataset"": ""pancreas"", ""dim"": 30, ""method"": ""frozen_reference_scanvi"", ""metric"": ""macro_f1"", ""population"": ""query"", ""stat"": ""mean""}"
Table S3-00493,si,Table S3,0.948,batch,"{""batch"": ""inDrop2"", ""block"": ""B"", ""dataset"": ""pancreas"", ""dim"": 30, ""method"": ""frozen_reference_scanvi"", ""metric"": ""balanced_accuracy"", ""population"": ""query"", ""stat"": ""mean""}"
Table S3-00494,si,Table S3,0.026,batch,"{""batch"": ""inDrop2"", ""block"": ""B"", ""dataset"": ""pancreas"", ""dim"": 30, ""method"": ""frozen_reference_scanvi"", ""metric"": ""macro_f1"", ""population"": ""query"", ""stat"": ""seed_sd""}"
Table S3-00495,si,Table S3,0.035,batch,"{""batch"": ""inDrop2"", ""block"": ""B"", ""dataset"": ""pancreas"", ""dim"": 30, ""method"": ""frozen_reference_scanvi"", ""metric"": ""balanced_accuracy"", ""population"": ""query"", ""stat"": ""seed_sd""}"
Table S3-00496,si,Table S3,5,batch,"{""batch"": ""inDrop2"", ""block"": ""B"", ""dataset"": ""pancreas"", ""dim"": 30, ""method"": ""sclsc_refonly"", ""metric"": ""macro_f1"", ""population"": ""query"", ""stat"": ""n""}"
Table S3-00497,si,Table S3,0.860,batch,"{""batch"": ""inDrop2"", ""block"": ""B"", ""dataset"": ""pancreas"", ""dim"": 30, ""method"": ""sclsc_refonly"", ""metric"": ""macro_f1"", ""population"": ""query"", ""stat"": ""mean""}"
Table S3-00498,si,Table S3,0.901,batch,"{""batch"": ""inDrop2"", ""block"": ""B"", ""dataset"": ""pancreas"", ""dim"": 30, ""method"": ""sclsc_refonly"", ""metric"": ""balanced_accuracy"", ""population"": ""query"", ""stat"": ""mean""}"
Table S3-00499,si,Table S3,0.024,batch,"{""batch"": ""inDrop2"", ""block"": ""B"", ""dataset"": ""pancreas"", ""dim"": 30, ""method"": ""sclsc_refonly"", ""metric"": ""macro_f1"", ""population"": ""query"", ""stat"": ""seed_sd""}"
Table S3-00500,si,Table S3,0.015,batch,"{""batch"": ""inDrop2"", ""block"": ""B"", ""dataset"": ""pancreas"", ""dim"": 30, ""method"": ""sclsc_refonly"", ""metric"": ""balanced_accuracy"", ""population"": ""query"", ""stat"": ""seed_sd""}"
Table S3-00501,si,Table S3,5,batch,"{""batch"": ""inDrop3"", ""block"": ""B"", ""dataset"": ""pancreas"", ""dim"": 30, ""method"": ""solar_orthogonal"", ""metric"": ""macro_f1"", ""population"": ""query"", ""stat"": ""n""}"
Table S3-00502,si,Table S3,0.827,batch,"{""batch"": ""inDrop3"", ""block"": ""B"", ""dataset"": ""pancreas"", ""dim"": 30, ""method"": ""solar_orthogonal"", ""metric"": ""macro_f1"", ""population"": ""query"", ""stat"": ""mean""}"
Table S3-00503,si,Table S3,0.841,batch,"{""batch"": ""inDrop3"", ""block"": ""B"", ""dataset"": ""pancreas"", ""dim"": 30, ""method"": ""solar_orthogonal"", ""metric"": ""balanced_accuracy"", ""population"": ""query"", ""stat"": ""mean""}"
Table S3-00504,si,Table S3,0.025,batch,"{""batch"": ""inDrop3"", ""block"": ""B"", ""dataset"": ""pancreas"", ""dim"": 30, ""method"": ""solar_orthogonal"", ""metric"": ""macro_f1"", ""population"": ""query"", ""stat"": ""seed_sd""}"
Table S3-00505,si,Table S3,0.031,batch,"{""batch"": ""inDrop3"", ""block"": ""B"", ""dataset"": ""pancreas"", ""dim"": 30, ""method"": ""solar_orthogonal"", ""metric"": ""balanced_accuracy"", ""population"": ""query"", ""stat"": ""seed_sd""}"
Table S3-00506,si,Table S3,1,batch,"{""batch"": ""inDrop3"", ""block"": ""B"", ""dataset"": ""pancreas"", ""dim"": 30, ""method"": ""unintegrated_pca_matched"", ""metric"": ""macro_f1"", ""population"": ""query"", ""stat"": ""n""}"
Table S3-00507,si,Table S3,0.779,batch,"{""batch"": ""inDrop3"", ""block"": ""B"", ""dataset"": ""pancreas"", ""dim"": 30, ""method"": ""unintegrated_pca_matched"", ""metric"": ""macro_f1"", ""population"": ""query"", ""stat"": ""mean""}"
Table S3-00508,si,Table S3,0.833,batch,"{""batch"": ""inDrop3"", ""block"": ""B"", ""dataset"": ""pancreas"", ""dim"": 30, ""method"": ""unintegrated_pca_matched"", ""metric"": ""balanced_accuracy"", ""population"": ""query"", ""stat"": ""mean""}"
Table S3-00509,si,Table S3,–,batch,"{""batch"": ""inDrop3"", ""block"": ""B"", ""dataset"": ""pancreas"", ""dim"": 30, ""method"": ""unintegrated_pca_matched"", ""metric"": ""macro_f1"", ""population"": ""query"", ""stat"": ""seed_sd""}"
Table S3-00510,si,Table S3,–,batch,"{""batch"": ""inDrop3"", ""block"": ""B"", ""dataset"": ""pancreas"", ""dim"": 30, ""method"": ""unintegrated_pca_matched"", ""metric"": ""balanced_accuracy"", ""population"": ""query"", ""stat"": ""seed_sd""}"
Table S3-00511,si,Table S3,5,batch,"{""batch"": ""inDrop3"", ""block"": ""B"", ""dataset"": ""pancreas"", ""dim"": 30, ""method"": ""frozen_reference_scvi"", ""metric"": ""macro_f1"", ""population"": ""query"", ""stat"": ""n""}"
Table S3-00512,si,Table S3,0.907,batch,"{""batch"": ""inDrop3"", ""block"": ""B"", ""dataset"": ""pancreas"", ""dim"": 30, ""method"": ""frozen_reference_scvi"", ""metric"": ""macro_f1"", ""population"": ""query"", ""stat"": ""mean""}"
Table S3-00513,si,Table S3,0.908,batch,"{""batch"": ""inDrop3"", ""block"": ""B"", ""dataset"": ""pancreas"", ""dim"": 30, ""method"": ""frozen_reference_scvi"", ""metric"": ""balanced_accuracy"", ""population"": ""query"", ""stat"": ""mean""}"
Table S3-00514,si,Table S3,0.067,batch,"{""batch"": ""inDrop3"", ""block"": ""B"", ""dataset"": ""pancreas"", ""dim"": 30, ""method"": ""frozen_reference_scvi"", ""metric"": ""macro_f1"", ""population"": ""query"", ""stat"": ""seed_sd""}"
Table S3-00515,si,Table S3,0.071,batch,"{""batch"": ""inDrop3"", ""block"": ""B"", ""dataset"": ""pancreas"", ""dim"": 30, ""method"": ""frozen_reference_scvi"", ""metric"": ""balanced_accuracy"", ""population"": ""query"", ""stat"": ""seed_sd""}"
Table S3-00516,si,Table S3,5,batch,"{""batch"": ""inDrop3"", ""block"": ""B"", ""dataset"": ""pancreas"", ""dim"": 30, ""method"": ""frozen_reference_scanvi"", ""metric"": ""macro_f1"", ""population"": ""query"", ""stat"": ""n""}"
Table S3-00517,si,Table S3,0.920,batch,"{""batch"": ""inDrop3"", ""block"": ""B"", ""dataset"": ""pancreas"", ""dim"": 30, ""method"": ""frozen_reference_scanvi"", ""metric"": ""macro_f1"", ""population"": ""query"", ""stat"": ""mean""}"
Table S3-00518,si,Table S3,0.931,batch,"{""batch"": ""inDrop3"", ""block"": ""B"", ""dataset"": ""pancreas"", ""dim"": 30, ""method"": ""frozen_reference_scanvi"", ""metric"": ""balanced_accuracy"", ""population"": ""query"", ""stat"": ""mean""}"
Table S3-00519,si,Table S3,0.063,batch,"{""batch"": ""inDrop3"", ""block"": ""B"", ""dataset"": ""pancreas"", ""dim"": 30, ""method"": ""frozen_reference_scanvi"", ""metric"": ""macro_f1"", ""population"": ""query"", ""stat"": ""seed_sd""}"
Table S3-00520,si,Table S3,0.065,batch,"{""batch"": ""inDrop3"", ""block"": ""B"", ""dataset"": ""pancreas"", ""dim"": 30, ""method"": ""frozen_reference_scanvi"", ""metric"": ""balanced_accuracy"", ""population"": ""query"", ""stat"": ""seed_sd""}"
Table S3-00521,si,Table S3,5,batch,"{""batch"": ""inDrop3"", ""block"": ""B"", ""dataset"": ""pancreas"", ""dim"": 30, ""method"": ""sclsc_refonly"", ""metric"": ""macro_f1"", ""population"": ""query"", ""stat"": ""n""}"
Table S3-00522,si,Table S3,0.849,batch,"{""batch"": ""inDrop3"", ""block"": ""B"", ""dataset"": ""pancreas"", ""dim"": 30, ""method"": ""sclsc_refonly"", ""metric"": ""macro_f1"", ""population"": ""query"", ""stat"": ""mean""}"
Table S3-00523,si,Table S3,0.846,batch,"{""batch"": ""inDrop3"", ""block"": ""B"", ""dataset"": ""pancreas"", ""dim"": 30, ""method"": ""sclsc_refonly"", ""metric"": ""balanced_accuracy"", ""population"": ""query"", ""stat"": ""mean""}"
Table S3-00524,si,Table S3,0.054,batch,"{""batch"": ""inDrop3"", ""block"": ""B"", ""dataset"": ""pancreas"", ""dim"": 30, ""method"": ""sclsc_refonly"", ""metric"": ""macro_f1"", ""population"": ""query"", ""stat"": ""seed_sd""}"
Table S3-00525,si,Table S3,0.053,batch,"{""batch"": ""inDrop3"", ""block"": ""B"", ""dataset"": ""pancreas"", ""dim"": 30, ""method"": ""sclsc_refonly"", ""metric"": ""balanced_accuracy"", ""population"": ""query"", ""stat"": ""seed_sd""}"
Table S4-00526,si,Table S4,30,width_dim,"{""dataset"": ""immune_cell_human"", ""dim"": 30}"
Table S4-00527,si,Table S4,0.854,width,"{""dataset"": ""immune_cell_human"", ""dim"": 30, ""metric"": ""ASW_label""}"
Table S4-00528,si,Table S4,0.766,width,"{""dataset"": ""immune_cell_human"", ""dim"": 30, ""metric"": ""NMI_cluster/label""}"
Table S4-00529,si,Table S4,0.395,width,"{""dataset"": ""immune_cell_human"", ""dim"": 30, ""metric"": ""ARI_cluster/label""}"
Table S4-00530,si,Table S4,1.714,width,"{""dataset"": ""immune_cell_human"", ""dim"": 30, ""metric"": ""iLISI""}"
Table S4-00531,si,Table S4,0.729,width,"{""dataset"": ""immune_cell_human"", ""dim"": 30, ""metric"": ""PCR_batch""}"
Table S4-00532,si,Table S4,0.643,width,"{""dataset"": ""immune_cell_human"", ""dim"": 30, ""metric"": ""trajectory""}"
Table S4-00533,si,Table S4,64,width_dim,"{""dataset"": ""immune_cell_human"", ""dim"": 64}"
Table S4-00534,si,Table S4,0.851,width,"{""dataset"": ""immune_cell_human"", ""dim"": 64, ""metric"": ""ASW_label""}"
Table S4-00535,si,Table S4,0.756,width,"{""dataset"": ""immune_cell_human"", ""dim"": 64, ""metric"": ""NMI_cluster/label""}"
Table S4-00536,si,Table S4,0.377,width,"{""dataset"": ""immune_cell_human"", ""dim"": 64, ""metric"": ""ARI_cluster/label""}"
Table S4-00537,si,Table S4,1.522,width,"{""dataset"": ""immune_cell_human"", ""dim"": 64, ""metric"": ""iLISI""}"
Table S4-00538,si,Table S4,0.721,width,"{""dataset"": ""immune_cell_human"", ""dim"": 64, ""metric"": ""PCR_batch""}"
Table S4-00539,si,Table S4,0.731,width,"{""dataset"": ""immune_cell_human"", ""dim"": 64, ""metric"": ""trajectory""}"
Table S4-00540,si,Table S4,128,width_dim,"{""dataset"": ""immune_cell_human"", ""dim"": 128}"
Table S4-00541,si,Table S4,0.847,width,"{""dataset"": ""immune_cell_human"", ""dim"": 128, ""metric"": ""ASW_label""}"
Table S4-00542,si,Table S4,0.742,width,"{""dataset"": ""immune_cell_human"", ""dim"": 128, ""metric"": ""NMI_cluster/label""}"
Table S4-00543,si,Table S4,0.347,width,"{""dataset"": ""immune_cell_human"", ""dim"": 128, ""metric"": ""ARI_cluster/label""}"
Table S4-00544,si,Table S4,1.392,width,"{""dataset"": ""immune_cell_human"", ""dim"": 128, ""metric"": ""iLISI""}"
Table S4-00545,si,Table S4,0.722,width,"{""dataset"": ""immune_cell_human"", ""dim"": 128, ""metric"": ""PCR_batch""}"
Table S4-00546,si,Table S4,0.712,width,"{""dataset"": ""immune_cell_human"", ""dim"": 128, ""metric"": ""trajectory""}"
Table S4-00547,si,Table S4,30,width_dim,"{""dataset"": ""lung_atlas"", ""dim"": 30}"
Table S4-00548,si,Table S4,0.852,width,"{""dataset"": ""lung_atlas"", ""dim"": 30, ""metric"": ""ASW_label""}"
Table S4-00549,si,Table S4,0.813,width,"{""dataset"": ""lung_atlas"", ""dim"": 30, ""metric"": ""NMI_cluster/label""}"
Table S4-00550,si,Table S4,0.544,width,"{""dataset"": ""lung_atlas"", ""dim"": 30, ""metric"": ""ARI_cluster/label""}"
Table S4-00551,si,Table S4,1.375,width,"{""dataset"": ""lung_atlas"", ""dim"": 30, ""metric"": ""iLISI""}"
Table S4-00552,si,Table S4,0.673,width,"{""dataset"": ""lung_atlas"", ""dim"": 30, ""metric"": ""PCR_batch""}"
Table S4-00553,si,Table S4,–,width,"{""dataset"": ""lung_atlas"", ""dim"": 30, ""metric"": ""trajectory""}"
Table S4-00554,si,Table S4,64,width_dim,"{""dataset"": ""lung_atlas"", ""dim"": 64}"
Table S4-00555,si,Table S4,0.850,width,"{""dataset"": ""lung_atlas"", ""dim"": 64, ""metric"": ""ASW_label""}"
Table S4-00556,si,Table S4,0.806,width,"{""dataset"": ""lung_atlas"", ""dim"": 64, ""metric"": ""NMI_cluster/label""}"
Table S4-00557,si,Table S4,0.523,width,"{""dataset"": ""lung_atlas"", ""dim"": 64, ""metric"": ""ARI_cluster/label""}"
Table S4-00558,si,Table S4,1.156,width,"{""dataset"": ""lung_atlas"", ""dim"": 64, ""metric"": ""iLISI""}"
Table S4-00559,si,Table S4,0.670,width,"{""dataset"": ""lung_atlas"", ""dim"": 64, ""metric"": ""PCR_batch""}"
Table S4-00560,si,Table S4,–,width,"{""dataset"": ""lung_atlas"", ""dim"": 64, ""metric"": ""trajectory""}"
Table S4-00561,si,Table S4,128,width_dim,"{""dataset"": ""lung_atlas"", ""dim"": 128}"
Table S4-00562,si,Table S4,0.855,width,"{""dataset"": ""lung_atlas"", ""dim"": 128, ""metric"": ""ASW_label""}"
Table S4-00563,si,Table S4,0.804,width,"{""dataset"": ""lung_atlas"", ""dim"": 128, ""metric"": ""NMI_cluster/label""}"
Table S4-00564,si,Table S4,0.512,width,"{""dataset"": ""lung_atlas"", ""dim"": 128, ""metric"": ""ARI_cluster/label""}"
Table S4-00565,si,Table S4,1.065,width,"{""dataset"": ""lung_atlas"", ""dim"": 128, ""metric"": ""iLISI""}"
Table S4-00566,si,Table S4,0.670,width,"{""dataset"": ""lung_atlas"", ""dim"": 128, ""metric"": ""PCR_batch""}"
Table S4-00567,si,Table S4,–,width,"{""dataset"": ""lung_atlas"", ""dim"": 128, ""metric"": ""trajectory""}"
Table S4-00568,si,Table S4,30,width_dim,"{""dataset"": ""pancreas"", ""dim"": 30}"
Table S4-00569,si,Table S4,0.919,width,"{""dataset"": ""pancreas"", ""dim"": 30, ""metric"": ""ASW_label""}"
Table S4-00570,si,Table S4,0.753,width,"{""dataset"": ""pancreas"", ""dim"": 30, ""metric"": ""NMI_cluster/label""}"
Table S4-00571,si,Table S4,0.399,width,"{""dataset"": ""pancreas"", ""dim"": 30, ""metric"": ""ARI_cluster/label""}"
Table S4-00572,si,Table S4,2.143,width,"{""dataset"": ""pancreas"", ""dim"": 30, ""metric"": ""iLISI""}"
Table S4-00573,si,Table S4,0.927,width,"{""dataset"": ""pancreas"", ""dim"": 30, ""metric"": ""PCR_batch""}"
Table S4-00574,si,Table S4,–,width,"{""dataset"": ""pancreas"", ""dim"": 30, ""metric"": ""trajectory""}"
Table S4-00575,si,Table S4,64,width_dim,"{""dataset"": ""pancreas"", ""dim"": 64}"
Table S4-00576,si,Table S4,0.919,width,"{""dataset"": ""pancreas"", ""dim"": 64, ""metric"": ""ASW_label""}"
Table S4-00577,si,Table S4,0.739,width,"{""dataset"": ""pancreas"", ""dim"": 64, ""metric"": ""NMI_cluster/label""}"
Table S4-00578,si,Table S4,0.365,width,"{""dataset"": ""pancreas"", ""dim"": 64, ""metric"": ""ARI_cluster/label""}"
Table S4-00579,si,Table S4,1.736,width,"{""dataset"": ""pancreas"", ""dim"": 64, ""metric"": ""iLISI""}"
Table S4-00580,si,Table S4,0.925,width,"{""dataset"": ""pancreas"", ""dim"": 64, ""metric"": ""PCR_batch""}"
Table S4-00581,si,Table S4,–,width,"{""dataset"": ""pancreas"", ""dim"": 64, ""metric"": ""trajectory""}"
Table S4-00582,si,Table S4,128,width_dim,"{""dataset"": ""pancreas"", ""dim"": 128}"
Table S4-00583,si,Table S4,0.921,width,"{""dataset"": ""pancreas"", ""dim"": 128, ""metric"": ""ASW_label""}"
Table S4-00584,si,Table S4,0.738,width,"{""dataset"": ""pancreas"", ""dim"": 128, ""metric"": ""NMI_cluster/label""}"
Table S4-00585,si,Table S4,0.353,width,"{""dataset"": ""pancreas"", ""dim"": 128, ""metric"": ""ARI_cluster/label""}"
Table S4-00586,si,Table S4,1.384,width,"{""dataset"": ""pancreas"", ""dim"": 128, ""metric"": ""iLISI""}"
Table S4-00587,si,Table S4,0.925,width,"{""dataset"": ""pancreas"", ""dim"": 128, ""metric"": ""PCR_batch""}"
Table S4-00588,si,Table S4,–,width,"{""dataset"": ""pancreas"", ""dim"": 128, ""metric"": ""trajectory""}"
Table S4-00589,si,Table S4,30,width_dim,"{""dataset"": ""simulation_1"", ""dim"": 30}"
Table S4-00590,si,Table S4,0.962,width,"{""dataset"": ""simulation_1"", ""dim"": 30, ""metric"": ""ASW_label""}"
Table S4-00591,si,Table S4,0.782,width,"{""dataset"": ""simulation_1"", ""dim"": 30, ""metric"": ""NMI_cluster/label""}"
Table S4-00592,si,Table S4,0.478,width,"{""dataset"": ""simulation_1"", ""dim"": 30, ""metric"": ""ARI_cluster/label""}"
Table S4-00593,si,Table S4,2.092,width,"{""dataset"": ""simulation_1"", ""dim"": 30, ""metric"": ""iLISI""}"
Table S4-00594,si,Table S4,0.933,width,"{""dataset"": ""simulation_1"", ""dim"": 30, ""metric"": ""PCR_batch""}"
Table S4-00595,si,Table S4,–,width,"{""dataset"": ""simulation_1"", ""dim"": 30, ""metric"": ""trajectory""}"
Table S4-00596,si,Table S4,64,width_dim,"{""dataset"": ""simulation_1"", ""dim"": 64}"
Table S4-00597,si,Table S4,0.960,width,"{""dataset"": ""simulation_1"", ""dim"": 64, ""metric"": ""ASW_label""}"
Table S4-00598,si,Table S4,0.778,width,"{""dataset"": ""simulation_1"", ""dim"": 64, ""metric"": ""NMI_cluster/label""}"
Table S4-00599,si,Table S4,0.482,width,"{""dataset"": ""simulation_1"", ""dim"": 64, ""metric"": ""ARI_cluster/label""}"
Table S4-00600,si,Table S4,1.743,width,"{""dataset"": ""simulation_1"", ""dim"": 64, ""metric"": ""iLISI""}"
Table S4-00601,si,Table S4,0.932,width,"{""dataset"": ""simulation_1"", ""dim"": 64, ""metric"": ""PCR_batch""}"
Table S4-00602,si,Table S4,–,width,"{""dataset"": ""simulation_1"", ""dim"": 64, ""metric"": ""trajectory""}"
Table S4-00603,si,Table S4,128,width_dim,"{""dataset"": ""simulation_1"", ""dim"": 128}"
Table S4-00604,si,Table S4,0.958,width,"{""dataset"": ""simulation_1"", ""dim"": 128, ""metric"": ""ASW_label""}"
Table S4-00605,si,Table S4,0.777,width,"{""dataset"": ""simulation_1"", ""dim"": 128, ""metric"": ""NMI_cluster/label""}"
Table S4-00606,si,Table S4,0.491,width,"{""dataset"": ""simulation_1"", ""dim"": 128, ""metric"": ""ARI_cluster/label""}"
Table S4-00607,si,Table S4,1.413,width,"{""dataset"": ""simulation_1"", ""dim"": 128, ""metric"": ""iLISI""}"
Table S4-00608,si,Table S4,0.933,width,"{""dataset"": ""simulation_1"", ""dim"": 128, ""metric"": ""PCR_batch""}"
Table S4-00609,si,Table S4,–,width,"{""dataset"": ""simulation_1"", ""dim"": 128, ""metric"": ""trajectory""}"
Table S4-00610,si,Table S4,30,width_dim,"{""dataset"": ""simulation_2"", ""dim"": 30}"
Table S4-00611,si,Table S4,0.982,width,"{""dataset"": ""simulation_2"", ""dim"": 30, ""metric"": ""ASW_label""}"
Table S4-00612,si,Table S4,0.687,width,"{""dataset"": ""simulation_2"", ""dim"": 30, ""metric"": ""NMI_cluster/label""}"
Table S4-00613,si,Table S4,0.389,width,"{""dataset"": ""simulation_2"", ""dim"": 30, ""metric"": ""ARI_cluster/label""}"
Table S4-00614,si,Table S4,1.940,width,"{""dataset"": ""simulation_2"", ""dim"": 30, ""metric"": ""iLISI""}"
Table S4-00615,si,Table S4,0.437,width,"{""dataset"": ""simulation_2"", ""dim"": 30, ""metric"": ""PCR_batch""}"
Table S4-00616,si,Table S4,–,width,"{""dataset"": ""simulation_2"", ""dim"": 30, ""metric"": ""trajectory""}"
Table S4-00617,si,Table S4,64,width_dim,"{""dataset"": ""simulation_2"", ""dim"": 64}"
Table S4-00618,si,Table S4,0.980,width,"{""dataset"": ""simulation_2"", ""dim"": 64, ""metric"": ""ASW_label""}"
Table S4-00619,si,Table S4,0.628,width,"{""dataset"": ""simulation_2"", ""dim"": 64, ""metric"": ""NMI_cluster/label""}"
Table S4-00620,si,Table S4,0.290,width,"{""dataset"": ""simulation_2"", ""dim"": 64, ""metric"": ""ARI_cluster/label""}"
Table S4-00621,si,Table S4,1.024,width,"{""dataset"": ""simulation_2"", ""dim"": 64, ""metric"": ""iLISI""}"
Table S4-00622,si,Table S4,0.435,width,"{""dataset"": ""simulation_2"", ""dim"": 64, ""metric"": ""PCR_batch""}"
Table S4-00623,si,Table S4,–,width,"{""dataset"": ""simulation_2"", ""dim"": 64, ""metric"": ""trajectory""}"
Table S4-00624,si,Table S4,128,width_dim,"{""dataset"": ""simulation_2"", ""dim"": 128}"
Table S4-00625,si,Table S4,0.979,width,"{""dataset"": ""simulation_2"", ""dim"": 128, ""metric"": ""ASW_label""}"
Table S4-00626,si,Table S4,0.613,width,"{""dataset"": ""simulation_2"", ""dim"": 128, ""metric"": ""NMI_cluster/label""}"
Table S4-00627,si,Table S4,0.264,width,"{""dataset"": ""simulation_2"", ""dim"": 128, ""metric"": ""ARI_cluster/label""}"
Table S4-00628,si,Table S4,0.100,width,"{""dataset"": ""simulation_2"", ""dim"": 128, ""metric"": ""iLISI""}"
Table S4-00629,si,Table S4,0.439,width,"{""dataset"": ""simulation_2"", ""dim"": 128, ""metric"": ""PCR_batch""}"
Table S4-00630,si,Table S4,–,width,"{""dataset"": ""simulation_2"", ""dim"": 128, ""metric"": ""trajectory""}"
Table S5-00631,si,Table S5,0.911,dataset,"{""block"": ""A"", ""dataset"": ""immune_cell_human"", ""dim"": 128, ""method"": ""solar_orthogonal"", ""metric"": ""trustworthiness"", ""population"": ""reference"", ""stat"": ""mean""}"
Table S5-00632,si,Table S5,3/3,dataset,"{""block"": ""A"", ""dataset"": ""immune_cell_human"", ""dim"": 128, ""method"": ""solar_orthogonal"", ""metric"": ""trustworthiness"", ""population"": ""reference"", ""stat"": ""coverage""}"
Table S5-00633,si,Table S5,0.948,dataset,"{""block"": ""A"", ""dataset"": ""immune_cell_human"", ""dim"": 128, ""method"": ""solar_orthogonal"", ""metric"": ""trustworthiness"", ""population"": ""query"", ""stat"": ""mean""}"
Table S5-00634,si,Table S5,3/3,dataset,"{""block"": ""A"", ""dataset"": ""immune_cell_human"", ""dim"": 128, ""method"": ""solar_orthogonal"", ""metric"": ""trustworthiness"", ""population"": ""query"", ""stat"": ""coverage""}"
Table S5-00635,si,Table S5,0.918,dataset,"{""block"": ""A"", ""dataset"": ""immune_cell_human"", ""dim"": 128, ""method"": ""solar_orthogonal"", ""metric"": ""trustworthiness"", ""population"": ""joint"", ""stat"": ""mean""}"
Table S5-00636,si,Table S5,3/3,dataset,"{""block"": ""A"", ""dataset"": ""immune_cell_human"", ""dim"": 128, ""method"": ""solar_orthogonal"", ""metric"": ""trustworthiness"", ""population"": ""joint"", ""stat"": ""coverage""}"
Table S5-00637,si,Table S5,–,dataset,"{""block"": ""A"", ""dataset"": ""immune_cell_human"", ""dim"": 128, ""method"": ""solar_orthogonal"", ""metric"": ""trustworthiness"", ""population"": ""all"", ""stat"": ""na_code""}"
Table S5-00638,si,Table S5,0.982,dataset,"{""block"": ""A"", ""dataset"": ""immune_cell_human"", ""dim"": 40, ""method"": ""unintegrated_pca_matched"", ""metric"": ""trustworthiness"", ""population"": ""reference"", ""stat"": ""mean""}"
Table S5-00639,si,Table S5,3/3,dataset,"{""block"": ""A"", ""dataset"": ""immune_cell_human"", ""dim"": 40, ""method"": ""unintegrated_pca_matched"", ""metric"": ""trustworthiness"", ""population"": ""reference"", ""stat"": ""coverage""}"
Table S5-00640,si,Table S5,0.973,dataset,"{""block"": ""A"", ""dataset"": ""immune_cell_human"", ""dim"": 40, ""method"": ""unintegrated_pca_matched"", ""metric"": ""trustworthiness"", ""population"": ""query"", ""stat"": ""mean""}"
Table S5-00641,si,Table S5,3/3,dataset,"{""block"": ""A"", ""dataset"": ""immune_cell_human"", ""dim"": 40, ""method"": ""unintegrated_pca_matched"", ""metric"": ""trustworthiness"", ""population"": ""query"", ""stat"": ""coverage""}"
Table S5-00642,si,Table S5,0.985,dataset,"{""block"": ""A"", ""dataset"": ""immune_cell_human"", ""dim"": 40, ""method"": ""unintegrated_pca_matched"", ""metric"": ""trustworthiness"", ""population"": ""joint"", ""stat"": ""mean""}"
Table S5-00643,si,Table S5,3/3,dataset,"{""block"": ""A"", ""dataset"": ""immune_cell_human"", ""dim"": 40, ""method"": ""unintegrated_pca_matched"", ""metric"": ""trustworthiness"", ""population"": ""joint"", ""stat"": ""coverage""}"
Table S5-00644,si,Table S5,–,dataset,"{""block"": ""A"", ""dataset"": ""immune_cell_human"", ""dim"": 40, ""method"": ""unintegrated_pca_matched"", ""metric"": ""trustworthiness"", ""population"": ""all"", ""stat"": ""na_code""}"
Table S5-00645,si,Table S5,0.882,dataset,"{""block"": ""A"", ""dataset"": ""immune_cell_human"", ""dim"": 30, ""method"": ""frozen_reference_scvi"", ""metric"": ""trustworthiness"", ""population"": ""reference"", ""stat"": ""mean""}"
Table S5-00646,si,Table S5,3/3,dataset,"{""block"": ""A"", ""dataset"": ""immune_cell_human"", ""dim"": 30, ""method"": ""frozen_reference_scvi"", ""metric"": ""trustworthiness"", ""population"": ""reference"", ""stat"": ""coverage""}"
Table S5-00647,si,Table S5,0.949,dataset,"{""block"": ""A"", ""dataset"": ""immune_cell_human"", ""dim"": 30, ""method"": ""frozen_reference_scvi"", ""metric"": ""trustworthiness"", ""population"": ""query"", ""stat"": ""mean""}"
Table S5-00648,si,Table S5,3/3,dataset,"{""block"": ""A"", ""dataset"": ""immune_cell_human"", ""dim"": 30, ""method"": ""frozen_reference_scvi"", ""metric"": ""trustworthiness"", ""population"": ""query"", ""stat"": ""coverage""}"
Table S5-00649,si,Table S5,0.889,dataset,"{""block"": ""A"", ""dataset"": ""immune_cell_human"", ""dim"": 30, ""method"": ""frozen_reference_scvi"", ""metric"": ""trustworthiness"", ""population"": ""joint"", ""stat"": ""mean""}"
Table S5-00650,si,Table S5,3/3,dataset,"{""block"": ""A"", ""dataset"": ""immune_cell_human"", ""dim"": 30, ""method"": ""frozen_reference_scvi"", ""metric"": ""trustworthiness"", ""population"": ""joint"", ""stat"": ""coverage""}"
Table S5-00651,si,Table S5,–,dataset,"{""block"": ""A"", ""dataset"": ""immune_cell_human"", ""dim"": 30, ""method"": ""frozen_reference_scvi"", ""metric"": ""trustworthiness"", ""population"": ""all"", ""stat"": ""na_code""}"
Table S5-00652,si,Table S5,0.888,dataset,"{""block"": ""A"", ""dataset"": ""immune_cell_human"", ""dim"": 30, ""method"": ""frozen_reference_scanvi"", ""metric"": ""trustworthiness"", ""population"": ""reference"", ""stat"": ""mean""}"
Table S5-00653,si,Table S5,3/3,dataset,"{""block"": ""A"", ""dataset"": ""immune_cell_human"", ""dim"": 30, ""method"": ""frozen_reference_scanvi"", ""metric"": ""trustworthiness"", ""population"": ""reference"", ""stat"": ""coverage""}"
Table S5-00654,si,Table S5,0.951,dataset,"{""block"": ""A"", ""dataset"": ""immune_cell_human"", ""dim"": 30, ""method"": ""frozen_reference_scanvi"", ""metric"": ""trustworthiness"", ""population"": ""query"", ""stat"": ""mean""}"
Table S5-00655,si,Table S5,3/3,dataset,"{""block"": ""A"", ""dataset"": ""immune_cell_human"", ""dim"": 30, ""method"": ""frozen_reference_scanvi"", ""metric"": ""trustworthiness"", ""population"": ""query"", ""stat"": ""coverage""}"
Table S5-00656,si,Table S5,0.895,dataset,"{""block"": ""A"", ""dataset"": ""immune_cell_human"", ""dim"": 30, ""method"": ""frozen_reference_scanvi"", ""metric"": ""trustworthiness"", ""population"": ""joint"", ""stat"": ""mean""}"
Table S5-00657,si,Table S5,3/3,dataset,"{""block"": ""A"", ""dataset"": ""immune_cell_human"", ""dim"": 30, ""method"": ""frozen_reference_scanvi"", ""metric"": ""trustworthiness"", ""population"": ""joint"", ""stat"": ""coverage""}"
Table S5-00658,si,Table S5,–,dataset,"{""block"": ""A"", ""dataset"": ""immune_cell_human"", ""dim"": 30, ""method"": ""frozen_reference_scanvi"", ""metric"": ""trustworthiness"", ""population"": ""all"", ""stat"": ""na_code""}"
Table S5-00659,si,Table S5,0.873,dataset,"{""block"": ""A"", ""dataset"": ""immune_cell_human"", ""dim"": 16, ""method"": ""sclsc_refonly"", ""metric"": ""trustworthiness"", ""population"": ""reference"", ""stat"": ""mean""}"
Table S5-00660,si,Table S5,3/3,dataset,"{""block"": ""A"", ""dataset"": ""immune_cell_human"", ""dim"": 16, ""method"": ""sclsc_refonly"", ""metric"": ""trustworthiness"", ""population"": ""reference"", ""stat"": ""coverage""}"
Table S5-00661,si,Table S5,0.913,dataset,"{""block"": ""A"", ""dataset"": ""immune_cell_human"", ""dim"": 16, ""method"": ""sclsc_refonly"", ""metric"": ""trustworthiness"", ""population"": ""query"", ""stat"": ""mean""}"
Table S5-00662,si,Table S5,3/3,dataset,"{""block"": ""A"", ""dataset"": ""immune_cell_human"", ""dim"": 16, ""method"": ""sclsc_refonly"", ""metric"": ""trustworthiness"", ""population"": ""query"", ""stat"": ""coverage""}"
Table S5-00663,si,Table S5,0.885,dataset,"{""block"": ""A"", ""dataset"": ""immune_cell_human"", ""dim"": 16, ""method"": ""sclsc_refonly"", ""metric"": ""trustworthiness"", ""population"": ""joint"", ""stat"": ""mean""}"
Table S5-00664,si,Table S5,3/3,dataset,"{""block"": ""A"", ""dataset"": ""immune_cell_human"", ""dim"": 16, ""method"": ""sclsc_refonly"", ""metric"": ""trustworthiness"", ""population"": ""joint"", ""stat"": ""coverage""}"
Table S5-00665,si,Table S5,–,dataset,"{""block"": ""A"", ""dataset"": ""immune_cell_human"", ""dim"": 16, ""method"": ""sclsc_refonly"", ""metric"": ""trustworthiness"", ""population"": ""all"", ""stat"": ""na_code""}"
Table S5-00666,si,Table S5,0.886,dataset,"{""block"": ""B"", ""dataset"": ""immune_cell_human"", ""dim"": 30, ""method"": ""solar_orthogonal"", ""metric"": ""trustworthiness"", ""population"": ""reference"", ""stat"": ""mean""}"
Table S5-00667,si,Table S5,3/3,dataset,"{""block"": ""B"", ""dataset"": ""immune_cell_human"", ""dim"": 30, ""method"": ""solar_orthogonal"", ""metric"": ""trustworthiness"", ""population"": ""reference"", ""stat"": ""coverage""}"
Table S5-00668,si,Table S5,0.943,dataset,"{""block"": ""B"", ""dataset"": ""immune_cell_human"", ""dim"": 30, ""method"": ""solar_orthogonal"", ""metric"": ""trustworthiness"", ""population"": ""query"", ""stat"": ""mean""}"
Table S5-00669,si,Table S5,3/3,dataset,"{""block"": ""B"", ""dataset"": ""immune_cell_human"", ""dim"": 30, ""method"": ""solar_orthogonal"", ""metric"": ""trustworthiness"", ""population"": ""query"", ""stat"": ""coverage""}"
Table S5-00670,si,Table S5,0.895,dataset,"{""block"": ""B"", ""dataset"": ""immune_cell_human"", ""dim"": 30, ""method"": ""solar_orthogonal"", ""metric"": ""trustworthiness"", ""population"": ""joint"", ""stat"": ""mean""}"
Table S5-00671,si,Table S5,3/3,dataset,"{""block"": ""B"", ""dataset"": ""immune_cell_human"", ""dim"": 30, ""method"": ""solar_orthogonal"", ""metric"": ""trustworthiness"", ""population"": ""joint"", ""stat"": ""coverage""}"
Table S5-00672,si,Table S5,–,dataset,"{""block"": ""B"", ""dataset"": ""immune_cell_human"", ""dim"": 30, ""method"": ""solar_orthogonal"", ""metric"": ""trustworthiness"", ""population"": ""all"", ""stat"": ""na_code""}"
Table S5-00673,si,Table S5,0.982,dataset,"{""block"": ""B"", ""dataset"": ""immune_cell_human"", ""dim"": 30, ""method"": ""unintegrated_pca_matched"", ""metric"": ""trustworthiness"", ""population"": ""reference"", ""stat"": ""mean""}"
Table S5-00674,si,Table S5,3/3,dataset,"{""block"": ""B"", ""dataset"": ""immune_cell_human"", ""dim"": 30, ""method"": ""unintegrated_pca_matched"", ""metric"": ""trustworthiness"", ""population"": ""reference"", ""stat"": ""coverage""}"
Table S5-00675,si,Table S5,0.974,dataset,"{""block"": ""B"", ""dataset"": ""immune_cell_human"", ""dim"": 30, ""method"": ""unintegrated_pca_matched"", ""metric"": ""trustworthiness"", ""population"": ""query"", ""stat"": ""mean""}"
Table S5-00676,si,Table S5,3/3,dataset,"{""block"": ""B"", ""dataset"": ""immune_cell_human"", ""dim"": 30, ""method"": ""unintegrated_pca_matched"", ""metric"": ""trustworthiness"", ""population"": ""query"", ""stat"": ""coverage""}"
Table S5-00677,si,Table S5,0.985,dataset,"{""block"": ""B"", ""dataset"": ""immune_cell_human"", ""dim"": 30, ""method"": ""unintegrated_pca_matched"", ""metric"": ""trustworthiness"", ""population"": ""joint"", ""stat"": ""mean""}"
Table S5-00678,si,Table S5,3/3,dataset,"{""block"": ""B"", ""dataset"": ""immune_cell_human"", ""dim"": 30, ""method"": ""unintegrated_pca_matched"", ""metric"": ""trustworthiness"", ""population"": ""joint"", ""stat"": ""coverage""}"
Table S5-00679,si,Table S5,–,dataset,"{""block"": ""B"", ""dataset"": ""immune_cell_human"", ""dim"": 30, ""method"": ""unintegrated_pca_matched"", ""metric"": ""trustworthiness"", ""population"": ""all"", ""stat"": ""na_code""}"
Table S5-00680,si,Table S5,0.882,dataset,"{""block"": ""B"", ""dataset"": ""immune_cell_human"", ""dim"": 30, ""method"": ""frozen_reference_scvi"", ""metric"": ""trustworthiness"", ""population"": ""reference"", ""stat"": ""mean""}"
Table S5-00681,si,Table S5,3/3,dataset,"{""block"": ""B"", ""dataset"": ""immune_cell_human"", ""dim"": 30, ""method"": ""frozen_reference_scvi"", ""metric"": ""trustworthiness"", ""population"": ""reference"", ""stat"": ""coverage""}"
Table S5-00682,si,Table S5,0.949,dataset,"{""block"": ""B"", ""dataset"": ""immune_cell_human"", ""dim"": 30, ""method"": ""frozen_reference_scvi"", ""metric"": ""trustworthiness"", ""population"": ""query"", ""stat"": ""mean""}"
Table S5-00683,si,Table S5,3/3,dataset,"{""block"": ""B"", ""dataset"": ""immune_cell_human"", ""dim"": 30, ""method"": ""frozen_reference_scvi"", ""metric"": ""trustworthiness"", ""population"": ""query"", ""stat"": ""coverage""}"
Table S5-00684,si,Table S5,0.889,dataset,"{""block"": ""B"", ""dataset"": ""immune_cell_human"", ""dim"": 30, ""method"": ""frozen_reference_scvi"", ""metric"": ""trustworthiness"", ""population"": ""joint"", ""stat"": ""mean""}"
Table S5-00685,si,Table S5,3/3,dataset,"{""block"": ""B"", ""dataset"": ""immune_cell_human"", ""dim"": 30, ""method"": ""frozen_reference_scvi"", ""metric"": ""trustworthiness"", ""population"": ""joint"", ""stat"": ""coverage""}"
Table S5-00686,si,Table S5,–,dataset,"{""block"": ""B"", ""dataset"": ""immune_cell_human"", ""dim"": 30, ""method"": ""frozen_reference_scvi"", ""metric"": ""trustworthiness"", ""population"": ""all"", ""stat"": ""na_code""}"
Table S5-00687,si,Table S5,0.888,dataset,"{""block"": ""B"", ""dataset"": ""immune_cell_human"", ""dim"": 30, ""method"": ""frozen_reference_scanvi"", ""metric"": ""trustworthiness"", ""population"": ""reference"", ""stat"": ""mean""}"
Table S5-00688,si,Table S5,3/3,dataset,"{""block"": ""B"", ""dataset"": ""immune_cell_human"", ""dim"": 30, ""method"": ""frozen_reference_scanvi"", ""metric"": ""trustworthiness"", ""population"": ""reference"", ""stat"": ""coverage""}"
Table S5-00689,si,Table S5,0.951,dataset,"{""block"": ""B"", ""dataset"": ""immune_cell_human"", ""dim"": 30, ""method"": ""frozen_reference_scanvi"", ""metric"": ""trustworthiness"", ""population"": ""query"", ""stat"": ""mean""}"
Table S5-00690,si,Table S5,3/3,dataset,"{""block"": ""B"", ""dataset"": ""immune_cell_human"", ""dim"": 30, ""method"": ""frozen_reference_scanvi"", ""metric"": ""trustworthiness"", ""population"": ""query"", ""stat"": ""coverage""}"
Table S5-00691,si,Table S5,0.895,dataset,"{""block"": ""B"", ""dataset"": ""immune_cell_human"", ""dim"": 30, ""method"": ""frozen_reference_scanvi"", ""metric"": ""trustworthiness"", ""population"": ""joint"", ""stat"": ""mean""}"
Table S5-00692,si,Table S5,3/3,dataset,"{""block"": ""B"", ""dataset"": ""immune_cell_human"", ""dim"": 30, ""method"": ""frozen_reference_scanvi"", ""metric"": ""trustworthiness"", ""population"": ""joint"", ""stat"": ""coverage""}"
Table S5-00693,si,Table S5,–,dataset,"{""block"": ""B"", ""dataset"": ""immune_cell_human"", ""dim"": 30, ""method"": ""frozen_reference_scanvi"", ""metric"": ""trustworthiness"", ""population"": ""all"", ""stat"": ""na_code""}"
Table S5-00694,si,Table S5,0.873,dataset,"{""block"": ""B"", ""dataset"": ""immune_cell_human"", ""dim"": 30, ""method"": ""sclsc_refonly"", ""metric"": ""trustworthiness"", ""population"": ""reference"", ""stat"": ""mean""}"
Table S5-00695,si,Table S5,3/3,dataset,"{""block"": ""B"", ""dataset"": ""immune_cell_human"", ""dim"": 30, ""method"": ""sclsc_refonly"", ""metric"": ""trustworthiness"", ""population"": ""reference"", ""stat"": ""coverage""}"
Table S5-00696,si,Table S5,0.914,dataset,"{""block"": ""B"", ""dataset"": ""immune_cell_human"", ""dim"": 30, ""method"": ""sclsc_refonly"", ""metric"": ""trustworthiness"", ""population"": ""query"", ""stat"": ""mean""}"
Table S5-00697,si,Table S5,3/3,dataset,"{""block"": ""B"", ""dataset"": ""immune_cell_human"", ""dim"": 30, ""method"": ""sclsc_refonly"", ""metric"": ""trustworthiness"", ""population"": ""query"", ""stat"": ""coverage""}"
Table S5-00698,si,Table S5,0.885,dataset,"{""block"": ""B"", ""dataset"": ""immune_cell_human"", ""dim"": 30, ""method"": ""sclsc_refonly"", ""metric"": ""trustworthiness"", ""population"": ""joint"", ""stat"": ""mean""}"
Table S5-00699,si,Table S5,3/3,dataset,"{""block"": ""B"", ""dataset"": ""immune_cell_human"", ""dim"": 30, ""method"": ""sclsc_refonly"", ""metric"": ""trustworthiness"", ""population"": ""joint"", ""stat"": ""coverage""}"
Table S5-00700,si,Table S5,–,dataset,"{""block"": ""B"", ""dataset"": ""immune_cell_human"", ""dim"": 30, ""method"": ""sclsc_refonly"", ""metric"": ""trustworthiness"", ""population"": ""all"", ""stat"": ""na_code""}"
Table S5-00701,si,Table S5,0.936,dataset,"{""block"": ""Control"", ""dataset"": ""immune_cell_human"", ""dim"": 128, ""method"": ""solar_orthogonal_uniq"", ""metric"": ""trustworthiness"", ""population"": ""reference"", ""stat"": ""mean""}"
Table S5-00702,si,Table S5,3/3,dataset,"{""block"": ""Control"", ""dataset"": ""immune_cell_human"", ""dim"": 128, ""method"": ""solar_orthogonal_uniq"", ""metric"": ""trustworthiness"", ""population"": ""reference"", ""stat"": ""coverage""}"
Table S5-00703,si,Table S5,0.952,dataset,"{""block"": ""Control"", ""dataset"": ""immune_cell_human"", ""dim"": 128, ""method"": ""solar_orthogonal_uniq"", ""metric"": ""trustworthiness"", ""population"": ""query"", ""stat"": ""mean""}"
Table S5-00704,si,Table S5,3/3,dataset,"{""block"": ""Control"", ""dataset"": ""immune_cell_human"", ""dim"": 128, ""method"": ""solar_orthogonal_uniq"", ""metric"": ""trustworthiness"", ""population"": ""query"", ""stat"": ""coverage""}"
Table S5-00705,si,Table S5,0.942,dataset,"{""block"": ""Control"", ""dataset"": ""immune_cell_human"", ""dim"": 128, ""method"": ""solar_orthogonal_uniq"", ""metric"": ""trustworthiness"", ""population"": ""joint"", ""stat"": ""mean""}"
Table S5-00706,si,Table S5,3/3,dataset,"{""block"": ""Control"", ""dataset"": ""immune_cell_human"", ""dim"": 128, ""method"": ""solar_orthogonal_uniq"", ""metric"": ""trustworthiness"", ""population"": ""joint"", ""stat"": ""coverage""}"
Table S5-00707,si,Table S5,–,dataset,"{""block"": ""Control"", ""dataset"": ""immune_cell_human"", ""dim"": 128, ""method"": ""solar_orthogonal_uniq"", ""metric"": ""trustworthiness"", ""population"": ""all"", ""stat"": ""na_code""}"
Table S5-00708,si,Table S5,0.932,dataset,"{""block"": ""Control"", ""dataset"": ""immune_cell_human"", ""dim"": 128, ""method"": ""solar_none"", ""metric"": ""trustworthiness"", ""population"": ""reference"", ""stat"": ""mean""}"
Table S5-00709,si,Table S5,3/3,dataset,"{""block"": ""Control"", ""dataset"": ""immune_cell_human"", ""dim"": 128, ""method"": ""solar_none"", ""metric"": ""trustworthiness"", ""population"": ""reference"", ""stat"": ""coverage""}"
Table S5-00710,si,Table S5,0.950,dataset,"{""block"": ""Control"", ""dataset"": ""immune_cell_human"", ""dim"": 128, ""method"": ""solar_none"", ""metric"": ""trustworthiness"", ""population"": ""query"", ""stat"": ""mean""}"
Table S5-00711,si,Table S5,3/3,dataset,"{""block"": ""Control"", ""dataset"": ""immune_cell_human"", ""dim"": 128, ""method"": ""solar_none"", ""metric"": ""trustworthiness"", ""population"": ""query"", ""stat"": ""coverage""}"
Table S5-00712,si,Table S5,0.939,dataset,"{""block"": ""Control"", ""dataset"": ""immune_cell_human"", ""dim"": 128, ""method"": ""solar_none"", ""metric"": ""trustworthiness"", ""population"": ""joint"", ""stat"": ""mean""}"
Table S5-00713,si,Table S5,3/3,dataset,"{""block"": ""Control"", ""dataset"": ""immune_cell_human"", ""dim"": 128, ""method"": ""solar_none"", ""metric"": ""trustworthiness"", ""population"": ""joint"", ""stat"": ""coverage""}"
Table S5-00714,si,Table S5,–,dataset,"{""block"": ""Control"", ""dataset"": ""immune_cell_human"", ""dim"": 128, ""method"": ""solar_none"", ""metric"": ""trustworthiness"", ""population"": ""all"", ""stat"": ""na_code""}"
Table S5-00715,si,Table S5,0.945,dataset,"{""block"": ""A"", ""dataset"": ""lung_atlas"", ""dim"": 128, ""method"": ""solar_orthogonal"", ""metric"": ""trustworthiness"", ""population"": ""reference"", ""stat"": ""mean""}"
Table S5-00716,si,Table S5,3/3,dataset,"{""block"": ""A"", ""dataset"": ""lung_atlas"", ""dim"": 128, ""method"": ""solar_orthogonal"", ""metric"": ""trustworthiness"", ""population"": ""reference"", ""stat"": ""coverage""}"
Table S5-00717,si,Table S5,0.933,dataset,"{""block"": ""A"", ""dataset"": ""lung_atlas"", ""dim"": 128, ""method"": ""solar_orthogonal"", ""metric"": ""trustworthiness"", ""population"": ""query"", ""stat"": ""mean""}"
Table S5-00718,si,Table S5,3/3,dataset,"{""block"": ""A"", ""dataset"": ""lung_atlas"", ""dim"": 128, ""method"": ""solar_orthogonal"", ""metric"": ""trustworthiness"", ""population"": ""query"", ""stat"": ""coverage""}"
Table S5-00719,si,Table S5,0.947,dataset,"{""block"": ""A"", ""dataset"": ""lung_atlas"", ""dim"": 128, ""method"": ""solar_orthogonal"", ""metric"": ""trustworthiness"", ""population"": ""joint"", ""stat"": ""mean""}"
Table S5-00720,si,Table S5,3/3,dataset,"{""block"": ""A"", ""dataset"": ""lung_atlas"", ""dim"": 128, ""method"": ""solar_orthogonal"", ""metric"": ""trustworthiness"", ""population"": ""joint"", ""stat"": ""coverage""}"
Table S5-00721,si,Table S5,–,dataset,"{""block"": ""A"", ""dataset"": ""lung_atlas"", ""dim"": 128, ""method"": ""solar_orthogonal"", ""metric"": ""trustworthiness"", ""population"": ""all"", ""stat"": ""na_code""}"
Table S5-00722,si,Table S5,0.994,dataset,"{""block"": ""A"", ""dataset"": ""lung_atlas"", ""dim"": 40, ""method"": ""unintegrated_pca_matched"", ""metric"": ""trustworthiness"", ""population"": ""reference"", ""stat"": ""mean""}"
Table S5-00723,si,Table S5,3/3,dataset,"{""block"": ""A"", ""dataset"": ""lung_atlas"", ""dim"": 40, ""method"": ""unintegrated_pca_matched"", ""metric"": ""trustworthiness"", ""population"": ""reference"", ""stat"": ""coverage""}"
Table S5-00724,si,Table S5,0.966,dataset,"{""block"": ""A"", ""dataset"": ""lung_atlas"", ""dim"": 40, ""method"": ""unintegrated_pca_matched"", ""metric"": ""trustworthiness"", ""population"": ""query"", ""stat"": ""mean""}"
Table S5-00725,si,Table S5,3/3,dataset,"{""block"": ""A"", ""dataset"": ""lung_atlas"", ""dim"": 40, ""method"": ""unintegrated_pca_matched"", ""metric"": ""trustworthiness"", ""population"": ""query"", ""stat"": ""coverage""}"
Table S5-00726,si,Table S5,0.994,dataset,"{""block"": ""A"", ""dataset"": ""lung_atlas"", ""dim"": 40, ""method"": ""unintegrated_pca_matched"", ""metric"": ""trustworthiness"", ""population"": ""joint"", ""stat"": ""mean""}"
Table S5-00727,si,Table S5,3/3,dataset,"{""block"": ""A"", ""dataset"": ""lung_atlas"", ""dim"": 40, ""method"": ""unintegrated_pca_matched"", ""metric"": ""trustworthiness"", ""population"": ""joint"", ""stat"": ""coverage""}"
Table S5-00728,si,Table S5,–,dataset,"{""block"": ""A"", ""dataset"": ""lung_atlas"", ""dim"": 40, ""method"": ""unintegrated_pca_matched"", ""metric"": ""trustworthiness"", ""population"": ""all"", ""stat"": ""na_code""}"
Table S5-00729,si,Table S5,0.885,dataset,"{""block"": ""A"", ""dataset"": ""lung_atlas"", ""dim"": 30, ""method"": ""frozen_reference_scvi"", ""metric"": ""trustworthiness"", ""population"": ""reference"", ""stat"": ""mean""}"
Table S5-00730,si,Table S5,3/3,dataset,"{""block"": ""A"", ""dataset"": ""lung_atlas"", ""dim"": 30, ""method"": ""frozen_reference_scvi"", ""metric"": ""trustworthiness"", ""population"": ""reference"", ""stat"": ""coverage""}"
Table S5-00731,si,Table S5,0.944,dataset,"{""block"": ""A"", ""dataset"": ""lung_atlas"", ""dim"": 30, ""method"": ""frozen_reference_scvi"", ""metric"": ""trustworthiness"", ""population"": ""query"", ""stat"": ""mean""}"
Table S5-00732,si,Table S5,3/3,dataset,"{""block"": ""A"", ""dataset"": ""lung_atlas"", ""dim"": 30, ""method"": ""frozen_reference_scvi"", ""metric"": ""trustworthiness"", ""population"": ""query"", ""stat"": ""coverage""}"
Table S5-00733,si,Table S5,0.887,dataset,"{""block"": ""A"", ""dataset"": ""lung_atlas"", ""dim"": 30, ""method"": ""frozen_reference_scvi"", ""metric"": ""trustworthiness"", ""population"": ""joint"", ""stat"": ""mean""}"
Table S5-00734,si,Table S5,3/3,dataset,"{""block"": ""A"", ""dataset"": ""lung_atlas"", ""dim"": 30, ""method"": ""frozen_reference_scvi"", ""metric"": ""trustworthiness"", ""population"": ""joint"", ""stat"": ""coverage""}"
Table S5-00735,si,Table S5,–,dataset,"{""block"": ""A"", ""dataset"": ""lung_atlas"", ""dim"": 30, ""method"": ""frozen_reference_scvi"", ""metric"": ""trustworthiness"", ""population"": ""all"", ""stat"": ""na_code""}"
Table S5-00736,si,Table S5,0.925,dataset,"{""block"": ""A"", ""dataset"": ""lung_atlas"", ""dim"": 30, ""method"": ""frozen_reference_scanvi"", ""metric"": ""trustworthiness"", ""population"": ""reference"", ""stat"": ""mean""}"
Table S5-00737,si,Table S5,3/3,dataset,"{""block"": ""A"", ""dataset"": ""lung_atlas"", ""dim"": 30, ""method"": ""frozen_reference_scanvi"", ""metric"": ""trustworthiness"", ""population"": ""reference"", ""stat"": ""coverage""}"
Table S5-00738,si,Table S5,0.947,dataset,"{""block"": ""A"", ""dataset"": ""lung_atlas"", ""dim"": 30, ""method"": ""frozen_reference_scanvi"", ""metric"": ""trustworthiness"", ""population"": ""query"", ""stat"": ""mean""}"
Table S5-00739,si,Table S5,3/3,dataset,"{""block"": ""A"", ""dataset"": ""lung_atlas"", ""dim"": 30, ""method"": ""frozen_reference_scanvi"", ""metric"": ""trustworthiness"", ""population"": ""query"", ""stat"": ""coverage""}"
Table S5-00740,si,Table S5,0.925,dataset,"{""block"": ""A"", ""dataset"": ""lung_atlas"", ""dim"": 30, ""method"": ""frozen_reference_scanvi"", ""metric"": ""trustworthiness"", ""population"": ""joint"", ""stat"": ""mean""}"
Table S5-00741,si,Table S5,3/3,dataset,"{""block"": ""A"", ""dataset"": ""lung_atlas"", ""dim"": 30, ""method"": ""frozen_reference_scanvi"", ""metric"": ""trustworthiness"", ""population"": ""joint"", ""stat"": ""coverage""}"
Table S5-00742,si,Table S5,–,dataset,"{""block"": ""A"", ""dataset"": ""lung_atlas"", ""dim"": 30, ""method"": ""frozen_reference_scanvi"", ""metric"": ""trustworthiness"", ""population"": ""all"", ""stat"": ""na_code""}"
Table S5-00743,si,Table S5,0.921,dataset,"{""block"": ""A"", ""dataset"": ""lung_atlas"", ""dim"": 16, ""method"": ""sclsc_refonly"", ""metric"": ""trustworthiness"", ""population"": ""reference"", ""stat"": ""mean""}"
Table S5-00744,si,Table S5,3/3,dataset,"{""block"": ""A"", ""dataset"": ""lung_atlas"", ""dim"": 16, ""method"": ""sclsc_refonly"", ""metric"": ""trustworthiness"", ""population"": ""reference"", ""stat"": ""coverage""}"
Table S5-00745,si,Table S5,0.892,dataset,"{""block"": ""A"", ""dataset"": ""lung_atlas"", ""dim"": 16, ""method"": ""sclsc_refonly"", ""metric"": ""trustworthiness"", ""population"": ""query"", ""stat"": ""mean""}"
Table S5-00746,si,Table S5,3/3,dataset,"{""block"": ""A"", ""dataset"": ""lung_atlas"", ""dim"": 16, ""method"": ""sclsc_refonly"", ""metric"": ""trustworthiness"", ""population"": ""query"", ""stat"": ""coverage""}"
Table S5-00747,si,Table S5,0.921,dataset,"{""block"": ""A"", ""dataset"": ""lung_atlas"", ""dim"": 16, ""method"": ""sclsc_refonly"", ""metric"": ""trustworthiness"", ""population"": ""joint"", ""stat"": ""mean""}"
Table S5-00748,si,Table S5,3/3,dataset,"{""block"": ""A"", ""dataset"": ""lung_atlas"", ""dim"": 16, ""method"": ""sclsc_refonly"", ""metric"": ""trustworthiness"", ""population"": ""joint"", ""stat"": ""coverage""}"
Table S5-00749,si,Table S5,–,dataset,"{""block"": ""A"", ""dataset"": ""lung_atlas"", ""dim"": 16, ""method"": ""sclsc_refonly"", ""metric"": ""trustworthiness"", ""population"": ""all"", ""stat"": ""na_code""}"
Table S5-00750,si,Table S5,0.928,dataset,"{""block"": ""B"", ""dataset"": ""lung_atlas"", ""dim"": 30, ""method"": ""solar_orthogonal"", ""metric"": ""trustworthiness"", ""population"": ""reference"", ""stat"": ""mean""}"
Table S5-00751,si,Table S5,3/3,dataset,"{""block"": ""B"", ""dataset"": ""lung_atlas"", ""dim"": 30, ""method"": ""solar_orthogonal"", ""metric"": ""trustworthiness"", ""population"": ""reference"", ""stat"": ""coverage""}"
Table S5-00752,si,Table S5,0.930,dataset,"{""block"": ""B"", ""dataset"": ""lung_atlas"", ""dim"": 30, ""method"": ""solar_orthogonal"", ""metric"": ""trustworthiness"", ""population"": ""query"", ""stat"": ""mean""}"
Table S5-00753,si,Table S5,3/3,dataset,"{""block"": ""B"", ""dataset"": ""lung_atlas"", ""dim"": 30, ""method"": ""solar_orthogonal"", ""metric"": ""trustworthiness"", ""population"": ""query"", ""stat"": ""coverage""}"
Table S5-00754,si,Table S5,0.930,dataset,"{""block"": ""B"", ""dataset"": ""lung_atlas"", ""dim"": 30, ""method"": ""solar_orthogonal"", ""metric"": ""trustworthiness"", ""population"": ""joint"", ""stat"": ""mean""}"
Table S5-00755,si,Table S5,3/3,dataset,"{""block"": ""B"", ""dataset"": ""lung_atlas"", ""dim"": 30, ""method"": ""solar_orthogonal"", ""metric"": ""trustworthiness"", ""population"": ""joint"", ""stat"": ""coverage""}"
Table S5-00756,si,Table S5,–,dataset,"{""block"": ""B"", ""dataset"": ""lung_atlas"", ""dim"": 30, ""method"": ""solar_orthogonal"", ""metric"": ""trustworthiness"", ""population"": ""all"", ""stat"": ""na_code""}"
Table S5-00757,si,Table S5,0.994,dataset,"{""block"": ""B"", ""dataset"": ""lung_atlas"", ""dim"": 30, ""method"": ""unintegrated_pca_matched"", ""metric"": ""trustworthiness"", ""population"": ""reference"", ""stat"": ""mean""}"
Table S5-00758,si,Table S5,3/3,dataset,"{""block"": ""B"", ""dataset"": ""lung_atlas"", ""dim"": 30, ""method"": ""unintegrated_pca_matched"", ""metric"": ""trustworthiness"", ""population"": ""reference"", ""stat"": ""coverage""}"
Table S5-00759,si,Table S5,0.964,dataset,"{""block"": ""B"", ""dataset"": ""lung_atlas"", ""dim"": 30, ""method"": ""unintegrated_pca_matched"", ""metric"": ""trustworthiness"", ""population"": ""query"", ""stat"": ""mean""}"
Table S5-00760,si,Table S5,3/3,dataset,"{""block"": ""B"", ""dataset"": ""lung_atlas"", ""dim"": 30, ""method"": ""unintegrated_pca_matched"", ""metric"": ""trustworthiness"", ""population"": ""query"", ""stat"": ""coverage""}"
Table S5-00761,si,Table S5,0.994,dataset,"{""block"": ""B"", ""dataset"": ""lung_atlas"", ""dim"": 30, ""method"": ""unintegrated_pca_matched"", ""metric"": ""trustworthiness"", ""population"": ""joint"", ""stat"": ""mean""}"
Table S5-00762,si,Table S5,3/3,dataset,"{""block"": ""B"", ""dataset"": ""lung_atlas"", ""dim"": 30, ""method"": ""unintegrated_pca_matched"", ""metric"": ""trustworthiness"", ""population"": ""joint"", ""stat"": ""coverage""}"
Table S5-00763,si,Table S5,–,dataset,"{""block"": ""B"", ""dataset"": ""lung_atlas"", ""dim"": 30, ""method"": ""unintegrated_pca_matched"", ""metric"": ""trustworthiness"", ""population"": ""all"", ""stat"": ""na_code""}"
Table S5-00764,si,Table S5,0.885,dataset,"{""block"": ""B"", ""dataset"": ""lung_atlas"", ""dim"": 30, ""method"": ""frozen_reference_scvi"", ""metric"": ""trustworthiness"", ""population"": ""reference"", ""stat"": ""mean""}"
Table S5-00765,si,Table S5,3/3,dataset,"{""block"": ""B"", ""dataset"": ""lung_atlas"", ""dim"": 30, ""method"": ""frozen_reference_scvi"", ""metric"": ""trustworthiness"", ""population"": ""reference"", ""stat"": ""coverage""}"
Table S5-00766,si,Table S5,0.944,dataset,"{""block"": ""B"", ""dataset"": ""lung_atlas"", ""dim"": 30, ""method"": ""frozen_reference_scvi"", ""metric"": ""trustworthiness"", ""population"": ""query"", ""stat"": ""mean""}"
Table S5-00767,si,Table S5,3/3,dataset,"{""block"": ""B"", ""dataset"": ""lung_atlas"", ""dim"": 30, ""method"": ""frozen_reference_scvi"", ""metric"": ""trustworthiness"", ""population"": ""query"", ""stat"": ""coverage""}"
Table S5-00768,si,Table S5,0.887,dataset,"{""block"": ""B"", ""dataset"": ""lung_atlas"", ""dim"": 30, ""method"": ""frozen_reference_scvi"", ""metric"": ""trustworthiness"", ""population"": ""joint"", ""stat"": ""mean""}"
Table S5-00769,si,Table S5,3/3,dataset,"{""block"": ""B"", ""dataset"": ""lung_atlas"", ""dim"": 30, ""method"": ""frozen_reference_scvi"", ""metric"": ""trustworthiness"", ""population"": ""joint"", ""stat"": ""coverage""}"
Table S5-00770,si,Table S5,–,dataset,"{""block"": ""B"", ""dataset"": ""lung_atlas"", ""dim"": 30, ""method"": ""frozen_reference_scvi"", ""metric"": ""trustworthiness"", ""population"": ""all"", ""stat"": ""na_code""}"
Table S5-00771,si,Table S5,0.925,dataset,"{""block"": ""B"", ""dataset"": ""lung_atlas"", ""dim"": 30, ""method"": ""frozen_reference_scanvi"", ""metric"": ""trustworthiness"", ""population"": ""reference"", ""stat"": ""mean""}"
Table S5-00772,si,Table S5,3/3,dataset,"{""block"": ""B"", ""dataset"": ""lung_atlas"", ""dim"": 30, ""method"": ""frozen_reference_scanvi"", ""metric"": ""trustworthiness"", ""population"": ""reference"", ""stat"": ""coverage""}"
Table S5-00773,si,Table S5,0.947,dataset,"{""block"": ""B"", ""dataset"": ""lung_atlas"", ""dim"": 30, ""method"": ""frozen_reference_scanvi"", ""metric"": ""trustworthiness"", ""population"": ""query"", ""stat"": ""mean""}"
Table S5-00774,si,Table S5,3/3,dataset,"{""block"": ""B"", ""dataset"": ""lung_atlas"", ""dim"": 30, ""method"": ""frozen_reference_scanvi"", ""metric"": ""trustworthiness"", ""population"": ""query"", ""stat"": ""coverage""}"
Table S5-00775,si,Table S5,0.925,dataset,"{""block"": ""B"", ""dataset"": ""lung_atlas"", ""dim"": 30, ""method"": ""frozen_reference_scanvi"", ""metric"": ""trustworthiness"", ""population"": ""joint"", ""stat"": ""mean""}"
Table S5-00776,si,Table S5,3/3,dataset,"{""block"": ""B"", ""dataset"": ""lung_atlas"", ""dim"": 30, ""method"": ""frozen_reference_scanvi"", ""metric"": ""trustworthiness"", ""population"": ""joint"", ""stat"": ""coverage""}"
Table S5-00777,si,Table S5,–,dataset,"{""block"": ""B"", ""dataset"": ""lung_atlas"", ""dim"": 30, ""method"": ""frozen_reference_scanvi"", ""metric"": ""trustworthiness"", ""population"": ""all"", ""stat"": ""na_code""}"
Table S5-00778,si,Table S5,0.923,dataset,"{""block"": ""B"", ""dataset"": ""lung_atlas"", ""dim"": 30, ""method"": ""sclsc_refonly"", ""metric"": ""trustworthiness"", ""population"": ""reference"", ""stat"": ""mean""}"
Table S5-00779,si,Table S5,3/3,dataset,"{""block"": ""B"", ""dataset"": ""lung_atlas"", ""dim"": 30, ""method"": ""sclsc_refonly"", ""metric"": ""trustworthiness"", ""population"": ""reference"", ""stat"": ""coverage""}"
Table S5-00780,si,Table S5,0.893,dataset,"{""block"": ""B"", ""dataset"": ""lung_atlas"", ""dim"": 30, ""method"": ""sclsc_refonly"", ""metric"": ""trustworthiness"", ""population"": ""query"", ""stat"": ""mean""}"
Table S5-00781,si,Table S5,3/3,dataset,"{""block"": ""B"", ""dataset"": ""lung_atlas"", ""dim"": 30, ""method"": ""sclsc_refonly"", ""metric"": ""trustworthiness"", ""population"": ""query"", ""stat"": ""coverage""}"
Table S5-00782,si,Table S5,0.923,dataset,"{""block"": ""B"", ""dataset"": ""lung_atlas"", ""dim"": 30, ""method"": ""sclsc_refonly"", ""metric"": ""trustworthiness"", ""population"": ""joint"", ""stat"": ""mean""}"
Table S5-00783,si,Table S5,3/3,dataset,"{""block"": ""B"", ""dataset"": ""lung_atlas"", ""dim"": 30, ""method"": ""sclsc_refonly"", ""metric"": ""trustworthiness"", ""population"": ""joint"", ""stat"": ""coverage""}"
Table S5-00784,si,Table S5,–,dataset,"{""block"": ""B"", ""dataset"": ""lung_atlas"", ""dim"": 30, ""method"": ""sclsc_refonly"", ""metric"": ""trustworthiness"", ""population"": ""all"", ""stat"": ""na_code""}"
Table S5-00785,si,Table S5,0.958,dataset,"{""block"": ""Control"", ""dataset"": ""lung_atlas"", ""dim"": 128, ""method"": ""solar_orthogonal_uniq"", ""metric"": ""trustworthiness"", ""population"": ""reference"", ""stat"": ""mean""}"
Table S5-00786,si,Table S5,3/3,dataset,"{""block"": ""Control"", ""dataset"": ""lung_atlas"", ""dim"": 128, ""method"": ""solar_orthogonal_uniq"", ""metric"": ""trustworthiness"", ""population"": ""reference"", ""stat"": ""coverage""}"
Table S5-00787,si,Table S5,0.942,dataset,"{""block"": ""Control"", ""dataset"": ""lung_atlas"", ""dim"": 128, ""method"": ""solar_orthogonal_uniq"", ""metric"": ""trustworthiness"", ""population"": ""query"", ""stat"": ""mean""}"
Table S5-00788,si,Table S5,3/3,dataset,"{""block"": ""Control"", ""dataset"": ""lung_atlas"", ""dim"": 128, ""method"": ""solar_orthogonal_uniq"", ""metric"": ""trustworthiness"", ""population"": ""query"", ""stat"": ""coverage""}"
Table S5-00789,si,Table S5,0.959,dataset,"{""block"": ""Control"", ""dataset"": ""lung_atlas"", ""dim"": 128, ""method"": ""solar_orthogonal_uniq"", ""metric"": ""trustworthiness"", ""population"": ""joint"", ""stat"": ""mean""}"
Table S5-00790,si,Table S5,3/3,dataset,"{""block"": ""Control"", ""dataset"": ""lung_atlas"", ""dim"": 128, ""method"": ""solar_orthogonal_uniq"", ""metric"": ""trustworthiness"", ""population"": ""joint"", ""stat"": ""coverage""}"
Table S5-00791,si,Table S5,–,dataset,"{""block"": ""Control"", ""dataset"": ""lung_atlas"", ""dim"": 128, ""method"": ""solar_orthogonal_uniq"", ""metric"": ""trustworthiness"", ""population"": ""all"", ""stat"": ""na_code""}"
Table S5-00792,si,Table S5,0.955,dataset,"{""block"": ""Control"", ""dataset"": ""lung_atlas"", ""dim"": 128, ""method"": ""solar_none"", ""metric"": ""trustworthiness"", ""population"": ""reference"", ""stat"": ""mean""}"
Table S5-00793,si,Table S5,3/3,dataset,"{""block"": ""Control"", ""dataset"": ""lung_atlas"", ""dim"": 128, ""method"": ""solar_none"", ""metric"": ""trustworthiness"", ""population"": ""reference"", ""stat"": ""coverage""}"
Table S5-00794,si,Table S5,0.942,dataset,"{""block"": ""Control"", ""dataset"": ""lung_atlas"", ""dim"": 128, ""method"": ""solar_none"", ""metric"": ""trustworthiness"", ""population"": ""query"", ""stat"": ""mean""}"
Table S5-00795,si,Table S5,3/3,dataset,"{""block"": ""Control"", ""dataset"": ""lung_atlas"", ""dim"": 128, ""method"": ""solar_none"", ""metric"": ""trustworthiness"", ""population"": ""query"", ""stat"": ""coverage""}"
Table S5-00796,si,Table S5,0.956,dataset,"{""block"": ""Control"", ""dataset"": ""lung_atlas"", ""dim"": 128, ""method"": ""solar_none"", ""metric"": ""trustworthiness"", ""population"": ""joint"", ""stat"": ""mean""}"
Table S5-00797,si,Table S5,3/3,dataset,"{""block"": ""Control"", ""dataset"": ""lung_atlas"", ""dim"": 128, ""method"": ""solar_none"", ""metric"": ""trustworthiness"", ""population"": ""joint"", ""stat"": ""coverage""}"
Table S5-00798,si,Table S5,–,dataset,"{""block"": ""Control"", ""dataset"": ""lung_atlas"", ""dim"": 128, ""method"": ""solar_none"", ""metric"": ""trustworthiness"", ""population"": ""all"", ""stat"": ""na_code""}"
Table S5-00799,si,Table S5,0.852,dataset,"{""block"": ""A"", ""dataset"": ""immune_cell_human"", ""dim"": 128, ""method"": ""solar_orthogonal"", ""metric"": ""pseudotime_smoothness"", ""population"": ""reference"", ""stat"": ""mean""}"
Table S5-00800,si,Table S5,3/3,dataset,"{""block"": ""A"", ""dataset"": ""immune_cell_human"", ""dim"": 128, ""method"": ""solar_orthogonal"", ""metric"": ""pseudotime_smoothness"", ""population"": ""reference"", ""stat"": ""coverage""}"
Table S5-00801,si,Table S5,0.949,dataset,"{""block"": ""A"", ""dataset"": ""immune_cell_human"", ""dim"": 128, ""method"": ""solar_orthogonal"", ""metric"": ""pseudotime_smoothness"", ""population"": ""query"", ""stat"": ""mean""}"
Table S5-00802,si,Table S5,1/3,dataset,"{""block"": ""A"", ""dataset"": ""immune_cell_human"", ""dim"": 128, ""method"": ""solar_orthogonal"", ""metric"": ""pseudotime_smoothness"", ""population"": ""query"", ""stat"": ""coverage""}"
Table S5-00803,si,Table S5,0.873,dataset,"{""block"": ""A"", ""dataset"": ""immune_cell_human"", ""dim"": 128, ""method"": ""solar_orthogonal"", ""metric"": ""pseudotime_smoothness"", ""population"": ""joint"", ""stat"": ""mean""}"
Table S5-00804,si,Table S5,3/3,dataset,"{""block"": ""A"", ""dataset"": ""immune_cell_human"", ""dim"": 128, ""method"": ""solar_orthogonal"", ""metric"": ""pseudotime_smoothness"", ""population"": ""joint"", ""stat"": ""coverage""}"
Table S5-00805,si,Table S5,P,dataset,"{""block"": ""A"", ""dataset"": ""immune_cell_human"", ""dim"": 128, ""method"": ""solar_orthogonal"", ""metric"": ""pseudotime_smoothness"", ""population"": ""all"", ""stat"": ""na_code""}"
Table S5-00806,si,Table S5,0.876,dataset,"{""block"": ""A"", ""dataset"": ""immune_cell_human"", ""dim"": 40, ""method"": ""unintegrated_pca_matched"", ""metric"": ""pseudotime_smoothness"", ""population"": ""reference"", ""stat"": ""mean""}"
Table S5-00807,si,Table S5,3/3,dataset,"{""block"": ""A"", ""dataset"": ""immune_cell_human"", ""dim"": 40, ""method"": ""unintegrated_pca_matched"", ""metric"": ""pseudotime_smoothness"", ""population"": ""reference"", ""stat"": ""coverage""}"
Table S5-00808,si,Table S5,0.977,dataset,"{""block"": ""A"", ""dataset"": ""immune_cell_human"", ""dim"": 40, ""method"": ""unintegrated_pca_matched"", ""metric"": ""pseudotime_smoothness"", ""population"": ""query"", ""stat"": ""mean""}"
Table S5-00809,si,Table S5,1/3,dataset,"{""block"": ""A"", ""dataset"": ""immune_cell_human"", ""dim"": 40, ""method"": ""unintegrated_pca_matched"", ""metric"": ""pseudotime_smoothness"", ""population"": ""query"", ""stat"": ""coverage""}"
Table S5-00810,si,Table S5,0.895,dataset,"{""block"": ""A"", ""dataset"": ""immune_cell_human"", ""dim"": 40, ""method"": ""unintegrated_pca_matched"", ""metric"": ""pseudotime_smoothness"", ""population"": ""joint"", ""stat"": ""mean""}"
Table S5-00811,si,Table S5,3/3,dataset,"{""block"": ""A"", ""dataset"": ""immune_cell_human"", ""dim"": 40, ""method"": ""unintegrated_pca_matched"", ""metric"": ""pseudotime_smoothness"", ""population"": ""joint"", ""stat"": ""coverage""}"
Table S5-00812,si,Table S5,P,dataset,"{""block"": ""A"", ""dataset"": ""immune_cell_human"", ""dim"": 40, ""method"": ""unintegrated_pca_matched"", ""metric"": ""pseudotime_smoothness"", ""population"": ""all"", ""stat"": ""na_code""}"
Table S5-00813,si,Table S5,0.864,dataset,"{""block"": ""A"", ""dataset"": ""immune_cell_human"", ""dim"": 30, ""method"": ""frozen_reference_scvi"", ""metric"": ""pseudotime_smoothness"", ""population"": ""reference"", ""stat"": ""mean""}"
Table S5-00814,si,Table S5,3/3,dataset,"{""block"": ""A"", ""dataset"": ""immune_cell_human"", ""dim"": 30, ""method"": ""frozen_reference_scvi"", ""metric"": ""pseudotime_smoothness"", ""population"": ""reference"", ""stat"": ""coverage""}"
Table S5-00815,si,Table S5,0.969,dataset,"{""block"": ""A"", ""dataset"": ""immune_cell_human"", ""dim"": 30, ""method"": ""frozen_reference_scvi"", ""metric"": ""pseudotime_smoothness"", ""population"": ""query"", ""stat"": ""mean""}"
Table S5-00816,si,Table S5,1/3,dataset,"{""block"": ""A"", ""dataset"": ""immune_cell_human"", ""dim"": 30, ""method"": ""frozen_reference_scvi"", ""metric"": ""pseudotime_smoothness"", ""population"": ""query"", ""stat"": ""coverage""}"
Table S5-00817,si,Table S5,0.880,dataset,"{""block"": ""A"", ""dataset"": ""immune_cell_human"", ""dim"": 30, ""method"": ""frozen_reference_scvi"", ""metric"": ""pseudotime_smoothness"", ""population"": ""joint"", ""stat"": ""mean""}"
Table S5-00818,si,Table S5,3/3,dataset,"{""block"": ""A"", ""dataset"": ""immune_cell_human"", ""dim"": 30, ""method"": ""frozen_reference_scvi"", ""metric"": ""pseudotime_smoothness"", ""population"": ""joint"", ""stat"": ""coverage""}"
Table S5-00819,si,Table S5,P,dataset,"{""block"": ""A"", ""dataset"": ""immune_cell_human"", ""dim"": 30, ""method"": ""frozen_reference_scvi"", ""metric"": ""pseudotime_smoothness"", ""population"": ""all"", ""stat"": ""na_code""}"
Table S5-00820,si,Table S5,0.868,dataset,"{""block"": ""A"", ""dataset"": ""immune_cell_human"", ""dim"": 30, ""method"": ""frozen_reference_scanvi"", ""metric"": ""pseudotime_smoothness"", ""population"": ""reference"", ""stat"": ""mean""}"
Table S5-00821,si,Table S5,3/3,dataset,"{""block"": ""A"", ""dataset"": ""immune_cell_human"", ""dim"": 30, ""method"": ""frozen_reference_scanvi"", ""metric"": ""pseudotime_smoothness"", ""population"": ""reference"", ""stat"": ""coverage""}"
Table S5-00822,si,Table S5,0.970,dataset,"{""block"": ""A"", ""dataset"": ""immune_cell_human"", ""dim"": 30, ""method"": ""frozen_reference_scanvi"", ""metric"": ""pseudotime_smoothness"", ""population"": ""query"", ""stat"": ""mean""}"
Table S5-00823,si,Table S5,1/3,dataset,"{""block"": ""A"", ""dataset"": ""immune_cell_human"", ""dim"": 30, ""method"": ""frozen_reference_scanvi"", ""metric"": ""pseudotime_smoothness"", ""population"": ""query"", ""stat"": ""coverage""}"
Table S5-00824,si,Table S5,0.886,dataset,"{""block"": ""A"", ""dataset"": ""immune_cell_human"", ""dim"": 30, ""method"": ""frozen_reference_scanvi"", ""metric"": ""pseudotime_smoothness"", ""population"": ""joint"", ""stat"": ""mean""}"
Table S5-00825,si,Table S5,3/3,dataset,"{""block"": ""A"", ""dataset"": ""immune_cell_human"", ""dim"": 30, ""method"": ""frozen_reference_scanvi"", ""metric"": ""pseudotime_smoothness"", ""population"": ""joint"", ""stat"": ""coverage""}"
Table S5-00826,si,Table S5,P,dataset,"{""block"": ""A"", ""dataset"": ""immune_cell_human"", ""dim"": 30, ""method"": ""frozen_reference_scanvi"", ""metric"": ""pseudotime_smoothness"", ""population"": ""all"", ""stat"": ""na_code""}"
Table S5-00827,si,Table S5,0.792,dataset,"{""block"": ""A"", ""dataset"": ""immune_cell_human"", ""dim"": 16, ""method"": ""sclsc_refonly"", ""metric"": ""pseudotime_smoothness"", ""population"": ""reference"", ""stat"": ""mean""}"
Table S5-00828,si,Table S5,3/3,dataset,"{""block"": ""A"", ""dataset"": ""immune_cell_human"", ""dim"": 16, ""method"": ""sclsc_refonly"", ""metric"": ""pseudotime_smoothness"", ""population"": ""reference"", ""stat"": ""coverage""}"
Table S5-00829,si,Table S5,0.930,dataset,"{""block"": ""A"", ""dataset"": ""immune_cell_human"", ""dim"": 16, ""method"": ""sclsc_refonly"", ""metric"": ""pseudotime_smoothness"", ""population"": ""query"", ""stat"": ""mean""}"
Table S5-00830,si,Table S5,1/3,dataset,"{""block"": ""A"", ""dataset"": ""immune_cell_human"", ""dim"": 16, ""method"": ""sclsc_refonly"", ""metric"": ""pseudotime_smoothness"", ""population"": ""query"", ""stat"": ""coverage""}"
Table S5-00831,si,Table S5,0.815,dataset,"{""block"": ""A"", ""dataset"": ""immune_cell_human"", ""dim"": 16, ""method"": ""sclsc_refonly"", ""metric"": ""pseudotime_smoothness"", ""population"": ""joint"", ""stat"": ""mean""}"
Table S5-00832,si,Table S5,3/3,dataset,"{""block"": ""A"", ""dataset"": ""immune_cell_human"", ""dim"": 16, ""method"": ""sclsc_refonly"", ""metric"": ""pseudotime_smoothness"", ""population"": ""joint"", ""stat"": ""coverage""}"
Table S5-00833,si,Table S5,P,dataset,"{""block"": ""A"", ""dataset"": ""immune_cell_human"", ""dim"": 16, ""method"": ""sclsc_refonly"", ""metric"": ""pseudotime_smoothness"", ""population"": ""all"", ""stat"": ""na_code""}"
Table S5-00834,si,Table S5,0.837,dataset,"{""block"": ""B"", ""dataset"": ""immune_cell_human"", ""dim"": 30, ""method"": ""solar_orthogonal"", ""metric"": ""pseudotime_smoothness"", ""population"": ""reference"", ""stat"": ""mean""}"
Table S5-00835,si,Table S5,3/3,dataset,"{""block"": ""B"", ""dataset"": ""immune_cell_human"", ""dim"": 30, ""method"": ""solar_orthogonal"", ""metric"": ""pseudotime_smoothness"", ""population"": ""reference"", ""stat"": ""coverage""}"
Table S5-00836,si,Table S5,0.947,dataset,"{""block"": ""B"", ""dataset"": ""immune_cell_human"", ""dim"": 30, ""method"": ""solar_orthogonal"", ""metric"": ""pseudotime_smoothness"", ""population"": ""query"", ""stat"": ""mean""}"
Table S5-00837,si,Table S5,1/3,dataset,"{""block"": ""B"", ""dataset"": ""immune_cell_human"", ""dim"": 30, ""method"": ""solar_orthogonal"", ""metric"": ""pseudotime_smoothness"", ""population"": ""query"", ""stat"": ""coverage""}"
Table S5-00838,si,Table S5,0.861,dataset,"{""block"": ""B"", ""dataset"": ""immune_cell_human"", ""dim"": 30, ""method"": ""solar_orthogonal"", ""metric"": ""pseudotime_smoothness"", ""population"": ""joint"", ""stat"": ""mean""}"
Table S5-00839,si,Table S5,3/3,dataset,"{""block"": ""B"", ""dataset"": ""immune_cell_human"", ""dim"": 30, ""method"": ""solar_orthogonal"", ""metric"": ""pseudotime_smoothness"", ""population"": ""joint"", ""stat"": ""coverage""}"
Table S5-00840,si,Table S5,P,dataset,"{""block"": ""B"", ""dataset"": ""immune_cell_human"", ""dim"": 30, ""method"": ""solar_orthogonal"", ""metric"": ""pseudotime_smoothness"", ""population"": ""all"", ""stat"": ""na_code""}"
Table S5-00841,si,Table S5,0.876,dataset,"{""block"": ""B"", ""dataset"": ""immune_cell_human"", ""dim"": 30, ""method"": ""unintegrated_pca_matched"", ""metric"": ""pseudotime_smoothness"", ""population"": ""reference"", ""stat"": ""mean""}"
Table S5-00842,si,Table S5,3/3,dataset,"{""block"": ""B"", ""dataset"": ""immune_cell_human"", ""dim"": 30, ""method"": ""unintegrated_pca_matched"", ""metric"": ""pseudotime_smoothness"", ""population"": ""reference"", ""stat"": ""coverage""}"
Table S5-00843,si,Table S5,0.977,dataset,"{""block"": ""B"", ""dataset"": ""immune_cell_human"", ""dim"": 30, ""method"": ""unintegrated_pca_matched"", ""metric"": ""pseudotime_smoothness"", ""population"": ""query"", ""stat"": ""mean""}"
Table S5-00844,si,Table S5,1/3,dataset,"{""block"": ""B"", ""dataset"": ""immune_cell_human"", ""dim"": 30, ""method"": ""unintegrated_pca_matched"", ""metric"": ""pseudotime_smoothness"", ""population"": ""query"", ""stat"": ""coverage""}"
Table S5-00845,si,Table S5,0.894,dataset,"{""block"": ""B"", ""dataset"": ""immune_cell_human"", ""dim"": 30, ""method"": ""unintegrated_pca_matched"", ""metric"": ""pseudotime_smoothness"", ""population"": ""joint"", ""stat"": ""mean""}"
Table S5-00846,si,Table S5,3/3,dataset,"{""block"": ""B"", ""dataset"": ""immune_cell_human"", ""dim"": 30, ""method"": ""unintegrated_pca_matched"", ""metric"": ""pseudotime_smoothness"", ""population"": ""joint"", ""stat"": ""coverage""}"
Table S5-00847,si,Table S5,P,dataset,"{""block"": ""B"", ""dataset"": ""immune_cell_human"", ""dim"": 30, ""method"": ""unintegrated_pca_matched"", ""metric"": ""pseudotime_smoothness"", ""population"": ""all"", ""stat"": ""na_code""}"
Table S5-00848,si,Table S5,0.864,dataset,"{""block"": ""B"", ""dataset"": ""immune_cell_human"", ""dim"": 30, ""method"": ""frozen_reference_scvi"", ""metric"": ""pseudotime_smoothness"", ""population"": ""reference"", ""stat"": ""mean""}"
Table S5-00849,si,Table S5,3/3,dataset,"{""block"": ""B"", ""dataset"": ""immune_cell_human"", ""dim"": 30, ""method"": ""frozen_reference_scvi"", ""metric"": ""pseudotime_smoothness"", ""population"": ""reference"", ""stat"": ""coverage""}"
Table S5-00850,si,Table S5,0.969,dataset,"{""block"": ""B"", ""dataset"": ""immune_cell_human"", ""dim"": 30, ""method"": ""frozen_reference_scvi"", ""metric"": ""pseudotime_smoothness"", ""population"": ""query"", ""stat"": ""mean""}"
Table S5-00851,si,Table S5,1/3,dataset,"{""block"": ""B"", ""dataset"": ""immune_cell_human"", ""dim"": 30, ""method"": ""frozen_reference_scvi"", ""metric"": ""pseudotime_smoothness"", ""population"": ""query"", ""stat"": ""coverage""}"
Table S5-00852,si,Table S5,0.880,dataset,"{""block"": ""B"", ""dataset"": ""immune_cell_human"", ""dim"": 30, ""method"": ""frozen_reference_scvi"", ""metric"": ""pseudotime_smoothness"", ""population"": ""joint"", ""stat"": ""mean""}"
Table S5-00853,si,Table S5,3/3,dataset,"{""block"": ""B"", ""dataset"": ""immune_cell_human"", ""dim"": 30, ""method"": ""frozen_reference_scvi"", ""metric"": ""pseudotime_smoothness"", ""population"": ""joint"", ""stat"": ""coverage""}"
Table S5-00854,si,Table S5,P,dataset,"{""block"": ""B"", ""dataset"": ""immune_cell_human"", ""dim"": 30, ""method"": ""frozen_reference_scvi"", ""metric"": ""pseudotime_smoothness"", ""population"": ""all"", ""stat"": ""na_code""}"
Table S5-00855,si,Table S5,0.868,dataset,"{""block"": ""B"", ""dataset"": ""immune_cell_human"", ""dim"": 30, ""method"": ""frozen_reference_scanvi"", ""metric"": ""pseudotime_smoothness"", ""population"": ""reference"", ""stat"": ""mean""}"
Table S5-00856,si,Table S5,3/3,dataset,"{""block"": ""B"", ""dataset"": ""immune_cell_human"", ""dim"": 30, ""method"": ""frozen_reference_scanvi"", ""metric"": ""pseudotime_smoothness"", ""population"": ""reference"", ""stat"": ""coverage""}"
Table S5-00857,si,Table S5,0.970,dataset,"{""block"": ""B"", ""dataset"": ""immune_cell_human"", ""dim"": 30, ""method"": ""frozen_reference_scanvi"", ""metric"": ""pseudotime_smoothness"", ""population"": ""query"", ""stat"": ""mean""}"
Table S5-00858,si,Table S5,1/3,dataset,"{""block"": ""B"", ""dataset"": ""immune_cell_human"", ""dim"": 30, ""method"": ""frozen_reference_scanvi"", ""metric"": ""pseudotime_smoothness"", ""population"": ""query"", ""stat"": ""coverage""}"
Table S5-00859,si,Table S5,0.886,dataset,"{""block"": ""B"", ""dataset"": ""immune_cell_human"", ""dim"": 30, ""method"": ""frozen_reference_scanvi"", ""metric"": ""pseudotime_smoothness"", ""population"": ""joint"", ""stat"": ""mean""}"
Table S5-00860,si,Table S5,3/3,dataset,"{""block"": ""B"", ""dataset"": ""immune_cell_human"", ""dim"": 30, ""method"": ""frozen_reference_scanvi"", ""metric"": ""pseudotime_smoothness"", ""population"": ""joint"", ""stat"": ""coverage""}"
Table S5-00861,si,Table S5,P,dataset,"{""block"": ""B"", ""dataset"": ""immune_cell_human"", ""dim"": 30, ""method"": ""frozen_reference_scanvi"", ""metric"": ""pseudotime_smoothness"", ""population"": ""all"", ""stat"": ""na_code""}"
Table S5-00862,si,Table S5,0.794,dataset,"{""block"": ""B"", ""dataset"": ""immune_cell_human"", ""dim"": 30, ""method"": ""sclsc_refonly"", ""metric"": ""pseudotime_smoothness"", ""population"": ""reference"", ""stat"": ""mean""}"
Table S5-00863,si,Table S5,3/3,dataset,"{""block"": ""B"", ""dataset"": ""immune_cell_human"", ""dim"": 30, ""method"": ""sclsc_refonly"", ""metric"": ""pseudotime_smoothness"", ""population"": ""reference"", ""stat"": ""coverage""}"
Table S5-00864,si,Table S5,0.934,dataset,"{""block"": ""B"", ""dataset"": ""immune_cell_human"", ""dim"": 30, ""method"": ""sclsc_refonly"", ""metric"": ""pseudotime_smoothness"", ""population"": ""query"", ""stat"": ""mean""}"
Table S5-00865,si,Table S5,1/3,dataset,"{""block"": ""B"", ""dataset"": ""immune_cell_human"", ""dim"": 30, ""method"": ""sclsc_refonly"", ""metric"": ""pseudotime_smoothness"", ""population"": ""query"", ""stat"": ""coverage""}"
Table S5-00866,si,Table S5,0.818,dataset,"{""block"": ""B"", ""dataset"": ""immune_cell_human"", ""dim"": 30, ""method"": ""sclsc_refonly"", ""metric"": ""pseudotime_smoothness"", ""population"": ""joint"", ""stat"": ""mean""}"
Table S5-00867,si,Table S5,3/3,dataset,"{""block"": ""B"", ""dataset"": ""immune_cell_human"", ""dim"": 30, ""method"": ""sclsc_refonly"", ""metric"": ""pseudotime_smoothness"", ""population"": ""joint"", ""stat"": ""coverage""}"
Table S5-00868,si,Table S5,P,dataset,"{""block"": ""B"", ""dataset"": ""immune_cell_human"", ""dim"": 30, ""method"": ""sclsc_refonly"", ""metric"": ""pseudotime_smoothness"", ""population"": ""all"", ""stat"": ""na_code""}"
Table S5-00869,si,Table S5,0.857,dataset,"{""block"": ""Control"", ""dataset"": ""immune_cell_human"", ""dim"": 128, ""method"": ""solar_orthogonal_uniq"", ""metric"": ""pseudotime_smoothness"", ""population"": ""reference"", ""stat"": ""mean""}"
Table S5-00870,si,Table S5,3/3,dataset,"{""block"": ""Control"", ""dataset"": ""immune_cell_human"", ""dim"": 128, ""method"": ""solar_orthogonal_uniq"", ""metric"": ""pseudotime_smoothness"", ""population"": ""reference"", ""stat"": ""coverage""}"
Table S5-00871,si,Table S5,0.953,dataset,"{""block"": ""Control"", ""dataset"": ""immune_cell_human"", ""dim"": 128, ""method"": ""solar_orthogonal_uniq"", ""metric"": ""pseudotime_smoothness"", ""population"": ""query"", ""stat"": ""mean""}"
Table S5-00872,si,Table S5,1/3,dataset,"{""block"": ""Control"", ""dataset"": ""immune_cell_human"", ""dim"": 128, ""method"": ""solar_orthogonal_uniq"", ""metric"": ""pseudotime_smoothness"", ""population"": ""query"", ""stat"": ""coverage""}"
Table S5-00873,si,Table S5,0.878,dataset,"{""block"": ""Control"", ""dataset"": ""immune_cell_human"", ""dim"": 128, ""method"": ""solar_orthogonal_uniq"", ""metric"": ""pseudotime_smoothness"", ""population"": ""joint"", ""stat"": ""mean""}"
Table S5-00874,si,Table S5,3/3,dataset,"{""block"": ""Control"", ""dataset"": ""immune_cell_human"", ""dim"": 128, ""method"": ""solar_orthogonal_uniq"", ""metric"": ""pseudotime_smoothness"", ""population"": ""joint"", ""stat"": ""coverage""}"
Table S5-00875,si,Table S5,P,dataset,"{""block"": ""Control"", ""dataset"": ""immune_cell_human"", ""dim"": 128, ""method"": ""solar_orthogonal_uniq"", ""metric"": ""pseudotime_smoothness"", ""population"": ""all"", ""stat"": ""na_code""}"
Table S5-00876,si,Table S5,0.854,dataset,"{""block"": ""Control"", ""dataset"": ""immune_cell_human"", ""dim"": 128, ""method"": ""solar_none"", ""metric"": ""pseudotime_smoothness"", ""population"": ""reference"", ""stat"": ""mean""}"
Table S5-00877,si,Table S5,3/3,dataset,"{""block"": ""Control"", ""dataset"": ""immune_cell_human"", ""dim"": 128, ""method"": ""solar_none"", ""metric"": ""pseudotime_smoothness"", ""population"": ""reference"", ""stat"": ""coverage""}"
Table S5-00878,si,Table S5,0.953,dataset,"{""block"": ""Control"", ""dataset"": ""immune_cell_human"", ""dim"": 128, ""method"": ""solar_none"", ""metric"": ""pseudotime_smoothness"", ""population"": ""query"", ""stat"": ""mean""}"
Table S5-00879,si,Table S5,1/3,dataset,"{""block"": ""Control"", ""dataset"": ""immune_cell_human"", ""dim"": 128, ""method"": ""solar_none"", ""metric"": ""pseudotime_smoothness"", ""population"": ""query"", ""stat"": ""coverage""}"
Table S5-00880,si,Table S5,0.875,dataset,"{""block"": ""Control"", ""dataset"": ""immune_cell_human"", ""dim"": 128, ""method"": ""solar_none"", ""metric"": ""pseudotime_smoothness"", ""population"": ""joint"", ""stat"": ""mean""}"
Table S5-00881,si,Table S5,3/3,dataset,"{""block"": ""Control"", ""dataset"": ""immune_cell_human"", ""dim"": 128, ""method"": ""solar_none"", ""metric"": ""pseudotime_smoothness"", ""population"": ""joint"", ""stat"": ""coverage""}"
Table S5-00882,si,Table S5,P,dataset,"{""block"": ""Control"", ""dataset"": ""immune_cell_human"", ""dim"": 128, ""method"": ""solar_none"", ""metric"": ""pseudotime_smoothness"", ""population"": ""all"", ""stat"": ""na_code""}"
Table S6-00883,si,Table S6,0.001,dataset,"{""block"": ""A"", ""dataset"": ""immune_cell_human"", ""dim"": 128, ""method"": ""solar_orthogonal"", ""metric"": ""within_label_silhouette__study"", ""population"": ""reference"", ""stat"": ""mean""}"
Table S6-00884,si,Table S6,3/3,dataset,"{""block"": ""A"", ""dataset"": ""immune_cell_human"", ""dim"": 128, ""method"": ""solar_orthogonal"", ""metric"": ""within_label_silhouette__study"", ""population"": ""reference"", ""stat"": ""coverage""}"
Table S6-00885,si,Table S6,NA,dataset,"{""block"": ""A"", ""dataset"": ""immune_cell_human"", ""dim"": 128, ""method"": ""solar_orthogonal"", ""metric"": ""within_label_silhouette__study"", ""population"": ""query"", ""stat"": ""mean""}"
Table S6-00886,si,Table S6,0/3,dataset,"{""block"": ""A"", ""dataset"": ""immune_cell_human"", ""dim"": 128, ""method"": ""solar_orthogonal"", ""metric"": ""within_label_silhouette__study"", ""population"": ""query"", ""stat"": ""coverage""}"
Table S6-00887,si,Table S6,0.007,dataset,"{""block"": ""A"", ""dataset"": ""immune_cell_human"", ""dim"": 128, ""method"": ""solar_orthogonal"", ""metric"": ""within_label_silhouette__study"", ""population"": ""joint"", ""stat"": ""mean""}"
Table S6-00888,si,Table S6,3/3,dataset,"{""block"": ""A"", ""dataset"": ""immune_cell_human"", ""dim"": 128, ""method"": ""solar_orthogonal"", ""metric"": ""within_label_silhouette__study"", ""population"": ""joint"", ""stat"": ""coverage""}"
Table S6-00889,si,Table S6,C,dataset,"{""block"": ""A"", ""dataset"": ""immune_cell_human"", ""dim"": 128, ""method"": ""solar_orthogonal"", ""metric"": ""within_label_silhouette__study"", ""population"": ""all"", ""stat"": ""na_code""}"
Table S6-00890,si,Table S6,0.191,dataset,"{""block"": ""A"", ""dataset"": ""immune_cell_human"", ""dim"": 40, ""method"": ""unintegrated_pca_matched"", ""metric"": ""within_label_silhouette__study"", ""population"": ""reference"", ""stat"": ""mean""}"
Table S6-00891,si,Table S6,3/3,dataset,"{""block"": ""A"", ""dataset"": ""immune_cell_human"", ""dim"": 40, ""method"": ""unintegrated_pca_matched"", ""metric"": ""within_label_silhouette__study"", ""population"": ""reference"", ""stat"": ""coverage""}"
Table S6-00892,si,Table S6,NA,dataset,"{""block"": ""A"", ""dataset"": ""immune_cell_human"", ""dim"": 40, ""method"": ""unintegrated_pca_matched"", ""metric"": ""within_label_silhouette__study"", ""population"": ""query"", ""stat"": ""mean""}"
Table S6-00893,si,Table S6,0/3,dataset,"{""block"": ""A"", ""dataset"": ""immune_cell_human"", ""dim"": 40, ""method"": ""unintegrated_pca_matched"", ""metric"": ""within_label_silhouette__study"", ""population"": ""query"", ""stat"": ""coverage""}"
Table S6-00894,si,Table S6,0.202,dataset,"{""block"": ""A"", ""dataset"": ""immune_cell_human"", ""dim"": 40, ""method"": ""unintegrated_pca_matched"", ""metric"": ""within_label_silhouette__study"", ""population"": ""joint"", ""stat"": ""mean""}"
Table S6-00895,si,Table S6,3/3,dataset,"{""block"": ""A"", ""dataset"": ""immune_cell_human"", ""dim"": 40, ""method"": ""unintegrated_pca_matched"", ""metric"": ""within_label_silhouette__study"", ""population"": ""joint"", ""stat"": ""coverage""}"
Table S6-00896,si,Table S6,C,dataset,"{""block"": ""A"", ""dataset"": ""immune_cell_human"", ""dim"": 40, ""method"": ""unintegrated_pca_matched"", ""metric"": ""within_label_silhouette__study"", ""population"": ""all"", ""stat"": ""na_code""}"
Table S6-00897,si,Table S6,-0.001,dataset,"{""block"": ""A"", ""dataset"": ""immune_cell_human"", ""dim"": 30, ""method"": ""frozen_reference_scvi"", ""metric"": ""within_label_silhouette__study"", ""population"": ""reference"", ""stat"": ""mean""}"
Table S6-00898,si,Table S6,3/3,dataset,"{""block"": ""A"", ""dataset"": ""immune_cell_human"", ""dim"": 30, ""method"": ""frozen_reference_scvi"", ""metric"": ""within_label_silhouette__study"", ""population"": ""reference"", ""stat"": ""coverage""}"
Table S6-00899,si,Table S6,NA,dataset,"{""block"": ""A"", ""dataset"": ""immune_cell_human"", ""dim"": 30, ""method"": ""frozen_reference_scvi"", ""metric"": ""within_label_silhouette__study"", ""population"": ""query"", ""stat"": ""mean""}"
Table S6-00900,si,Table S6,0/3,dataset,"{""block"": ""A"", ""dataset"": ""immune_cell_human"", ""dim"": 30, ""method"": ""frozen_reference_scvi"", ""metric"": ""within_label_silhouette__study"", ""population"": ""query"", ""stat"": ""coverage""}"
Table S6-00901,si,Table S6,0.009,dataset,"{""block"": ""A"", ""dataset"": ""immune_cell_human"", ""dim"": 30, ""method"": ""frozen_reference_scvi"", ""metric"": ""within_label_silhouette__study"", ""population"": ""joint"", ""stat"": ""mean""}"
Table S6-00902,si,Table S6,3/3,dataset,"{""block"": ""A"", ""dataset"": ""immune_cell_human"", ""dim"": 30, ""method"": ""frozen_reference_scvi"", ""metric"": ""within_label_silhouette__study"", ""population"": ""joint"", ""stat"": ""coverage""}"
Table S6-00903,si,Table S6,C,dataset,"{""block"": ""A"", ""dataset"": ""immune_cell_human"", ""dim"": 30, ""method"": ""frozen_reference_scvi"", ""metric"": ""within_label_silhouette__study"", ""population"": ""all"", ""stat"": ""na_code""}"
Table S6-00904,si,Table S6,-0.007,dataset,"{""block"": ""A"", ""dataset"": ""immune_cell_human"", ""dim"": 30, ""method"": ""frozen_reference_scanvi"", ""metric"": ""within_label_silhouette__study"", ""population"": ""reference"", ""stat"": ""mean""}"
Table S6-00905,si,Table S6,3/3,dataset,"{""block"": ""A"", ""dataset"": ""immune_cell_human"", ""dim"": 30, ""method"": ""frozen_reference_scanvi"", ""metric"": ""within_label_silhouette__study"", ""population"": ""reference"", ""stat"": ""coverage""}"
Table S6-00906,si,Table S6,NA,dataset,"{""block"": ""A"", ""dataset"": ""immune_cell_human"", ""dim"": 30, ""method"": ""frozen_reference_scanvi"", ""metric"": ""within_label_silhouette__study"", ""population"": ""query"", ""stat"": ""mean""}"
Table S6-00907,si,Table S6,0/3,dataset,"{""block"": ""A"", ""dataset"": ""immune_cell_human"", ""dim"": 30, ""method"": ""frozen_reference_scanvi"", ""metric"": ""within_label_silhouette__study"", ""population"": ""query"", ""stat"": ""coverage""}"
Table S6-00908,si,Table S6,-0.003,dataset,"{""block"": ""A"", ""dataset"": ""immune_cell_human"", ""dim"": 30, ""method"": ""frozen_reference_scanvi"", ""metric"": ""within_label_silhouette__study"", ""population"": ""joint"", ""stat"": ""mean""}"
Table S6-00909,si,Table S6,3/3,dataset,"{""block"": ""A"", ""dataset"": ""immune_cell_human"", ""dim"": 30, ""method"": ""frozen_reference_scanvi"", ""metric"": ""within_label_silhouette__study"", ""population"": ""joint"", ""stat"": ""coverage""}"
Table S6-00910,si,Table S6,C,dataset,"{""block"": ""A"", ""dataset"": ""immune_cell_human"", ""dim"": 30, ""method"": ""frozen_reference_scanvi"", ""metric"": ""within_label_silhouette__study"", ""population"": ""all"", ""stat"": ""na_code""}"
Table S6-00911,si,Table S6,-0.001,dataset,"{""block"": ""A"", ""dataset"": ""immune_cell_human"", ""dim"": 16, ""method"": ""sclsc_refonly"", ""metric"": ""within_label_silhouette__study"", ""population"": ""reference"", ""stat"": ""mean""}"
Table S6-00912,si,Table S6,3/3,dataset,"{""block"": ""A"", ""dataset"": ""immune_cell_human"", ""dim"": 16, ""method"": ""sclsc_refonly"", ""metric"": ""within_label_silhouette__study"", ""population"": ""reference"", ""stat"": ""coverage""}"
Table S6-00913,si,Table S6,NA,dataset,"{""block"": ""A"", ""dataset"": ""immune_cell_human"", ""dim"": 16, ""method"": ""sclsc_refonly"", ""metric"": ""within_label_silhouette__study"", ""population"": ""query"", ""stat"": ""mean""}"
Table S6-00914,si,Table S6,0/3,dataset,"{""block"": ""A"", ""dataset"": ""immune_cell_human"", ""dim"": 16, ""method"": ""sclsc_refonly"", ""metric"": ""within_label_silhouette__study"", ""population"": ""query"", ""stat"": ""coverage""}"
Table S6-00915,si,Table S6,-0.018,dataset,"{""block"": ""A"", ""dataset"": ""immune_cell_human"", ""dim"": 16, ""method"": ""sclsc_refonly"", ""metric"": ""within_label_silhouette__study"", ""population"": ""joint"", ""stat"": ""mean""}"
Table S6-00916,si,Table S6,3/3,dataset,"{""block"": ""A"", ""dataset"": ""immune_cell_human"", ""dim"": 16, ""method"": ""sclsc_refonly"", ""metric"": ""within_label_silhouette__study"", ""population"": ""joint"", ""stat"": ""coverage""}"
Table S6-00917,si,Table S6,C,dataset,"{""block"": ""A"", ""dataset"": ""immune_cell_human"", ""dim"": 16, ""method"": ""sclsc_refonly"", ""metric"": ""within_label_silhouette__study"", ""population"": ""all"", ""stat"": ""na_code""}"
Table S6-00918,si,Table S6,-0.008,dataset,"{""block"": ""B"", ""dataset"": ""immune_cell_human"", ""dim"": 30, ""method"": ""solar_orthogonal"", ""metric"": ""within_label_silhouette__study"", ""population"": ""reference"", ""stat"": ""mean""}"
Table S6-00919,si,Table S6,3/3,dataset,"{""block"": ""B"", ""dataset"": ""immune_cell_human"", ""dim"": 30, ""method"": ""solar_orthogonal"", ""metric"": ""within_label_silhouette__study"", ""population"": ""reference"", ""stat"": ""coverage""}"
Table S6-00920,si,Table S6,NA,dataset,"{""block"": ""B"", ""dataset"": ""immune_cell_human"", ""dim"": 30, ""method"": ""solar_orthogonal"", ""metric"": ""within_label_silhouette__study"", ""population"": ""query"", ""stat"": ""mean""}"
Table S6-00921,si,Table S6,0/3,dataset,"{""block"": ""B"", ""dataset"": ""immune_cell_human"", ""dim"": 30, ""method"": ""solar_orthogonal"", ""metric"": ""within_label_silhouette__study"", ""population"": ""query"", ""stat"": ""coverage""}"
Table S6-00922,si,Table S6,-0.002,dataset,"{""block"": ""B"", ""dataset"": ""immune_cell_human"", ""dim"": 30, ""method"": ""solar_orthogonal"", ""metric"": ""within_label_silhouette__study"", ""population"": ""joint"", ""stat"": ""mean""}"
Table S6-00923,si,Table S6,3/3,dataset,"{""block"": ""B"", ""dataset"": ""immune_cell_human"", ""dim"": 30, ""method"": ""solar_orthogonal"", ""metric"": ""within_label_silhouette__study"", ""population"": ""joint"", ""stat"": ""coverage""}"
Table S6-00924,si,Table S6,C,dataset,"{""block"": ""B"", ""dataset"": ""immune_cell_human"", ""dim"": 30, ""method"": ""solar_orthogonal"", ""metric"": ""within_label_silhouette__study"", ""population"": ""all"", ""stat"": ""na_code""}"
Table S6-00925,si,Table S6,0.213,dataset,"{""block"": ""B"", ""dataset"": ""immune_cell_human"", ""dim"": 30, ""method"": ""unintegrated_pca_matched"", ""metric"": ""within_label_silhouette__study"", ""population"": ""reference"", ""stat"": ""mean""}"
Table S6-00926,si,Table S6,3/3,dataset,"{""block"": ""B"", ""dataset"": ""immune_cell_human"", ""dim"": 30, ""method"": ""unintegrated_pca_matched"", ""metric"": ""within_label_silhouette__study"", ""population"": ""reference"", ""stat"": ""coverage""}"
Table S6-00927,si,Table S6,NA,dataset,"{""block"": ""B"", ""dataset"": ""immune_cell_human"", ""dim"": 30, ""method"": ""unintegrated_pca_matched"", ""metric"": ""within_label_silhouette__study"", ""population"": ""query"", ""stat"": ""mean""}"
Table S6-00928,si,Table S6,0/3,dataset,"{""block"": ""B"", ""dataset"": ""immune_cell_human"", ""dim"": 30, ""method"": ""unintegrated_pca_matched"", ""metric"": ""within_label_silhouette__study"", ""population"": ""query"", ""stat"": ""coverage""}"
Table S6-00929,si,Table S6,0.222,dataset,"{""block"": ""B"", ""dataset"": ""immune_cell_human"", ""dim"": 30, ""method"": ""unintegrated_pca_matched"", ""metric"": ""within_label_silhouette__study"", ""population"": ""joint"", ""stat"": ""mean""}"
Table S6-00930,si,Table S6,3/3,dataset,"{""block"": ""B"", ""dataset"": ""immune_cell_human"", ""dim"": 30, ""method"": ""unintegrated_pca_matched"", ""metric"": ""within_label_silhouette__study"", ""population"": ""joint"", ""stat"": ""coverage""}"
Table S6-00931,si,Table S6,C,dataset,"{""block"": ""B"", ""dataset"": ""immune_cell_human"", ""dim"": 30, ""method"": ""unintegrated_pca_matched"", ""metric"": ""within_label_silhouette__study"", ""population"": ""all"", ""stat"": ""na_code""}"
Table S6-00932,si,Table S6,-0.001,dataset,"{""block"": ""B"", ""dataset"": ""immune_cell_human"", ""dim"": 30, ""method"": ""frozen_reference_scvi"", ""metric"": ""within_label_silhouette__study"", ""population"": ""reference"", ""stat"": ""mean""}"
Table S6-00933,si,Table S6,3/3,dataset,"{""block"": ""B"", ""dataset"": ""immune_cell_human"", ""dim"": 30, ""method"": ""frozen_reference_scvi"", ""metric"": ""within_label_silhouette__study"", ""population"": ""reference"", ""stat"": ""coverage""}"
Table S6-00934,si,Table S6,NA,dataset,"{""block"": ""B"", ""dataset"": ""immune_cell_human"", ""dim"": 30, ""method"": ""frozen_reference_scvi"", ""metric"": ""within_label_silhouette__study"", ""population"": ""query"", ""stat"": ""mean""}"
Table S6-00935,si,Table S6,0/3,dataset,"{""block"": ""B"", ""dataset"": ""immune_cell_human"", ""dim"": 30, ""method"": ""frozen_reference_scvi"", ""metric"": ""within_label_silhouette__study"", ""population"": ""query"", ""stat"": ""coverage""}"
Table S6-00936,si,Table S6,0.009,dataset,"{""block"": ""B"", ""dataset"": ""immune_cell_human"", ""dim"": 30, ""method"": ""frozen_reference_scvi"", ""metric"": ""within_label_silhouette__study"", ""population"": ""joint"", ""stat"": ""mean""}"
Table S6-00937,si,Table S6,3/3,dataset,"{""block"": ""B"", ""dataset"": ""immune_cell_human"", ""dim"": 30, ""method"": ""frozen_reference_scvi"", ""metric"": ""within_label_silhouette__study"", ""population"": ""joint"", ""stat"": ""coverage""}"
Table S6-00938,si,Table S6,C,dataset,"{""block"": ""B"", ""dataset"": ""immune_cell_human"", ""dim"": 30, ""method"": ""frozen_reference_scvi"", ""metric"": ""within_label_silhouette__study"", ""population"": ""all"", ""stat"": ""na_code""}"
Table S6-00939,si,Table S6,-0.007,dataset,"{""block"": ""B"", ""dataset"": ""immune_cell_human"", ""dim"": 30, ""method"": ""frozen_reference_scanvi"", ""metric"": ""within_label_silhouette__study"", ""population"": ""reference"", ""stat"": ""mean""}"
Table S6-00940,si,Table S6,3/3,dataset,"{""block"": ""B"", ""dataset"": ""immune_cell_human"", ""dim"": 30, ""method"": ""frozen_reference_scanvi"", ""metric"": ""within_label_silhouette__study"", ""population"": ""reference"", ""stat"": ""coverage""}"
Table S6-00941,si,Table S6,NA,dataset,"{""block"": ""B"", ""dataset"": ""immune_cell_human"", ""dim"": 30, ""method"": ""frozen_reference_scanvi"", ""metric"": ""within_label_silhouette__study"", ""population"": ""query"", ""stat"": ""mean""}"
Table S6-00942,si,Table S6,0/3,dataset,"{""block"": ""B"", ""dataset"": ""immune_cell_human"", ""dim"": 30, ""method"": ""frozen_reference_scanvi"", ""metric"": ""within_label_silhouette__study"", ""population"": ""query"", ""stat"": ""coverage""}"
Table S6-00943,si,Table S6,-0.003,dataset,"{""block"": ""B"", ""dataset"": ""immune_cell_human"", ""dim"": 30, ""method"": ""frozen_reference_scanvi"", ""metric"": ""within_label_silhouette__study"", ""population"": ""joint"", ""stat"": ""mean""}"
Table S6-00944,si,Table S6,3/3,dataset,"{""block"": ""B"", ""dataset"": ""immune_cell_human"", ""dim"": 30, ""method"": ""frozen_reference_scanvi"", ""metric"": ""within_label_silhouette__study"", ""population"": ""joint"", ""stat"": ""coverage""}"
Table S6-00945,si,Table S6,C,dataset,"{""block"": ""B"", ""dataset"": ""immune_cell_human"", ""dim"": 30, ""method"": ""frozen_reference_scanvi"", ""metric"": ""within_label_silhouette__study"", ""population"": ""all"", ""stat"": ""na_code""}"
Table S6-00946,si,Table S6,0.005,dataset,"{""block"": ""B"", ""dataset"": ""immune_cell_human"", ""dim"": 30, ""method"": ""sclsc_refonly"", ""metric"": ""within_label_silhouette__study"", ""population"": ""reference"", ""stat"": ""mean""}"
Table S6-00947,si,Table S6,3/3,dataset,"{""block"": ""B"", ""dataset"": ""immune_cell_human"", ""dim"": 30, ""method"": ""sclsc_refonly"", ""metric"": ""within_label_silhouette__study"", ""population"": ""reference"", ""stat"": ""coverage""}"
Table S6-00948,si,Table S6,NA,dataset,"{""block"": ""B"", ""dataset"": ""immune_cell_human"", ""dim"": 30, ""method"": ""sclsc_refonly"", ""metric"": ""within_label_silhouette__study"", ""population"": ""query"", ""stat"": ""mean""}"
Table S6-00949,si,Table S6,0/3,dataset,"{""block"": ""B"", ""dataset"": ""immune_cell_human"", ""dim"": 30, ""method"": ""sclsc_refonly"", ""metric"": ""within_label_silhouette__study"", ""population"": ""query"", ""stat"": ""coverage""}"
Table S6-00950,si,Table S6,-0.011,dataset,"{""block"": ""B"", ""dataset"": ""immune_cell_human"", ""dim"": 30, ""method"": ""sclsc_refonly"", ""metric"": ""within_label_silhouette__study"", ""population"": ""joint"", ""stat"": ""mean""}"
Table S6-00951,si,Table S6,3/3,dataset,"{""block"": ""B"", ""dataset"": ""immune_cell_human"", ""dim"": 30, ""method"": ""sclsc_refonly"", ""metric"": ""within_label_silhouette__study"", ""population"": ""joint"", ""stat"": ""coverage""}"
Table S6-00952,si,Table S6,C,dataset,"{""block"": ""B"", ""dataset"": ""immune_cell_human"", ""dim"": 30, ""method"": ""sclsc_refonly"", ""metric"": ""within_label_silhouette__study"", ""population"": ""all"", ""stat"": ""na_code""}"
Table S6-00953,si,Table S6,0.026,dataset,"{""block"": ""Control"", ""dataset"": ""immune_cell_human"", ""dim"": 128, ""method"": ""solar_orthogonal_uniq"", ""metric"": ""within_label_silhouette__study"", ""population"": ""reference"", ""stat"": ""mean""}"
Table S6-00954,si,Table S6,3/3,dataset,"{""block"": ""Control"", ""dataset"": ""immune_cell_human"", ""dim"": 128, ""method"": ""solar_orthogonal_uniq"", ""metric"": ""within_label_silhouette__study"", ""population"": ""reference"", ""stat"": ""coverage""}"
Table S6-00955,si,Table S6,NA,dataset,"{""block"": ""Control"", ""dataset"": ""immune_cell_human"", ""dim"": 128, ""method"": ""solar_orthogonal_uniq"", ""metric"": ""within_label_silhouette__study"", ""population"": ""query"", ""stat"": ""mean""}"
Table S6-00956,si,Table S6,0/3,dataset,"{""block"": ""Control"", ""dataset"": ""immune_cell_human"", ""dim"": 128, ""method"": ""solar_orthogonal_uniq"", ""metric"": ""within_label_silhouette__study"", ""population"": ""query"", ""stat"": ""coverage""}"
Table S6-00957,si,Table S6,0.037,dataset,"{""block"": ""Control"", ""dataset"": ""immune_cell_human"", ""dim"": 128, ""method"": ""solar_orthogonal_uniq"", ""metric"": ""within_label_silhouette__study"", ""population"": ""joint"", ""stat"": ""mean""}"
Table S6-00958,si,Table S6,3/3,dataset,"{""block"": ""Control"", ""dataset"": ""immune_cell_human"", ""dim"": 128, ""method"": ""solar_orthogonal_uniq"", ""metric"": ""within_label_silhouette__study"", ""population"": ""joint"", ""stat"": ""coverage""}"
Table S6-00959,si,Table S6,C,dataset,"{""block"": ""Control"", ""dataset"": ""immune_cell_human"", ""dim"": 128, ""method"": ""solar_orthogonal_uniq"", ""metric"": ""within_label_silhouette__study"", ""population"": ""all"", ""stat"": ""na_code""}"
Table S6-00960,si,Table S6,0.022,dataset,"{""block"": ""Control"", ""dataset"": ""immune_cell_human"", ""dim"": 128, ""method"": ""solar_none"", ""metric"": ""within_label_silhouette__study"", ""population"": ""reference"", ""stat"": ""mean""}"
Table S6-00961,si,Table S6,3/3,dataset,"{""block"": ""Control"", ""dataset"": ""immune_cell_human"", ""dim"": 128, ""method"": ""solar_none"", ""metric"": ""within_label_silhouette__study"", ""population"": ""reference"", ""stat"": ""coverage""}"
Table S6-00962,si,Table S6,NA,dataset,"{""block"": ""Control"", ""dataset"": ""immune_cell_human"", ""dim"": 128, ""method"": ""solar_none"", ""metric"": ""within_label_silhouette__study"", ""population"": ""query"", ""stat"": ""mean""}"
Table S6-00963,si,Table S6,0/3,dataset,"{""block"": ""Control"", ""dataset"": ""immune_cell_human"", ""dim"": 128, ""method"": ""solar_none"", ""metric"": ""within_label_silhouette__study"", ""population"": ""query"", ""stat"": ""coverage""}"
Table S6-00964,si,Table S6,0.032,dataset,"{""block"": ""Control"", ""dataset"": ""immune_cell_human"", ""dim"": 128, ""method"": ""solar_none"", ""metric"": ""within_label_silhouette__study"", ""population"": ""joint"", ""stat"": ""mean""}"
Table S6-00965,si,Table S6,3/3,dataset,"{""block"": ""Control"", ""dataset"": ""immune_cell_human"", ""dim"": 128, ""method"": ""solar_none"", ""metric"": ""within_label_silhouette__study"", ""population"": ""joint"", ""stat"": ""coverage""}"
Table S6-00966,si,Table S6,C,dataset,"{""block"": ""Control"", ""dataset"": ""immune_cell_human"", ""dim"": 128, ""method"": ""solar_none"", ""metric"": ""within_label_silhouette__study"", ""population"": ""all"", ""stat"": ""na_code""}"
Table S6-00967,si,Table S6,0.001,dataset,"{""block"": ""A"", ""dataset"": ""immune_cell_human"", ""dim"": 128, ""method"": ""solar_orthogonal"", ""metric"": ""within_label_silhouette__sample_ID"", ""population"": ""reference"", ""stat"": ""mean""}"
Table S6-00968,si,Table S6,3/3,dataset,"{""block"": ""A"", ""dataset"": ""immune_cell_human"", ""dim"": 128, ""method"": ""solar_orthogonal"", ""metric"": ""within_label_silhouette__sample_ID"", ""population"": ""reference"", ""stat"": ""coverage""}"
Table S6-00969,si,Table S6,NA,dataset,"{""block"": ""A"", ""dataset"": ""immune_cell_human"", ""dim"": 128, ""method"": ""solar_orthogonal"", ""metric"": ""within_label_silhouette__sample_ID"", ""population"": ""query"", ""stat"": ""mean""}"
Table S6-00970,si,Table S6,0/3,dataset,"{""block"": ""A"", ""dataset"": ""immune_cell_human"", ""dim"": 128, ""method"": ""solar_orthogonal"", ""metric"": ""within_label_silhouette__sample_ID"", ""population"": ""query"", ""stat"": ""coverage""}"
Table S6-00971,si,Table S6,0.007,dataset,"{""block"": ""A"", ""dataset"": ""immune_cell_human"", ""dim"": 128, ""method"": ""solar_orthogonal"", ""metric"": ""within_label_silhouette__sample_ID"", ""population"": ""joint"", ""stat"": ""mean""}"
Table S6-00972,si,Table S6,3/3,dataset,"{""block"": ""A"", ""dataset"": ""immune_cell_human"", ""dim"": 128, ""method"": ""solar_orthogonal"", ""metric"": ""within_label_silhouette__sample_ID"", ""population"": ""joint"", ""stat"": ""coverage""}"
Table S6-00973,si,Table S6,C,dataset,"{""block"": ""A"", ""dataset"": ""immune_cell_human"", ""dim"": 128, ""method"": ""solar_orthogonal"", ""metric"": ""within_label_silhouette__sample_ID"", ""population"": ""all"", ""stat"": ""na_code""}"
Table S6-00974,si,Table S6,0.191,dataset,"{""block"": ""A"", ""dataset"": ""immune_cell_human"", ""dim"": 40, ""method"": ""unintegrated_pca_matched"", ""metric"": ""within_label_silhouette__sample_ID"", ""population"": ""reference"", ""stat"": ""mean""}"
Table S6-00975,si,Table S6,3/3,dataset,"{""block"": ""A"", ""dataset"": ""immune_cell_human"", ""dim"": 40, ""method"": ""unintegrated_pca_matched"", ""metric"": ""within_label_silhouette__sample_ID"", ""population"": ""reference"", ""stat"": ""coverage""}"
Table S6-00976,si,Table S6,NA,dataset,"{""block"": ""A"", ""dataset"": ""immune_cell_human"", ""dim"": 40, ""method"": ""unintegrated_pca_matched"", ""metric"": ""within_label_silhouette__sample_ID"", ""population"": ""query"", ""stat"": ""mean""}"
Table S6-00977,si,Table S6,0/3,dataset,"{""block"": ""A"", ""dataset"": ""immune_cell_human"", ""dim"": 40, ""method"": ""unintegrated_pca_matched"", ""metric"": ""within_label_silhouette__sample_ID"", ""population"": ""query"", ""stat"": ""coverage""}"
Table S6-00978,si,Table S6,0.202,dataset,"{""block"": ""A"", ""dataset"": ""immune_cell_human"", ""dim"": 40, ""method"": ""unintegrated_pca_matched"", ""metric"": ""within_label_silhouette__sample_ID"", ""population"": ""joint"", ""stat"": ""mean""}"
Table S6-00979,si,Table S6,3/3,dataset,"{""block"": ""A"", ""dataset"": ""immune_cell_human"", ""dim"": 40, ""method"": ""unintegrated_pca_matched"", ""metric"": ""within_label_silhouette__sample_ID"", ""population"": ""joint"", ""stat"": ""coverage""}"
Table S6-00980,si,Table S6,C,dataset,"{""block"": ""A"", ""dataset"": ""immune_cell_human"", ""dim"": 40, ""method"": ""unintegrated_pca_matched"", ""metric"": ""within_label_silhouette__sample_ID"", ""population"": ""all"", ""stat"": ""na_code""}"
Table S6-00981,si,Table S6,-0.001,dataset,"{""block"": ""A"", ""dataset"": ""immune_cell_human"", ""dim"": 30, ""method"": ""frozen_reference_scvi"", ""metric"": ""within_label_silhouette__sample_ID"", ""population"": ""reference"", ""stat"": ""mean""}"
Table S6-00982,si,Table S6,3/3,dataset,"{""block"": ""A"", ""dataset"": ""immune_cell_human"", ""dim"": 30, ""method"": ""frozen_reference_scvi"", ""metric"": ""within_label_silhouette__sample_ID"", ""population"": ""reference"", ""stat"": ""coverage""}"
Table S6-00983,si,Table S6,NA,dataset,"{""block"": ""A"", ""dataset"": ""immune_cell_human"", ""dim"": 30, ""method"": ""frozen_reference_scvi"", ""metric"": ""within_label_silhouette__sample_ID"", ""population"": ""query"", ""stat"": ""mean""}"
Table S6-00984,si,Table S6,0/3,dataset,"{""block"": ""A"", ""dataset"": ""immune_cell_human"", ""dim"": 30, ""method"": ""frozen_reference_scvi"", ""metric"": ""within_label_silhouette__sample_ID"", ""population"": ""query"", ""stat"": ""coverage""}"
Table S6-00985,si,Table S6,0.009,dataset,"{""block"": ""A"", ""dataset"": ""immune_cell_human"", ""dim"": 30, ""method"": ""frozen_reference_scvi"", ""metric"": ""within_label_silhouette__sample_ID"", ""population"": ""joint"", ""stat"": ""mean""}"
Table S6-00986,si,Table S6,3/3,dataset,"{""block"": ""A"", ""dataset"": ""immune_cell_human"", ""dim"": 30, ""method"": ""frozen_reference_scvi"", ""metric"": ""within_label_silhouette__sample_ID"", ""population"": ""joint"", ""stat"": ""coverage""}"
Table S6-00987,si,Table S6,C,dataset,"{""block"": ""A"", ""dataset"": ""immune_cell_human"", ""dim"": 30, ""method"": ""frozen_reference_scvi"", ""metric"": ""within_label_silhouette__sample_ID"", ""population"": ""all"", ""stat"": ""na_code""}"
Table S6-00988,si,Table S6,-0.007,dataset,"{""block"": ""A"", ""dataset"": ""immune_cell_human"", ""dim"": 30, ""method"": ""frozen_reference_scanvi"", ""metric"": ""within_label_silhouette__sample_ID"", ""population"": ""reference"", ""stat"": ""mean""}"
Table S6-00989,si,Table S6,3/3,dataset,"{""block"": ""A"", ""dataset"": ""immune_cell_human"", ""dim"": 30, ""method"": ""frozen_reference_scanvi"", ""metric"": ""within_label_silhouette__sample_ID"", ""population"": ""reference"", ""stat"": ""coverage""}"
Table S6-00990,si,Table S6,NA,dataset,"{""block"": ""A"", ""dataset"": ""immune_cell_human"", ""dim"": 30, ""method"": ""frozen_reference_scanvi"", ""metric"": ""within_label_silhouette__sample_ID"", ""population"": ""query"", ""stat"": ""mean""}"
Table S6-00991,si,Table S6,0/3,dataset,"{""block"": ""A"", ""dataset"": ""immune_cell_human"", ""dim"": 30, ""method"": ""frozen_reference_scanvi"", ""metric"": ""within_label_silhouette__sample_ID"", ""population"": ""query"", ""stat"": ""coverage""}"
Table S6-00992,si,Table S6,-0.003,dataset,"{""block"": ""A"", ""dataset"": ""immune_cell_human"", ""dim"": 30, ""method"": ""frozen_reference_scanvi"", ""metric"": ""within_label_silhouette__sample_ID"", ""population"": ""joint"", ""stat"": ""mean""}"
Table S6-00993,si,Table S6,3/3,dataset,"{""block"": ""A"", ""dataset"": ""immune_cell_human"", ""dim"": 30, ""method"": ""frozen_reference_scanvi"", ""metric"": ""within_label_silhouette__sample_ID"", ""population"": ""joint"", ""stat"": ""coverage""}"
Table S6-00994,si,Table S6,C,dataset,"{""block"": ""A"", ""dataset"": ""immune_cell_human"", ""dim"": 30, ""method"": ""frozen_reference_scanvi"", ""metric"": ""within_label_silhouette__sample_ID"", ""population"": ""all"", ""stat"": ""na_code""}"
Table S6-00995,si,Table S6,-0.001,dataset,"{""block"": ""A"", ""dataset"": ""immune_cell_human"", ""dim"": 16, ""method"": ""sclsc_refonly"", ""metric"": ""within_label_silhouette__sample_ID"", ""population"": ""reference"", ""stat"": ""mean""}"
Table S6-00996,si,Table S6,3/3,dataset,"{""block"": ""A"", ""dataset"": ""immune_cell_human"", ""dim"": 16, ""method"": ""sclsc_refonly"", ""metric"": ""within_label_silhouette__sample_ID"", ""population"": ""reference"", ""stat"": ""coverage""}"
Table S6-00997,si,Table S6,NA,dataset,"{""block"": ""A"", ""dataset"": ""immune_cell_human"", ""dim"": 16, ""method"": ""sclsc_refonly"", ""metric"": ""within_label_silhouette__sample_ID"", ""population"": ""query"", ""stat"": ""mean""}"
Table S6-00998,si,Table S6,0/3,dataset,"{""block"": ""A"", ""dataset"": ""immune_cell_human"", ""dim"": 16, ""method"": ""sclsc_refonly"", ""metric"": ""within_label_silhouette__sample_ID"", ""population"": ""query"", ""stat"": ""coverage""}"
Table S6-00999,si,Table S6,-0.018,dataset,"{""block"": ""A"", ""dataset"": ""immune_cell_human"", ""dim"": 16, ""method"": ""sclsc_refonly"", ""metric"": ""within_label_silhouette__sample_ID"", ""population"": ""joint"", ""stat"": ""mean""}"
Table S6-01000,si,Table S6,3/3,dataset,"{""block"": ""A"", ""dataset"": ""immune_cell_human"", ""dim"": 16, ""method"": ""sclsc_refonly"", ""metric"": ""within_label_silhouette__sample_ID"", ""population"": ""joint"", ""stat"": ""coverage""}"
Table S6-01001,si,Table S6,C,dataset,"{""block"": ""A"", ""dataset"": ""immune_cell_human"", ""dim"": 16, ""method"": ""sclsc_refonly"", ""metric"": ""within_label_silhouette__sample_ID"", ""population"": ""all"", ""stat"": ""na_code""}"
Table S6-01002,si,Table S6,-0.008,dataset,"{""block"": ""B"", ""dataset"": ""immune_cell_human"", ""dim"": 30, ""method"": ""solar_orthogonal"", ""metric"": ""within_label_silhouette__sample_ID"", ""population"": ""reference"", ""stat"": ""mean""}"
Table S6-01003,si,Table S6,3/3,dataset,"{""block"": ""B"", ""dataset"": ""immune_cell_human"", ""dim"": 30, ""method"": ""solar_orthogonal"", ""metric"": ""within_label_silhouette__sample_ID"", ""population"": ""reference"", ""stat"": ""coverage""}"
Table S6-01004,si,Table S6,NA,dataset,"{""block"": ""B"", ""dataset"": ""immune_cell_human"", ""dim"": 30, ""method"": ""solar_orthogonal"", ""metric"": ""within_label_silhouette__sample_ID"", ""population"": ""query"", ""stat"": ""mean""}"
Table S6-01005,si,Table S6,0/3,dataset,"{""block"": ""B"", ""dataset"": ""immune_cell_human"", ""dim"": 30, ""method"": ""solar_orthogonal"", ""metric"": ""within_label_silhouette__sample_ID"", ""population"": ""query"", ""stat"": ""coverage""}"
Table S6-01006,si,Table S6,-0.002,dataset,"{""block"": ""B"", ""dataset"": ""immune_cell_human"", ""dim"": 30, ""method"": ""solar_orthogonal"", ""metric"": ""within_label_silhouette__sample_ID"", ""population"": ""joint"", ""stat"": ""mean""}"
Table S6-01007,si,Table S6,3/3,dataset,"{""block"": ""B"", ""dataset"": ""immune_cell_human"", ""dim"": 30, ""method"": ""solar_orthogonal"", ""metric"": ""within_label_silhouette__sample_ID"", ""population"": ""joint"", ""stat"": ""coverage""}"
Table S6-01008,si,Table S6,C,dataset,"{""block"": ""B"", ""dataset"": ""immune_cell_human"", ""dim"": 30, ""method"": ""solar_orthogonal"", ""metric"": ""within_label_silhouette__sample_ID"", ""population"": ""all"", ""stat"": ""na_code""}"
Table S6-01009,si,Table S6,0.213,dataset,"{""block"": ""B"", ""dataset"": ""immune_cell_human"", ""dim"": 30, ""method"": ""unintegrated_pca_matched"", ""metric"": ""within_label_silhouette__sample_ID"", ""population"": ""reference"", ""stat"": ""mean""}"
Table S6-01010,si,Table S6,3/3,dataset,"{""block"": ""B"", ""dataset"": ""immune_cell_human"", ""dim"": 30, ""method"": ""unintegrated_pca_matched"", ""metric"": ""within_label_silhouette__sample_ID"", ""population"": ""reference"", ""stat"": ""coverage""}"
Table S6-01011,si,Table S6,NA,dataset,"{""block"": ""B"", ""dataset"": ""immune_cell_human"", ""dim"": 30, ""method"": ""unintegrated_pca_matched"", ""metric"": ""within_label_silhouette__sample_ID"", ""population"": ""query"", ""stat"": ""mean""}"
Table S6-01012,si,Table S6,0/3,dataset,"{""block"": ""B"", ""dataset"": ""immune_cell_human"", ""dim"": 30, ""method"": ""unintegrated_pca_matched"", ""metric"": ""within_label_silhouette__sample_ID"", ""population"": ""query"", ""stat"": ""coverage""}"
Table S6-01013,si,Table S6,0.222,dataset,"{""block"": ""B"", ""dataset"": ""immune_cell_human"", ""dim"": 30, ""method"": ""unintegrated_pca_matched"", ""metric"": ""within_label_silhouette__sample_ID"", ""population"": ""joint"", ""stat"": ""mean""}"
Table S6-01014,si,Table S6,3/3,dataset,"{""block"": ""B"", ""dataset"": ""immune_cell_human"", ""dim"": 30, ""method"": ""unintegrated_pca_matched"", ""metric"": ""within_label_silhouette__sample_ID"", ""population"": ""joint"", ""stat"": ""coverage""}"
Table S6-01015,si,Table S6,C,dataset,"{""block"": ""B"", ""dataset"": ""immune_cell_human"", ""dim"": 30, ""method"": ""unintegrated_pca_matched"", ""metric"": ""within_label_silhouette__sample_ID"", ""population"": ""all"", ""stat"": ""na_code""}"
Table S6-01016,si,Table S6,-0.001,dataset,"{""block"": ""B"", ""dataset"": ""immune_cell_human"", ""dim"": 30, ""method"": ""frozen_reference_scvi"", ""metric"": ""within_label_silhouette__sample_ID"", ""population"": ""reference"", ""stat"": ""mean""}"
Table S6-01017,si,Table S6,3/3,dataset,"{""block"": ""B"", ""dataset"": ""immune_cell_human"", ""dim"": 30, ""method"": ""frozen_reference_scvi"", ""metric"": ""within_label_silhouette__sample_ID"", ""population"": ""reference"", ""stat"": ""coverage""}"
Table S6-01018,si,Table S6,NA,dataset,"{""block"": ""B"", ""dataset"": ""immune_cell_human"", ""dim"": 30, ""method"": ""frozen_reference_scvi"", ""metric"": ""within_label_silhouette__sample_ID"", ""population"": ""query"", ""stat"": ""mean""}"
Table S6-01019,si,Table S6,0/3,dataset,"{""block"": ""B"", ""dataset"": ""immune_cell_human"", ""dim"": 30, ""method"": ""frozen_reference_scvi"", ""metric"": ""within_label_silhouette__sample_ID"", ""population"": ""query"", ""stat"": ""coverage""}"
Table S6-01020,si,Table S6,0.009,dataset,"{""block"": ""B"", ""dataset"": ""immune_cell_human"", ""dim"": 30, ""method"": ""frozen_reference_scvi"", ""metric"": ""within_label_silhouette__sample_ID"", ""population"": ""joint"", ""stat"": ""mean""}"
Table S6-01021,si,Table S6,3/3,dataset,"{""block"": ""B"", ""dataset"": ""immune_cell_human"", ""dim"": 30, ""method"": ""frozen_reference_scvi"", ""metric"": ""within_label_silhouette__sample_ID"", ""population"": ""joint"", ""stat"": ""coverage""}"
Table S6-01022,si,Table S6,C,dataset,"{""block"": ""B"", ""dataset"": ""immune_cell_human"", ""dim"": 30, ""method"": ""frozen_reference_scvi"", ""metric"": ""within_label_silhouette__sample_ID"", ""population"": ""all"", ""stat"": ""na_code""}"
Table S6-01023,si,Table S6,-0.007,dataset,"{""block"": ""B"", ""dataset"": ""immune_cell_human"", ""dim"": 30, ""method"": ""frozen_reference_scanvi"", ""metric"": ""within_label_silhouette__sample_ID"", ""population"": ""reference"", ""stat"": ""mean""}"
Table S6-01024,si,Table S6,3/3,dataset,"{""block"": ""B"", ""dataset"": ""immune_cell_human"", ""dim"": 30, ""method"": ""frozen_reference_scanvi"", ""metric"": ""within_label_silhouette__sample_ID"", ""population"": ""reference"", ""stat"": ""coverage""}"
Table S6-01025,si,Table S6,NA,dataset,"{""block"": ""B"", ""dataset"": ""immune_cell_human"", ""dim"": 30, ""method"": ""frozen_reference_scanvi"", ""metric"": ""within_label_silhouette__sample_ID"", ""population"": ""query"", ""stat"": ""mean""}"
Table S6-01026,si,Table S6,0/3,dataset,"{""block"": ""B"", ""dataset"": ""immune_cell_human"", ""dim"": 30, ""method"": ""frozen_reference_scanvi"", ""metric"": ""within_label_silhouette__sample_ID"", ""population"": ""query"", ""stat"": ""coverage""}"
Table S6-01027,si,Table S6,-0.003,dataset,"{""block"": ""B"", ""dataset"": ""immune_cell_human"", ""dim"": 30, ""method"": ""frozen_reference_scanvi"", ""metric"": ""within_label_silhouette__sample_ID"", ""population"": ""joint"", ""stat"": ""mean""}"
Table S6-01028,si,Table S6,3/3,dataset,"{""block"": ""B"", ""dataset"": ""immune_cell_human"", ""dim"": 30, ""method"": ""frozen_reference_scanvi"", ""metric"": ""within_label_silhouette__sample_ID"", ""population"": ""joint"", ""stat"": ""coverage""}"
Table S6-01029,si,Table S6,C,dataset,"{""block"": ""B"", ""dataset"": ""immune_cell_human"", ""dim"": 30, ""method"": ""frozen_reference_scanvi"", ""metric"": ""within_label_silhouette__sample_ID"", ""population"": ""all"", ""stat"": ""na_code""}"
Table S6-01030,si,Table S6,0.005,dataset,"{""block"": ""B"", ""dataset"": ""immune_cell_human"", ""dim"": 30, ""method"": ""sclsc_refonly"", ""metric"": ""within_label_silhouette__sample_ID"", ""population"": ""reference"", ""stat"": ""mean""}"
Table S6-01031,si,Table S6,3/3,dataset,"{""block"": ""B"", ""dataset"": ""immune_cell_human"", ""dim"": 30, ""method"": ""sclsc_refonly"", ""metric"": ""within_label_silhouette__sample_ID"", ""population"": ""reference"", ""stat"": ""coverage""}"
Table S6-01032,si,Table S6,NA,dataset,"{""block"": ""B"", ""dataset"": ""immune_cell_human"", ""dim"": 30, ""method"": ""sclsc_refonly"", ""metric"": ""within_label_silhouette__sample_ID"", ""population"": ""query"", ""stat"": ""mean""}"
Table S6-01033,si,Table S6,0/3,dataset,"{""block"": ""B"", ""dataset"": ""immune_cell_human"", ""dim"": 30, ""method"": ""sclsc_refonly"", ""metric"": ""within_label_silhouette__sample_ID"", ""population"": ""query"", ""stat"": ""coverage""}"
Table S6-01034,si,Table S6,-0.011,dataset,"{""block"": ""B"", ""dataset"": ""immune_cell_human"", ""dim"": 30, ""method"": ""sclsc_refonly"", ""metric"": ""within_label_silhouette__sample_ID"", ""population"": ""joint"", ""stat"": ""mean""}"
Table S6-01035,si,Table S6,3/3,dataset,"{""block"": ""B"", ""dataset"": ""immune_cell_human"", ""dim"": 30, ""method"": ""sclsc_refonly"", ""metric"": ""within_label_silhouette__sample_ID"", ""population"": ""joint"", ""stat"": ""coverage""}"
Table S6-01036,si,Table S6,C,dataset,"{""block"": ""B"", ""dataset"": ""immune_cell_human"", ""dim"": 30, ""method"": ""sclsc_refonly"", ""metric"": ""within_label_silhouette__sample_ID"", ""population"": ""all"", ""stat"": ""na_code""}"
Table S6-01037,si,Table S6,0.026,dataset,"{""block"": ""Control"", ""dataset"": ""immune_cell_human"", ""dim"": 128, ""method"": ""solar_orthogonal_uniq"", ""metric"": ""within_label_silhouette__sample_ID"", ""population"": ""reference"", ""stat"": ""mean""}"
Table S6-01038,si,Table S6,3/3,dataset,"{""block"": ""Control"", ""dataset"": ""immune_cell_human"", ""dim"": 128, ""method"": ""solar_orthogonal_uniq"", ""metric"": ""within_label_silhouette__sample_ID"", ""population"": ""reference"", ""stat"": ""coverage""}"
Table S6-01039,si,Table S6,NA,dataset,"{""block"": ""Control"", ""dataset"": ""immune_cell_human"", ""dim"": 128, ""method"": ""solar_orthogonal_uniq"", ""metric"": ""within_label_silhouette__sample_ID"", ""population"": ""query"", ""stat"": ""mean""}"
Table S6-01040,si,Table S6,0/3,dataset,"{""block"": ""Control"", ""dataset"": ""immune_cell_human"", ""dim"": 128, ""method"": ""solar_orthogonal_uniq"", ""metric"": ""within_label_silhouette__sample_ID"", ""population"": ""query"", ""stat"": ""coverage""}"
Table S6-01041,si,Table S6,0.037,dataset,"{""block"": ""Control"", ""dataset"": ""immune_cell_human"", ""dim"": 128, ""method"": ""solar_orthogonal_uniq"", ""metric"": ""within_label_silhouette__sample_ID"", ""population"": ""joint"", ""stat"": ""mean""}"
Table S6-01042,si,Table S6,3/3,dataset,"{""block"": ""Control"", ""dataset"": ""immune_cell_human"", ""dim"": 128, ""method"": ""solar_orthogonal_uniq"", ""metric"": ""within_label_silhouette__sample_ID"", ""population"": ""joint"", ""stat"": ""coverage""}"
Table S6-01043,si,Table S6,C,dataset,"{""block"": ""Control"", ""dataset"": ""immune_cell_human"", ""dim"": 128, ""method"": ""solar_orthogonal_uniq"", ""metric"": ""within_label_silhouette__sample_ID"", ""population"": ""all"", ""stat"": ""na_code""}"
Table S6-01044,si,Table S6,0.022,dataset,"{""block"": ""Control"", ""dataset"": ""immune_cell_human"", ""dim"": 128, ""method"": ""solar_none"", ""metric"": ""within_label_silhouette__sample_ID"", ""population"": ""reference"", ""stat"": ""mean""}"
Table S6-01045,si,Table S6,3/3,dataset,"{""block"": ""Control"", ""dataset"": ""immune_cell_human"", ""dim"": 128, ""method"": ""solar_none"", ""metric"": ""within_label_silhouette__sample_ID"", ""population"": ""reference"", ""stat"": ""coverage""}"
Table S6-01046,si,Table S6,NA,dataset,"{""block"": ""Control"", ""dataset"": ""immune_cell_human"", ""dim"": 128, ""method"": ""solar_none"", ""metric"": ""within_label_silhouette__sample_ID"", ""population"": ""query"", ""stat"": ""mean""}"
Table S6-01047,si,Table S6,0/3,dataset,"{""block"": ""Control"", ""dataset"": ""immune_cell_human"", ""dim"": 128, ""method"": ""solar_none"", ""metric"": ""within_label_silhouette__sample_ID"", ""population"": ""query"", ""stat"": ""coverage""}"
Table S6-01048,si,Table S6,0.032,dataset,"{""block"": ""Control"", ""dataset"": ""immune_cell_human"", ""dim"": 128, ""method"": ""solar_none"", ""metric"": ""within_label_silhouette__sample_ID"", ""population"": ""joint"", ""stat"": ""mean""}"
Table S6-01049,si,Table S6,3/3,dataset,"{""block"": ""Control"", ""dataset"": ""immune_cell_human"", ""dim"": 128, ""method"": ""solar_none"", ""metric"": ""within_label_silhouette__sample_ID"", ""population"": ""joint"", ""stat"": ""coverage""}"
Table S6-01050,si,Table S6,C,dataset,"{""block"": ""Control"", ""dataset"": ""immune_cell_human"", ""dim"": 128, ""method"": ""solar_none"", ""metric"": ""within_label_silhouette__sample_ID"", ""population"": ""all"", ""stat"": ""na_code""}"
Table S6-01051,si,Table S6,-0.089,dataset,"{""block"": ""A"", ""dataset"": ""lung_atlas"", ""dim"": 128, ""method"": ""solar_orthogonal"", ""metric"": ""within_label_silhouette__donor"", ""population"": ""reference"", ""stat"": ""mean""}"
Table S6-01052,si,Table S6,3/3,dataset,"{""block"": ""A"", ""dataset"": ""lung_atlas"", ""dim"": 128, ""method"": ""solar_orthogonal"", ""metric"": ""within_label_silhouette__donor"", ""population"": ""reference"", ""stat"": ""coverage""}"
Table S6-01053,si,Table S6,NA,dataset,"{""block"": ""A"", ""dataset"": ""lung_atlas"", ""dim"": 128, ""method"": ""solar_orthogonal"", ""metric"": ""within_label_silhouette__donor"", ""population"": ""query"", ""stat"": ""mean""}"
Table S6-01054,si,Table S6,0/3,dataset,"{""block"": ""A"", ""dataset"": ""lung_atlas"", ""dim"": 128, ""method"": ""solar_orthogonal"", ""metric"": ""within_label_silhouette__donor"", ""population"": ""query"", ""stat"": ""coverage""}"
Table S6-01055,si,Table S6,-0.095,dataset,"{""block"": ""A"", ""dataset"": ""lung_atlas"", ""dim"": 128, ""method"": ""solar_orthogonal"", ""metric"": ""within_label_silhouette__donor"", ""population"": ""joint"", ""stat"": ""mean""}"
Table S6-01056,si,Table S6,3/3,dataset,"{""block"": ""A"", ""dataset"": ""lung_atlas"", ""dim"": 128, ""method"": ""solar_orthogonal"", ""metric"": ""within_label_silhouette__donor"", ""population"": ""joint"", ""stat"": ""coverage""}"
Table S6-01057,si,Table S6,C,dataset,"{""block"": ""A"", ""dataset"": ""lung_atlas"", ""dim"": 128, ""method"": ""solar_orthogonal"", ""metric"": ""within_label_silhouette__donor"", ""population"": ""all"", ""stat"": ""na_code""}"
Table S6-01058,si,Table S6,0.069,dataset,"{""block"": ""A"", ""dataset"": ""lung_atlas"", ""dim"": 40, ""method"": ""unintegrated_pca_matched"", ""metric"": ""within_label_silhouette__donor"", ""population"": ""reference"", ""stat"": ""mean""}"
Table S6-01059,si,Table S6,3/3,dataset,"{""block"": ""A"", ""dataset"": ""lung_atlas"", ""dim"": 40, ""method"": ""unintegrated_pca_matched"", ""metric"": ""within_label_silhouette__donor"", ""population"": ""reference"", ""stat"": ""coverage""}"
Table S6-01060,si,Table S6,NA,dataset,"{""block"": ""A"", ""dataset"": ""lung_atlas"", ""dim"": 40, ""method"": ""unintegrated_pca_matched"", ""metric"": ""within_label_silhouette__donor"", ""population"": ""query"", ""stat"": ""mean""}"
Table S6-01061,si,Table S6,0/3,dataset,"{""block"": ""A"", ""dataset"": ""lung_atlas"", ""dim"": 40, ""method"": ""unintegrated_pca_matched"", ""metric"": ""within_label_silhouette__donor"", ""population"": ""query"", ""stat"": ""coverage""}"
Table S6-01062,si,Table S6,0.054,dataset,"{""block"": ""A"", ""dataset"": ""lung_atlas"", ""dim"": 40, ""method"": ""unintegrated_pca_matched"", ""metric"": ""within_label_silhouette__donor"", ""population"": ""joint"", ""stat"": ""mean""}"
Table S6-01063,si,Table S6,3/3,dataset,"{""block"": ""A"", ""dataset"": ""lung_atlas"", ""dim"": 40, ""method"": ""unintegrated_pca_matched"", ""metric"": ""within_label_silhouette__donor"", ""population"": ""joint"", ""stat"": ""coverage""}"
Table S6-01064,si,Table S6,C,dataset,"{""block"": ""A"", ""dataset"": ""lung_atlas"", ""dim"": 40, ""method"": ""unintegrated_pca_matched"", ""metric"": ""within_label_silhouette__donor"", ""population"": ""all"", ""stat"": ""na_code""}"
Table S6-01065,si,Table S6,-0.050,dataset,"{""block"": ""A"", ""dataset"": ""lung_atlas"", ""dim"": 30, ""method"": ""frozen_reference_scvi"", ""metric"": ""within_label_silhouette__donor"", ""population"": ""reference"", ""stat"": ""mean""}"
Table S6-01066,si,Table S6,3/3,dataset,"{""block"": ""A"", ""dataset"": ""lung_atlas"", ""dim"": 30, ""method"": ""frozen_reference_scvi"", ""metric"": ""within_label_silhouette__donor"", ""population"": ""reference"", ""stat"": ""coverage""}"
Table S6-01067,si,Table S6,NA,dataset,"{""block"": ""A"", ""dataset"": ""lung_atlas"", ""dim"": 30, ""method"": ""frozen_reference_scvi"", ""metric"": ""within_label_silhouette__donor"", ""population"": ""query"", ""stat"": ""mean""}"
Table S6-01068,si,Table S6,0/3,dataset,"{""block"": ""A"", ""dataset"": ""lung_atlas"", ""dim"": 30, ""method"": ""frozen_reference_scvi"", ""metric"": ""within_label_silhouette__donor"", ""population"": ""query"", ""stat"": ""coverage""}"
Table S6-01069,si,Table S6,-0.052,dataset,"{""block"": ""A"", ""dataset"": ""lung_atlas"", ""dim"": 30, ""method"": ""frozen_reference_scvi"", ""metric"": ""within_label_silhouette__donor"", ""population"": ""joint"", ""stat"": ""mean""}"
Table S6-01070,si,Table S6,3/3,dataset,"{""block"": ""A"", ""dataset"": ""lung_atlas"", ""dim"": 30, ""method"": ""frozen_reference_scvi"", ""metric"": ""within_label_silhouette__donor"", ""population"": ""joint"", ""stat"": ""coverage""}"
Table S6-01071,si,Table S6,C,dataset,"{""block"": ""A"", ""dataset"": ""lung_atlas"", ""dim"": 30, ""method"": ""frozen_reference_scvi"", ""metric"": ""within_label_silhouette__donor"", ""population"": ""all"", ""stat"": ""na_code""}"
Table S6-01072,si,Table S6,-0.057,dataset,"{""block"": ""A"", ""dataset"": ""lung_atlas"", ""dim"": 30, ""method"": ""frozen_reference_scanvi"", ""metric"": ""within_label_silhouette__donor"", ""population"": ""reference"", ""stat"": ""mean""}"
Table S6-01073,si,Table S6,3/3,dataset,"{""block"": ""A"", ""dataset"": ""lung_atlas"", ""dim"": 30, ""method"": ""frozen_reference_scanvi"", ""metric"": ""within_label_silhouette__donor"", ""population"": ""reference"", ""stat"": ""coverage""}"
Table S6-01074,si,Table S6,NA,dataset,"{""block"": ""A"", ""dataset"": ""lung_atlas"", ""dim"": 30, ""method"": ""frozen_reference_scanvi"", ""metric"": ""within_label_silhouette__donor"", ""population"": ""query"", ""stat"": ""mean""}"
Table S6-01075,si,Table S6,0/3,dataset,"{""block"": ""A"", ""dataset"": ""lung_atlas"", ""dim"": 30, ""method"": ""frozen_reference_scanvi"", ""metric"": ""within_label_silhouette__donor"", ""population"": ""query"", ""stat"": ""coverage""}"
Table S6-01076,si,Table S6,-0.060,dataset,"{""block"": ""A"", ""dataset"": ""lung_atlas"", ""dim"": 30, ""method"": ""frozen_reference_scanvi"", ""metric"": ""within_label_silhouette__donor"", ""population"": ""joint"", ""stat"": ""mean""}"
Table S6-01077,si,Table S6,3/3,dataset,"{""block"": ""A"", ""dataset"": ""lung_atlas"", ""dim"": 30, ""method"": ""frozen_reference_scanvi"", ""metric"": ""within_label_silhouette__donor"", ""population"": ""joint"", ""stat"": ""coverage""}"
Table S6-01078,si,Table S6,C,dataset,"{""block"": ""A"", ""dataset"": ""lung_atlas"", ""dim"": 30, ""method"": ""frozen_reference_scanvi"", ""metric"": ""within_label_silhouette__donor"", ""population"": ""all"", ""stat"": ""na_code""}"
Table S6-01079,si,Table S6,-0.233,dataset,"{""block"": ""A"", ""dataset"": ""lung_atlas"", ""dim"": 16, ""method"": ""sclsc_refonly"", ""metric"": ""within_label_silhouette__donor"", ""population"": ""reference"", ""stat"": ""mean""}"
Table S6-01080,si,Table S6,3/3,dataset,"{""block"": ""A"", ""dataset"": ""lung_atlas"", ""dim"": 16, ""method"": ""sclsc_refonly"", ""metric"": ""within_label_silhouette__donor"", ""population"": ""reference"", ""stat"": ""coverage""}"
Table S6-01081,si,Table S6,NA,dataset,"{""block"": ""A"", ""dataset"": ""lung_atlas"", ""dim"": 16, ""method"": ""sclsc_refonly"", ""metric"": ""within_label_silhouette__donor"", ""population"": ""query"", ""stat"": ""mean""}"
Table S6-01082,si,Table S6,0/3,dataset,"{""block"": ""A"", ""dataset"": ""lung_atlas"", ""dim"": 16, ""method"": ""sclsc_refonly"", ""metric"": ""within_label_silhouette__donor"", ""population"": ""query"", ""stat"": ""coverage""}"
Table S6-01083,si,Table S6,-0.246,dataset,"{""block"": ""A"", ""dataset"": ""lung_atlas"", ""dim"": 16, ""method"": ""sclsc_refonly"", ""metric"": ""within_label_silhouette__donor"", ""population"": ""joint"", ""stat"": ""mean""}"
Table S6-01084,si,Table S6,3/3,dataset,"{""block"": ""A"", ""dataset"": ""lung_atlas"", ""dim"": 16, ""method"": ""sclsc_refonly"", ""metric"": ""within_label_silhouette__donor"", ""population"": ""joint"", ""stat"": ""coverage""}"
Table S6-01085,si,Table S6,C,dataset,"{""block"": ""A"", ""dataset"": ""lung_atlas"", ""dim"": 16, ""method"": ""sclsc_refonly"", ""metric"": ""within_label_silhouette__donor"", ""population"": ""all"", ""stat"": ""na_code""}"
Table S6-01086,si,Table S6,-0.101,dataset,"{""block"": ""B"", ""dataset"": ""lung_atlas"", ""dim"": 30, ""method"": ""solar_orthogonal"", ""metric"": ""within_label_silhouette__donor"", ""population"": ""reference"", ""stat"": ""mean""}"
Table S6-01087,si,Table S6,3/3,dataset,"{""block"": ""B"", ""dataset"": ""lung_atlas"", ""dim"": 30, ""method"": ""solar_orthogonal"", ""metric"": ""within_label_silhouette__donor"", ""population"": ""reference"", ""stat"": ""coverage""}"
Table S6-01088,si,Table S6,NA,dataset,"{""block"": ""B"", ""dataset"": ""lung_atlas"", ""dim"": 30, ""method"": ""solar_orthogonal"", ""metric"": ""within_label_silhouette__donor"", ""population"": ""query"", ""stat"": ""mean""}"
Table S6-01089,si,Table S6,0/3,dataset,"{""block"": ""B"", ""dataset"": ""lung_atlas"", ""dim"": 30, ""method"": ""solar_orthogonal"", ""metric"": ""within_label_silhouette__donor"", ""population"": ""query"", ""stat"": ""coverage""}"
Table S6-01090,si,Table S6,-0.108,dataset,"{""block"": ""B"", ""dataset"": ""lung_atlas"", ""dim"": 30, ""method"": ""solar_orthogonal"", ""metric"": ""within_label_silhouette__donor"", ""population"": ""joint"", ""stat"": ""mean""}"
Table S6-01091,si,Table S6,3/3,dataset,"{""block"": ""B"", ""dataset"": ""lung_atlas"", ""dim"": 30, ""method"": ""solar_orthogonal"", ""metric"": ""within_label_silhouette__donor"", ""population"": ""joint"", ""stat"": ""coverage""}"
Table S6-01092,si,Table S6,C,dataset,"{""block"": ""B"", ""dataset"": ""lung_atlas"", ""dim"": 30, ""method"": ""solar_orthogonal"", ""metric"": ""within_label_silhouette__donor"", ""population"": ""all"", ""stat"": ""na_code""}"
Table S6-01093,si,Table S6,0.069,dataset,"{""block"": ""B"", ""dataset"": ""lung_atlas"", ""dim"": 30, ""method"": ""unintegrated_pca_matched"", ""metric"": ""within_label_silhouette__donor"", ""population"": ""reference"", ""stat"": ""mean""}"
Table S6-01094,si,Table S6,3/3,dataset,"{""block"": ""B"", ""dataset"": ""lung_atlas"", ""dim"": 30, ""method"": ""unintegrated_pca_matched"", ""metric"": ""within_label_silhouette__donor"", ""population"": ""reference"", ""stat"": ""coverage""}"
Table S6-01095,si,Table S6,NA,dataset,"{""block"": ""B"", ""dataset"": ""lung_atlas"", ""dim"": 30, ""method"": ""unintegrated_pca_matched"", ""metric"": ""within_label_silhouette__donor"", ""population"": ""query"", ""stat"": ""mean""}"
Table S6-01096,si,Table S6,0/3,dataset,"{""block"": ""B"", ""dataset"": ""lung_atlas"", ""dim"": 30, ""method"": ""unintegrated_pca_matched"", ""metric"": ""within_label_silhouette__donor"", ""population"": ""query"", ""stat"": ""coverage""}"
Table S6-01097,si,Table S6,0.054,dataset,"{""block"": ""B"", ""dataset"": ""lung_atlas"", ""dim"": 30, ""method"": ""unintegrated_pca_matched"", ""metric"": ""within_label_silhouette__donor"", ""population"": ""joint"", ""stat"": ""mean""}"
Table S6-01098,si,Table S6,3/3,dataset,"{""block"": ""B"", ""dataset"": ""lung_atlas"", ""dim"": 30, ""method"": ""unintegrated_pca_matched"", ""metric"": ""within_label_silhouette__donor"", ""population"": ""joint"", ""stat"": ""coverage""}"
Table S6-01099,si,Table S6,C,dataset,"{""block"": ""B"", ""dataset"": ""lung_atlas"", ""dim"": 30, ""method"": ""unintegrated_pca_matched"", ""metric"": ""within_label_silhouette__donor"", ""population"": ""all"", ""stat"": ""na_code""}"
Table S6-01100,si,Table S6,-0.050,dataset,"{""block"": ""B"", ""dataset"": ""lung_atlas"", ""dim"": 30, ""method"": ""frozen_reference_scvi"", ""metric"": ""within_label_silhouette__donor"", ""population"": ""reference"", ""stat"": ""mean""}"
Table S6-01101,si,Table S6,3/3,dataset,"{""block"": ""B"", ""dataset"": ""lung_atlas"", ""dim"": 30, ""method"": ""frozen_reference_scvi"", ""metric"": ""within_label_silhouette__donor"", ""population"": ""reference"", ""stat"": ""coverage""}"
Table S6-01102,si,Table S6,NA,dataset,"{""block"": ""B"", ""dataset"": ""lung_atlas"", ""dim"": 30, ""method"": ""frozen_reference_scvi"", ""metric"": ""within_label_silhouette__donor"", ""population"": ""query"", ""stat"": ""mean""}"
Table S6-01103,si,Table S6,0/3,dataset,"{""block"": ""B"", ""dataset"": ""lung_atlas"", ""dim"": 30, ""method"": ""frozen_reference_scvi"", ""metric"": ""within_label_silhouette__donor"", ""population"": ""query"", ""stat"": ""coverage""}"
Table S6-01104,si,Table S6,-0.052,dataset,"{""block"": ""B"", ""dataset"": ""lung_atlas"", ""dim"": 30, ""method"": ""frozen_reference_scvi"", ""metric"": ""within_label_silhouette__donor"", ""population"": ""joint"", ""stat"": ""mean""}"
Table S6-01105,si,Table S6,3/3,dataset,"{""block"": ""B"", ""dataset"": ""lung_atlas"", ""dim"": 30, ""method"": ""frozen_reference_scvi"", ""metric"": ""within_label_silhouette__donor"", ""population"": ""joint"", ""stat"": ""coverage""}"
Table S6-01106,si,Table S6,C,dataset,"{""block"": ""B"", ""dataset"": ""lung_atlas"", ""dim"": 30, ""method"": ""frozen_reference_scvi"", ""metric"": ""within_label_silhouette__donor"", ""population"": ""all"", ""stat"": ""na_code""}"
Table S6-01107,si,Table S6,-0.057,dataset,"{""block"": ""B"", ""dataset"": ""lung_atlas"", ""dim"": 30, ""method"": ""frozen_reference_scanvi"", ""metric"": ""within_label_silhouette__donor"", ""population"": ""reference"", ""stat"": ""mean""}"
Table S6-01108,si,Table S6,3/3,dataset,"{""block"": ""B"", ""dataset"": ""lung_atlas"", ""dim"": 30, ""method"": ""frozen_reference_scanvi"", ""metric"": ""within_label_silhouette__donor"", ""population"": ""reference"", ""stat"": ""coverage""}"
Table S6-01109,si,Table S6,NA,dataset,"{""block"": ""B"", ""dataset"": ""lung_atlas"", ""dim"": 30, ""method"": ""frozen_reference_scanvi"", ""metric"": ""within_label_silhouette__donor"", ""population"": ""query"", ""stat"": ""mean""}"
Table S6-01110,si,Table S6,0/3,dataset,"{""block"": ""B"", ""dataset"": ""lung_atlas"", ""dim"": 30, ""method"": ""frozen_reference_scanvi"", ""metric"": ""within_label_silhouette__donor"", ""population"": ""query"", ""stat"": ""coverage""}"
Table S6-01111,si,Table S6,-0.060,dataset,"{""block"": ""B"", ""dataset"": ""lung_atlas"", ""dim"": 30, ""method"": ""frozen_reference_scanvi"", ""metric"": ""within_label_silhouette__donor"", ""population"": ""joint"", ""stat"": ""mean""}"
Table S6-01112,si,Table S6,3/3,dataset,"{""block"": ""B"", ""dataset"": ""lung_atlas"", ""dim"": 30, ""method"": ""frozen_reference_scanvi"", ""metric"": ""within_label_silhouette__donor"", ""population"": ""joint"", ""stat"": ""coverage""}"
Table S6-01113,si,Table S6,C,dataset,"{""block"": ""B"", ""dataset"": ""lung_atlas"", ""dim"": 30, ""method"": ""frozen_reference_scanvi"", ""metric"": ""within_label_silhouette__donor"", ""population"": ""all"", ""stat"": ""na_code""}"
Table S6-01114,si,Table S6,-0.220,dataset,"{""block"": ""B"", ""dataset"": ""lung_atlas"", ""dim"": 30, ""method"": ""sclsc_refonly"", ""metric"": ""within_label_silhouette__donor"", ""population"": ""reference"", ""stat"": ""mean""}"
Table S6-01115,si,Table S6,3/3,dataset,"{""block"": ""B"", ""dataset"": ""lung_atlas"", ""dim"": 30, ""method"": ""sclsc_refonly"", ""metric"": ""within_label_silhouette__donor"", ""population"": ""reference"", ""stat"": ""coverage""}"
Table S6-01116,si,Table S6,NA,dataset,"{""block"": ""B"", ""dataset"": ""lung_atlas"", ""dim"": 30, ""method"": ""sclsc_refonly"", ""metric"": ""within_label_silhouette__donor"", ""population"": ""query"", ""stat"": ""mean""}"
Table S6-01117,si,Table S6,0/3,dataset,"{""block"": ""B"", ""dataset"": ""lung_atlas"", ""dim"": 30, ""method"": ""sclsc_refonly"", ""metric"": ""within_label_silhouette__donor"", ""population"": ""query"", ""stat"": ""coverage""}"
Table S6-01118,si,Table S6,-0.232,dataset,"{""block"": ""B"", ""dataset"": ""lung_atlas"", ""dim"": 30, ""method"": ""sclsc_refonly"", ""metric"": ""within_label_silhouette__donor"", ""population"": ""joint"", ""stat"": ""mean""}"
Table S6-01119,si,Table S6,3/3,dataset,"{""block"": ""B"", ""dataset"": ""lung_atlas"", ""dim"": 30, ""method"": ""sclsc_refonly"", ""metric"": ""within_label_silhouette__donor"", ""population"": ""joint"", ""stat"": ""coverage""}"
Table S6-01120,si,Table S6,C,dataset,"{""block"": ""B"", ""dataset"": ""lung_atlas"", ""dim"": 30, ""method"": ""sclsc_refonly"", ""metric"": ""within_label_silhouette__donor"", ""population"": ""all"", ""stat"": ""na_code""}"
Table S6-01121,si,Table S6,-0.041,dataset,"{""block"": ""Control"", ""dataset"": ""lung_atlas"", ""dim"": 128, ""method"": ""solar_orthogonal_uniq"", ""metric"": ""within_label_silhouette__donor"", ""population"": ""reference"", ""stat"": ""mean""}"
Table S6-01122,si,Table S6,3/3,dataset,"{""block"": ""Control"", ""dataset"": ""lung_atlas"", ""dim"": 128, ""method"": ""solar_orthogonal_uniq"", ""metric"": ""within_label_silhouette__donor"", ""population"": ""reference"", ""stat"": ""coverage""}"
Table S6-01123,si,Table S6,NA,dataset,"{""block"": ""Control"", ""dataset"": ""lung_atlas"", ""dim"": 128, ""method"": ""solar_orthogonal_uniq"", ""metric"": ""within_label_silhouette__donor"", ""population"": ""query"", ""stat"": ""mean""}"
Table S6-01124,si,Table S6,0/3,dataset,"{""block"": ""Control"", ""dataset"": ""lung_atlas"", ""dim"": 128, ""method"": ""solar_orthogonal_uniq"", ""metric"": ""within_label_silhouette__donor"", ""population"": ""query"", ""stat"": ""coverage""}"
Table S6-01125,si,Table S6,-0.047,dataset,"{""block"": ""Control"", ""dataset"": ""lung_atlas"", ""dim"": 128, ""method"": ""solar_orthogonal_uniq"", ""metric"": ""within_label_silhouette__donor"", ""population"": ""joint"", ""stat"": ""mean""}"
Table S6-01126,si,Table S6,3/3,dataset,"{""block"": ""Control"", ""dataset"": ""lung_atlas"", ""dim"": 128, ""method"": ""solar_orthogonal_uniq"", ""metric"": ""within_label_silhouette__donor"", ""population"": ""joint"", ""stat"": ""coverage""}"
Table S6-01127,si,Table S6,C,dataset,"{""block"": ""Control"", ""dataset"": ""lung_atlas"", ""dim"": 128, ""method"": ""solar_orthogonal_uniq"", ""metric"": ""within_label_silhouette__donor"", ""population"": ""all"", ""stat"": ""na_code""}"
Table S6-01128,si,Table S6,-0.049,dataset,"{""block"": ""Control"", ""dataset"": ""lung_atlas"", ""dim"": 128, ""method"": ""solar_none"", ""metric"": ""within_label_silhouette__donor"", ""population"": ""reference"", ""stat"": ""mean""}"
Table S6-01129,si,Table S6,3/3,dataset,"{""block"": ""Control"", ""dataset"": ""lung_atlas"", ""dim"": 128, ""method"": ""solar_none"", ""metric"": ""within_label_silhouette__donor"", ""population"": ""reference"", ""stat"": ""coverage""}"
Table S6-01130,si,Table S6,NA,dataset,"{""block"": ""Control"", ""dataset"": ""lung_atlas"", ""dim"": 128, ""method"": ""solar_none"", ""metric"": ""within_label_silhouette__donor"", ""population"": ""query"", ""stat"": ""mean""}"
Table S6-01131,si,Table S6,0/3,dataset,"{""block"": ""Control"", ""dataset"": ""lung_atlas"", ""dim"": 128, ""method"": ""solar_none"", ""metric"": ""within_label_silhouette__donor"", ""population"": ""query"", ""stat"": ""coverage""}"
Table S6-01132,si,Table S6,-0.055,dataset,"{""block"": ""Control"", ""dataset"": ""lung_atlas"", ""dim"": 128, ""method"": ""solar_none"", ""metric"": ""within_label_silhouette__donor"", ""population"": ""joint"", ""stat"": ""mean""}"
Table S6-01133,si,Table S6,3/3,dataset,"{""block"": ""Control"", ""dataset"": ""lung_atlas"", ""dim"": 128, ""method"": ""solar_none"", ""metric"": ""within_label_silhouette__donor"", ""population"": ""joint"", ""stat"": ""coverage""}"
Table S6-01134,si,Table S6,C,dataset,"{""block"": ""Control"", ""dataset"": ""lung_atlas"", ""dim"": 128, ""method"": ""solar_none"", ""metric"": ""within_label_silhouette__donor"", ""population"": ""all"", ""stat"": ""na_code""}"
Table S6-01135,si,Table S6,0.250,dataset,"{""block"": ""A"", ""dataset"": ""lung_atlas"", ""dim"": 128, ""method"": ""solar_orthogonal"", ""metric"": ""within_label_silhouette__patientGroup"", ""population"": ""reference"", ""stat"": ""mean""}"
Table S6-01136,si,Table S6,3/3,dataset,"{""block"": ""A"", ""dataset"": ""lung_atlas"", ""dim"": 128, ""method"": ""solar_orthogonal"", ""metric"": ""within_label_silhouette__patientGroup"", ""population"": ""reference"", ""stat"": ""coverage""}"
Table S6-01137,si,Table S6,NA,dataset,"{""block"": ""A"", ""dataset"": ""lung_atlas"", ""dim"": 128, ""method"": ""solar_orthogonal"", ""metric"": ""within_label_silhouette__patientGroup"", ""population"": ""query"", ""stat"": ""mean""}"
Table S6-01138,si,Table S6,0/3,dataset,"{""block"": ""A"", ""dataset"": ""lung_atlas"", ""dim"": 128, ""method"": ""solar_orthogonal"", ""metric"": ""within_label_silhouette__patientGroup"", ""population"": ""query"", ""stat"": ""coverage""}"
Table S6-01139,si,Table S6,0.236,dataset,"{""block"": ""A"", ""dataset"": ""lung_atlas"", ""dim"": 128, ""method"": ""solar_orthogonal"", ""metric"": ""within_label_silhouette__patientGroup"", ""population"": ""joint"", ""stat"": ""mean""}"
Table S6-01140,si,Table S6,3/3,dataset,"{""block"": ""A"", ""dataset"": ""lung_atlas"", ""dim"": 128, ""method"": ""solar_orthogonal"", ""metric"": ""within_label_silhouette__patientGroup"", ""population"": ""joint"", ""stat"": ""coverage""}"
Table S6-01141,si,Table S6,C,dataset,"{""block"": ""A"", ""dataset"": ""lung_atlas"", ""dim"": 128, ""method"": ""solar_orthogonal"", ""metric"": ""within_label_silhouette__patientGroup"", ""population"": ""all"", ""stat"": ""na_code""}"
Table S6-01142,si,Table S6,0.308,dataset,"{""block"": ""A"", ""dataset"": ""lung_atlas"", ""dim"": 40, ""method"": ""unintegrated_pca_matched"", ""metric"": ""within_label_silhouette__patientGroup"", ""population"": ""reference"", ""stat"": ""mean""}"
Table S6-01143,si,Table S6,3/3,dataset,"{""block"": ""A"", ""dataset"": ""lung_atlas"", ""dim"": 40, ""method"": ""unintegrated_pca_matched"", ""metric"": ""within_label_silhouette__patientGroup"", ""population"": ""reference"", ""stat"": ""coverage""}"
Table S6-01144,si,Table S6,NA,dataset,"{""block"": ""A"", ""dataset"": ""lung_atlas"", ""dim"": 40, ""method"": ""unintegrated_pca_matched"", ""metric"": ""within_label_silhouette__patientGroup"", ""population"": ""query"", ""stat"": ""mean""}"
Table S6-01145,si,Table S6,0/3,dataset,"{""block"": ""A"", ""dataset"": ""lung_atlas"", ""dim"": 40, ""method"": ""unintegrated_pca_matched"", ""metric"": ""within_label_silhouette__patientGroup"", ""population"": ""query"", ""stat"": ""coverage""}"
Table S6-01146,si,Table S6,0.309,dataset,"{""block"": ""A"", ""dataset"": ""lung_atlas"", ""dim"": 40, ""method"": ""unintegrated_pca_matched"", ""metric"": ""within_label_silhouette__patientGroup"", ""population"": ""joint"", ""stat"": ""mean""}"
Table S6-01147,si,Table S6,3/3,dataset,"{""block"": ""A"", ""dataset"": ""lung_atlas"", ""dim"": 40, ""method"": ""unintegrated_pca_matched"", ""metric"": ""within_label_silhouette__patientGroup"", ""population"": ""joint"", ""stat"": ""coverage""}"
Table S6-01148,si,Table S6,C,dataset,"{""block"": ""A"", ""dataset"": ""lung_atlas"", ""dim"": 40, ""method"": ""unintegrated_pca_matched"", ""metric"": ""within_label_silhouette__patientGroup"", ""population"": ""all"", ""stat"": ""na_code""}"
Table S6-01149,si,Table S6,0.097,dataset,"{""block"": ""A"", ""dataset"": ""lung_atlas"", ""dim"": 30, ""method"": ""frozen_reference_scvi"", ""metric"": ""within_label_silhouette__patientGroup"", ""population"": ""reference"", ""stat"": ""mean""}"
Table S6-01150,si,Table S6,3/3,dataset,"{""block"": ""A"", ""dataset"": ""lung_atlas"", ""dim"": 30, ""method"": ""frozen_reference_scvi"", ""metric"": ""within_label_silhouette__patientGroup"", ""population"": ""reference"", ""stat"": ""coverage""}"
Table S6-01151,si,Table S6,NA,dataset,"{""block"": ""A"", ""dataset"": ""lung_atlas"", ""dim"": 30, ""method"": ""frozen_reference_scvi"", ""metric"": ""within_label_silhouette__patientGroup"", ""population"": ""query"", ""stat"": ""mean""}"
Table S6-01152,si,Table S6,0/3,dataset,"{""block"": ""A"", ""dataset"": ""lung_atlas"", ""dim"": 30, ""method"": ""frozen_reference_scvi"", ""metric"": ""within_label_silhouette__patientGroup"", ""population"": ""query"", ""stat"": ""coverage""}"
Table S6-01153,si,Table S6,0.093,dataset,"{""block"": ""A"", ""dataset"": ""lung_atlas"", ""dim"": 30, ""method"": ""frozen_reference_scvi"", ""metric"": ""within_label_silhouette__patientGroup"", ""population"": ""joint"", ""stat"": ""mean""}"
Table S6-01154,si,Table S6,3/3,dataset,"{""block"": ""A"", ""dataset"": ""lung_atlas"", ""dim"": 30, ""method"": ""frozen_reference_scvi"", ""metric"": ""within_label_silhouette__patientGroup"", ""population"": ""joint"", ""stat"": ""coverage""}"
Table S6-01155,si,Table S6,C,dataset,"{""block"": ""A"", ""dataset"": ""lung_atlas"", ""dim"": 30, ""method"": ""frozen_reference_scvi"", ""metric"": ""within_label_silhouette__patientGroup"", ""population"": ""all"", ""stat"": ""na_code""}"
Table S6-01156,si,Table S6,0.111,dataset,"{""block"": ""A"", ""dataset"": ""lung_atlas"", ""dim"": 30, ""method"": ""frozen_reference_scanvi"", ""metric"": ""within_label_silhouette__patientGroup"", ""population"": ""reference"", ""stat"": ""mean""}"
Table S6-01157,si,Table S6,3/3,dataset,"{""block"": ""A"", ""dataset"": ""lung_atlas"", ""dim"": 30, ""method"": ""frozen_reference_scanvi"", ""metric"": ""within_label_silhouette__patientGroup"", ""population"": ""reference"", ""stat"": ""coverage""}"
Table S6-01158,si,Table S6,NA,dataset,"{""block"": ""A"", ""dataset"": ""lung_atlas"", ""dim"": 30, ""method"": ""frozen_reference_scanvi"", ""metric"": ""within_label_silhouette__patientGroup"", ""population"": ""query"", ""stat"": ""mean""}"
Table S6-01159,si,Table S6,0/3,dataset,"{""block"": ""A"", ""dataset"": ""lung_atlas"", ""dim"": 30, ""method"": ""frozen_reference_scanvi"", ""metric"": ""within_label_silhouette__patientGroup"", ""population"": ""query"", ""stat"": ""coverage""}"
Table S6-01160,si,Table S6,0.106,dataset,"{""block"": ""A"", ""dataset"": ""lung_atlas"", ""dim"": 30, ""method"": ""frozen_reference_scanvi"", ""metric"": ""within_label_silhouette__patientGroup"", ""population"": ""joint"", ""stat"": ""mean""}"
Table S6-01161,si,Table S6,3/3,dataset,"{""block"": ""A"", ""dataset"": ""lung_atlas"", ""dim"": 30, ""method"": ""frozen_reference_scanvi"", ""metric"": ""within_label_silhouette__patientGroup"", ""population"": ""joint"", ""stat"": ""coverage""}"
Table S6-01162,si,Table S6,C,dataset,"{""block"": ""A"", ""dataset"": ""lung_atlas"", ""dim"": 30, ""method"": ""frozen_reference_scanvi"", ""metric"": ""within_label_silhouette__patientGroup"", ""population"": ""all"", ""stat"": ""na_code""}"
Table S6-01163,si,Table S6,0.264,dataset,"{""block"": ""A"", ""dataset"": ""lung_atlas"", ""dim"": 16, ""method"": ""sclsc_refonly"", ""metric"": ""within_label_silhouette__patientGroup"", ""population"": ""reference"", ""stat"": ""mean""}"
Table S6-01164,si,Table S6,3/3,dataset,"{""block"": ""A"", ""dataset"": ""lung_atlas"", ""dim"": 16, ""method"": ""sclsc_refonly"", ""metric"": ""within_label_silhouette__patientGroup"", ""population"": ""reference"", ""stat"": ""coverage""}"
Table S6-01165,si,Table S6,NA,dataset,"{""block"": ""A"", ""dataset"": ""lung_atlas"", ""dim"": 16, ""method"": ""sclsc_refonly"", ""metric"": ""within_label_silhouette__patientGroup"", ""population"": ""query"", ""stat"": ""mean""}"
Table S6-01166,si,Table S6,0/3,dataset,"{""block"": ""A"", ""dataset"": ""lung_atlas"", ""dim"": 16, ""method"": ""sclsc_refonly"", ""metric"": ""within_label_silhouette__patientGroup"", ""population"": ""query"", ""stat"": ""coverage""}"
Table S6-01167,si,Table S6,0.234,dataset,"{""block"": ""A"", ""dataset"": ""lung_atlas"", ""dim"": 16, ""method"": ""sclsc_refonly"", ""metric"": ""within_label_silhouette__patientGroup"", ""population"": ""joint"", ""stat"": ""mean""}"
Table S6-01168,si,Table S6,3/3,dataset,"{""block"": ""A"", ""dataset"": ""lung_atlas"", ""dim"": 16, ""method"": ""sclsc_refonly"", ""metric"": ""within_label_silhouette__patientGroup"", ""population"": ""joint"", ""stat"": ""coverage""}"
Table S6-01169,si,Table S6,C,dataset,"{""block"": ""A"", ""dataset"": ""lung_atlas"", ""dim"": 16, ""method"": ""sclsc_refonly"", ""metric"": ""within_label_silhouette__patientGroup"", ""population"": ""all"", ""stat"": ""na_code""}"
Table S6-01170,si,Table S6,0.243,dataset,"{""block"": ""B"", ""dataset"": ""lung_atlas"", ""dim"": 30, ""method"": ""solar_orthogonal"", ""metric"": ""within_label_silhouette__patientGroup"", ""population"": ""reference"", ""stat"": ""mean""}"
Table S6-01171,si,Table S6,3/3,dataset,"{""block"": ""B"", ""dataset"": ""lung_atlas"", ""dim"": 30, ""method"": ""solar_orthogonal"", ""metric"": ""within_label_silhouette__patientGroup"", ""population"": ""reference"", ""stat"": ""coverage""}"
Table S6-01172,si,Table S6,NA,dataset,"{""block"": ""B"", ""dataset"": ""lung_atlas"", ""dim"": 30, ""method"": ""solar_orthogonal"", ""metric"": ""within_label_silhouette__patientGroup"", ""population"": ""query"", ""stat"": ""mean""}"
Table S6-01173,si,Table S6,0/3,dataset,"{""block"": ""B"", ""dataset"": ""lung_atlas"", ""dim"": 30, ""method"": ""solar_orthogonal"", ""metric"": ""within_label_silhouette__patientGroup"", ""population"": ""query"", ""stat"": ""coverage""}"
Table S6-01174,si,Table S6,0.229,dataset,"{""block"": ""B"", ""dataset"": ""lung_atlas"", ""dim"": 30, ""method"": ""solar_orthogonal"", ""metric"": ""within_label_silhouette__patientGroup"", ""population"": ""joint"", ""stat"": ""mean""}"
Table S6-01175,si,Table S6,3/3,dataset,"{""block"": ""B"", ""dataset"": ""lung_atlas"", ""dim"": 30, ""method"": ""solar_orthogonal"", ""metric"": ""within_label_silhouette__patientGroup"", ""population"": ""joint"", ""stat"": ""coverage""}"
Table S6-01176,si,Table S6,C,dataset,"{""block"": ""B"", ""dataset"": ""lung_atlas"", ""dim"": 30, ""method"": ""solar_orthogonal"", ""metric"": ""within_label_silhouette__patientGroup"", ""population"": ""all"", ""stat"": ""na_code""}"
Table S6-01177,si,Table S6,0.324,dataset,"{""block"": ""B"", ""dataset"": ""lung_atlas"", ""dim"": 30, ""method"": ""unintegrated_pca_matched"", ""metric"": ""within_label_silhouette__patientGroup"", ""population"": ""reference"", ""stat"": ""mean""}"
Table S6-01178,si,Table S6,3/3,dataset,"{""block"": ""B"", ""dataset"": ""lung_atlas"", ""dim"": 30, ""method"": ""unintegrated_pca_matched"", ""metric"": ""within_label_silhouette__patientGroup"", ""population"": ""reference"", ""stat"": ""coverage""}"
Table S6-01179,si,Table S6,NA,dataset,"{""block"": ""B"", ""dataset"": ""lung_atlas"", ""dim"": 30, ""method"": ""unintegrated_pca_matched"", ""metric"": ""within_label_silhouette__patientGroup"", ""population"": ""query"", ""stat"": ""mean""}"
Table S6-01180,si,Table S6,0/3,dataset,"{""block"": ""B"", ""dataset"": ""lung_atlas"", ""dim"": 30, ""method"": ""unintegrated_pca_matched"", ""metric"": ""within_label_silhouette__patientGroup"", ""population"": ""query"", ""stat"": ""coverage""}"
Table S6-01181,si,Table S6,0.325,dataset,"{""block"": ""B"", ""dataset"": ""lung_atlas"", ""dim"": 30, ""method"": ""unintegrated_pca_matched"", ""metric"": ""within_label_silhouette__patientGroup"", ""population"": ""joint"", ""stat"": ""mean""}"
Table S6-01182,si,Table S6,3/3,dataset,"{""block"": ""B"", ""dataset"": ""lung_atlas"", ""dim"": 30, ""method"": ""unintegrated_pca_matched"", ""metric"": ""within_label_silhouette__patientGroup"", ""population"": ""joint"", ""stat"": ""coverage""}"
Table S6-01183,si,Table S6,C,dataset,"{""block"": ""B"", ""dataset"": ""lung_atlas"", ""dim"": 30, ""method"": ""unintegrated_pca_matched"", ""metric"": ""within_label_silhouette__patientGroup"", ""population"": ""all"", ""stat"": ""na_code""}"
Table S6-01184,si,Table S6,0.097,dataset,"{""block"": ""B"", ""dataset"": ""lung_atlas"", ""dim"": 30, ""method"": ""frozen_reference_scvi"", ""metric"": ""within_label_silhouette__patientGroup"", ""population"": ""reference"", ""stat"": ""mean""}"
Table S6-01185,si,Table S6,3/3,dataset,"{""block"": ""B"", ""dataset"": ""lung_atlas"", ""dim"": 30, ""method"": ""frozen_reference_scvi"", ""metric"": ""within_label_silhouette__patientGroup"", ""population"": ""reference"", ""stat"": ""coverage""}"
Table S6-01186,si,Table S6,NA,dataset,"{""block"": ""B"", ""dataset"": ""lung_atlas"", ""dim"": 30, ""method"": ""frozen_reference_scvi"", ""metric"": ""within_label_silhouette__patientGroup"", ""population"": ""query"", ""stat"": ""mean""}"
Table S6-01187,si,Table S6,0/3,dataset,"{""block"": ""B"", ""dataset"": ""lung_atlas"", ""dim"": 30, ""method"": ""frozen_reference_scvi"", ""metric"": ""within_label_silhouette__patientGroup"", ""population"": ""query"", ""stat"": ""coverage""}"
Table S6-01188,si,Table S6,0.093,dataset,"{""block"": ""B"", ""dataset"": ""lung_atlas"", ""dim"": 30, ""method"": ""frozen_reference_scvi"", ""metric"": ""within_label_silhouette__patientGroup"", ""population"": ""joint"", ""stat"": ""mean""}"
Table S6-01189,si,Table S6,3/3,dataset,"{""block"": ""B"", ""dataset"": ""lung_atlas"", ""dim"": 30, ""method"": ""frozen_reference_scvi"", ""metric"": ""within_label_silhouette__patientGroup"", ""population"": ""joint"", ""stat"": ""coverage""}"
Table S6-01190,si,Table S6,C,dataset,"{""block"": ""B"", ""dataset"": ""lung_atlas"", ""dim"": 30, ""method"": ""frozen_reference_scvi"", ""metric"": ""within_label_silhouette__patientGroup"", ""population"": ""all"", ""stat"": ""na_code""}"
Table S6-01191,si,Table S6,0.111,dataset,"{""block"": ""B"", ""dataset"": ""lung_atlas"", ""dim"": 30, ""method"": ""frozen_reference_scanvi"", ""metric"": ""within_label_silhouette__patientGroup"", ""population"": ""reference"", ""stat"": ""mean""}"
Table S6-01192,si,Table S6,3/3,dataset,"{""block"": ""B"", ""dataset"": ""lung_atlas"", ""dim"": 30, ""method"": ""frozen_reference_scanvi"", ""metric"": ""within_label_silhouette__patientGroup"", ""population"": ""reference"", ""stat"": ""coverage""}"
Table S6-01193,si,Table S6,NA,dataset,"{""block"": ""B"", ""dataset"": ""lung_atlas"", ""dim"": 30, ""method"": ""frozen_reference_scanvi"", ""metric"": ""within_label_silhouette__patientGroup"", ""population"": ""query"", ""stat"": ""mean""}"
Table S6-01194,si,Table S6,0/3,dataset,"{""block"": ""B"", ""dataset"": ""lung_atlas"", ""dim"": 30, ""method"": ""frozen_reference_scanvi"", ""metric"": ""within_label_silhouette__patientGroup"", ""population"": ""query"", ""stat"": ""coverage""}"
Table S6-01195,si,Table S6,0.106,dataset,"{""block"": ""B"", ""dataset"": ""lung_atlas"", ""dim"": 30, ""method"": ""frozen_reference_scanvi"", ""metric"": ""within_label_silhouette__patientGroup"", ""population"": ""joint"", ""stat"": ""mean""}"
Table S6-01196,si,Table S6,3/3,dataset,"{""block"": ""B"", ""dataset"": ""lung_atlas"", ""dim"": 30, ""method"": ""frozen_reference_scanvi"", ""metric"": ""within_label_silhouette__patientGroup"", ""population"": ""joint"", ""stat"": ""coverage""}"
Table S6-01197,si,Table S6,C,dataset,"{""block"": ""B"", ""dataset"": ""lung_atlas"", ""dim"": 30, ""method"": ""frozen_reference_scanvi"", ""metric"": ""within_label_silhouette__patientGroup"", ""population"": ""all"", ""stat"": ""na_code""}"
Table S6-01198,si,Table S6,0.261,dataset,"{""block"": ""B"", ""dataset"": ""lung_atlas"", ""dim"": 30, ""method"": ""sclsc_refonly"", ""metric"": ""within_label_silhouette__patientGroup"", ""population"": ""reference"", ""stat"": ""mean""}"
Table S6-01199,si,Table S6,3/3,dataset,"{""block"": ""B"", ""dataset"": ""lung_atlas"", ""dim"": 30, ""method"": ""sclsc_refonly"", ""metric"": ""within_label_silhouette__patientGroup"", ""population"": ""reference"", ""stat"": ""coverage""}"
Table S6-01200,si,Table S6,NA,dataset,"{""block"": ""B"", ""dataset"": ""lung_atlas"", ""dim"": 30, ""method"": ""sclsc_refonly"", ""metric"": ""within_label_silhouette__patientGroup"", ""population"": ""query"", ""stat"": ""mean""}"
Table S6-01201,si,Table S6,0/3,dataset,"{""block"": ""B"", ""dataset"": ""lung_atlas"", ""dim"": 30, ""method"": ""sclsc_refonly"", ""metric"": ""within_label_silhouette__patientGroup"", ""population"": ""query"", ""stat"": ""coverage""}"
Table S6-01202,si,Table S6,0.231,dataset,"{""block"": ""B"", ""dataset"": ""lung_atlas"", ""dim"": 30, ""method"": ""sclsc_refonly"", ""metric"": ""within_label_silhouette__patientGroup"", ""population"": ""joint"", ""stat"": ""mean""}"
Table S6-01203,si,Table S6,3/3,dataset,"{""block"": ""B"", ""dataset"": ""lung_atlas"", ""dim"": 30, ""method"": ""sclsc_refonly"", ""metric"": ""within_label_silhouette__patientGroup"", ""population"": ""joint"", ""stat"": ""coverage""}"
Table S6-01204,si,Table S6,C,dataset,"{""block"": ""B"", ""dataset"": ""lung_atlas"", ""dim"": 30, ""method"": ""sclsc_refonly"", ""metric"": ""within_label_silhouette__patientGroup"", ""population"": ""all"", ""stat"": ""na_code""}"
Table S6-01205,si,Table S6,0.232,dataset,"{""block"": ""Control"", ""dataset"": ""lung_atlas"", ""dim"": 128, ""method"": ""solar_orthogonal_uniq"", ""metric"": ""within_label_silhouette__patientGroup"", ""population"": ""reference"", ""stat"": ""mean""}"
Table S6-01206,si,Table S6,3/3,dataset,"{""block"": ""Control"", ""dataset"": ""lung_atlas"", ""dim"": 128, ""method"": ""solar_orthogonal_uniq"", ""metric"": ""within_label_silhouette__patientGroup"", ""population"": ""reference"", ""stat"": ""coverage""}"
Table S6-01207,si,Table S6,NA,dataset,"{""block"": ""Control"", ""dataset"": ""lung_atlas"", ""dim"": 128, ""method"": ""solar_orthogonal_uniq"", ""metric"": ""within_label_silhouette__patientGroup"", ""population"": ""query"", ""stat"": ""mean""}"
Table S6-01208,si,Table S6,0/3,dataset,"{""block"": ""Control"", ""dataset"": ""lung_atlas"", ""dim"": 128, ""method"": ""solar_orthogonal_uniq"", ""metric"": ""within_label_silhouette__patientGroup"", ""population"": ""query"", ""stat"": ""coverage""}"
Table S6-01209,si,Table S6,0.219,dataset,"{""block"": ""Control"", ""dataset"": ""lung_atlas"", ""dim"": 128, ""method"": ""solar_orthogonal_uniq"", ""metric"": ""within_label_silhouette__patientGroup"", ""population"": ""joint"", ""stat"": ""mean""}"
Table S6-01210,si,Table S6,3/3,dataset,"{""block"": ""Control"", ""dataset"": ""lung_atlas"", ""dim"": 128, ""method"": ""solar_orthogonal_uniq"", ""metric"": ""within_label_silhouette__patientGroup"", ""population"": ""joint"", ""stat"": ""coverage""}"
Table S6-01211,si,Table S6,C,dataset,"{""block"": ""Control"", ""dataset"": ""lung_atlas"", ""dim"": 128, ""method"": ""solar_orthogonal_uniq"", ""metric"": ""within_label_silhouette__patientGroup"", ""population"": ""all"", ""stat"": ""na_code""}"
Table S6-01212,si,Table S6,0.236,dataset,"{""block"": ""Control"", ""dataset"": ""lung_atlas"", ""dim"": 128, ""method"": ""solar_none"", ""metric"": ""within_label_silhouette__patientGroup"", ""population"": ""reference"", ""stat"": ""mean""}"
Table S6-01213,si,Table S6,3/3,dataset,"{""block"": ""Control"", ""dataset"": ""lung_atlas"", ""dim"": 128, ""method"": ""solar_none"", ""metric"": ""within_label_silhouette__patientGroup"", ""population"": ""reference"", ""stat"": ""coverage""}"
Table S6-01214,si,Table S6,NA,dataset,"{""block"": ""Control"", ""dataset"": ""lung_atlas"", ""dim"": 128, ""method"": ""solar_none"", ""metric"": ""within_label_silhouette__patientGroup"", ""population"": ""query"", ""stat"": ""mean""}"
Table S6-01215,si,Table S6,0/3,dataset,"{""block"": ""Control"", ""dataset"": ""lung_atlas"", ""dim"": 128, ""method"": ""solar_none"", ""metric"": ""within_label_silhouette__patientGroup"", ""population"": ""query"", ""stat"": ""coverage""}"
Table S6-01216,si,Table S6,0.224,dataset,"{""block"": ""Control"", ""dataset"": ""lung_atlas"", ""dim"": 128, ""method"": ""solar_none"", ""metric"": ""within_label_silhouette__patientGroup"", ""population"": ""joint"", ""stat"": ""mean""}"
Table S6-01217,si,Table S6,3/3,dataset,"{""block"": ""Control"", ""dataset"": ""lung_atlas"", ""dim"": 128, ""method"": ""solar_none"", ""metric"": ""within_label_silhouette__patientGroup"", ""population"": ""joint"", ""stat"": ""coverage""}"
Table S6-01218,si,Table S6,C,dataset,"{""block"": ""Control"", ""dataset"": ""lung_atlas"", ""dim"": 128, ""method"": ""solar_none"", ""metric"": ""within_label_silhouette__patientGroup"", ""population"": ""all"", ""stat"": ""na_code""}"
Table S7-01219,si,Table S7,0.404,summary,"{""block"": ""A"", ""dim"": 128, ""method"": ""solar_orthogonal"", ""metric"": ""ARI_cluster/label"", ""population"": ""joint"", ""stat"": ""mean""}"
Table S7-01220,si,Table S7,0.077,summary,"{""block"": ""A"", ""dim"": 128, ""method"": ""solar_orthogonal"", ""metric"": ""ARI_cluster/label"", ""population"": ""joint"", ""stat"": ""sd""}"
Table S7-01221,si,Table S7,3/3,summary,"{""block"": ""A"", ""dim"": 128, ""method"": ""solar_orthogonal"", ""metric"": ""ARI_cluster/label"", ""population"": ""joint"", ""stat"": ""D""}"
Table S7-01222,si,Table S7,9/9,summary,"{""block"": ""A"", ""dim"": 128, ""method"": ""solar_orthogonal"", ""metric"": ""ARI_cluster/label"", ""population"": ""joint"", ""stat"": ""B""}"
Table S7-01223,si,Table S7,45/45,summary,"{""block"": ""A"", ""dim"": 128, ""method"": ""solar_orthogonal"", ""metric"": ""ARI_cluster/label"", ""population"": ""joint"", ""stat"": ""F""}"
Table S7-01224,si,Table S7,–,summary,"{""block"": ""A"", ""dim"": 128, ""method"": ""solar_orthogonal"", ""metric"": ""ARI_cluster/label"", ""population"": ""joint"", ""stat"": ""na_code""}"
Table S7-01225,si,Table S7,0.869,summary,"{""block"": ""A"", ""dim"": 128, ""method"": ""solar_orthogonal"", ""metric"": ""ASW_label"", ""population"": ""joint"", ""stat"": ""mean""}"
Table S7-01226,si,Table S7,0.036,summary,"{""block"": ""A"", ""dim"": 128, ""method"": ""solar_orthogonal"", ""metric"": ""ASW_label"", ""population"": ""joint"", ""stat"": ""sd""}"
Table S7-01227,si,Table S7,3/3,summary,"{""block"": ""A"", ""dim"": 128, ""method"": ""solar_orthogonal"", ""metric"": ""ASW_label"", ""population"": ""joint"", ""stat"": ""D""}"
Table S7-01228,si,Table S7,9/9,summary,"{""block"": ""A"", ""dim"": 128, ""method"": ""solar_orthogonal"", ""metric"": ""ASW_label"", ""population"": ""joint"", ""stat"": ""B""}"
Table S7-01229,si,Table S7,45/45,summary,"{""block"": ""A"", ""dim"": 128, ""method"": ""solar_orthogonal"", ""metric"": ""ASW_label"", ""population"": ""joint"", ""stat"": ""F""}"
Table S7-01230,si,Table S7,–,summary,"{""block"": ""A"", ""dim"": 128, ""method"": ""solar_orthogonal"", ""metric"": ""ASW_label"", ""population"": ""joint"", ""stat"": ""na_code""}"
Table S7-01231,si,Table S7,0.842,summary,"{""block"": ""A"", ""dim"": 128, ""method"": ""solar_orthogonal"", ""metric"": ""ASW_label/batch"", ""population"": ""joint"", ""stat"": ""mean""}"
Table S7-01232,si,Table S7,0.020,summary,"{""block"": ""A"", ""dim"": 128, ""method"": ""solar_orthogonal"", ""metric"": ""ASW_label/batch"", ""population"": ""joint"", ""stat"": ""sd""}"
Table S7-01233,si,Table S7,3/3,summary,"{""block"": ""A"", ""dim"": 128, ""method"": ""solar_orthogonal"", ""metric"": ""ASW_label/batch"", ""population"": ""joint"", ""stat"": ""D""}"
Table S7-01234,si,Table S7,9/9,summary,"{""block"": ""A"", ""dim"": 128, ""method"": ""solar_orthogonal"", ""metric"": ""ASW_label/batch"", ""population"": ""joint"", ""stat"": ""B""}"
Table S7-01235,si,Table S7,45/45,summary,"{""block"": ""A"", ""dim"": 128, ""method"": ""solar_orthogonal"", ""metric"": ""ASW_label/batch"", ""population"": ""joint"", ""stat"": ""F""}"
Table S7-01236,si,Table S7,–,summary,"{""block"": ""A"", ""dim"": 128, ""method"": ""solar_orthogonal"", ""metric"": ""ASW_label/batch"", ""population"": ""joint"", ""stat"": ""na_code""}"
Table S7-01237,si,Table S7,0.758,summary,"{""block"": ""A"", ""dim"": 128, ""method"": ""solar_orthogonal"", ""metric"": ""NMI_cluster/label"", ""population"": ""joint"", ""stat"": ""mean""}"
Table S7-01238,si,Table S7,0.034,summary,"{""block"": ""A"", ""dim"": 128, ""method"": ""solar_orthogonal"", ""metric"": ""NMI_cluster/label"", ""population"": ""joint"", ""stat"": ""sd""}"
Table S7-01239,si,Table S7,3/3,summary,"{""block"": ""A"", ""dim"": 128, ""method"": ""solar_orthogonal"", ""metric"": ""NMI_cluster/label"", ""population"": ""joint"", ""stat"": ""D""}"
Table S7-01240,si,Table S7,9/9,summary,"{""block"": ""A"", ""dim"": 128, ""method"": ""solar_orthogonal"", ""metric"": ""NMI_cluster/label"", ""population"": ""joint"", ""stat"": ""B""}"
Table S7-01241,si,Table S7,45/45,summary,"{""block"": ""A"", ""dim"": 128, ""method"": ""solar_orthogonal"", ""metric"": ""NMI_cluster/label"", ""population"": ""joint"", ""stat"": ""F""}"
Table S7-01242,si,Table S7,–,summary,"{""block"": ""A"", ""dim"": 128, ""method"": ""solar_orthogonal"", ""metric"": ""NMI_cluster/label"", ""population"": ""joint"", ""stat"": ""na_code""}"
Table S7-01243,si,Table S7,0.771,summary,"{""block"": ""A"", ""dim"": 128, ""method"": ""solar_orthogonal"", ""metric"": ""PCR_batch"", ""population"": ""joint"", ""stat"": ""mean""}"
Table S7-01244,si,Table S7,0.118,summary,"{""block"": ""A"", ""dim"": 128, ""method"": ""solar_orthogonal"", ""metric"": ""PCR_batch"", ""population"": ""joint"", ""stat"": ""sd""}"
Table S7-01245,si,Table S7,3/3,summary,"{""block"": ""A"", ""dim"": 128, ""method"": ""solar_orthogonal"", ""metric"": ""PCR_batch"", ""population"": ""joint"", ""stat"": ""D""}"
Table S7-01246,si,Table S7,9/9,summary,"{""block"": ""A"", ""dim"": 128, ""method"": ""solar_orthogonal"", ""metric"": ""PCR_batch"", ""population"": ""joint"", ""stat"": ""B""}"
Table S7-01247,si,Table S7,45/45,summary,"{""block"": ""A"", ""dim"": 128, ""method"": ""solar_orthogonal"", ""metric"": ""PCR_batch"", ""population"": ""joint"", ""stat"": ""F""}"
Table S7-01248,si,Table S7,–,summary,"{""block"": ""A"", ""dim"": 128, ""method"": ""solar_orthogonal"", ""metric"": ""PCR_batch"", ""population"": ""joint"", ""stat"": ""na_code""}"
Table S7-01249,si,Table S7,0.838,summary,"{""block"": ""A"", ""dim"": 128, ""method"": ""solar_orthogonal"", ""metric"": ""balanced_accuracy"", ""population"": ""query"", ""stat"": ""mean""}"
Table S7-01250,si,Table S7,0.079,summary,"{""block"": ""A"", ""dim"": 128, ""method"": ""solar_orthogonal"", ""metric"": ""balanced_accuracy"", ""population"": ""query"", ""stat"": ""sd""}"
Table S7-01251,si,Table S7,3/3,summary,"{""block"": ""A"", ""dim"": 128, ""method"": ""solar_orthogonal"", ""metric"": ""balanced_accuracy"", ""population"": ""query"", ""stat"": ""D""}"
Table S7-01252,si,Table S7,9/9,summary,"{""block"": ""A"", ""dim"": 128, ""method"": ""solar_orthogonal"", ""metric"": ""balanced_accuracy"", ""population"": ""query"", ""stat"": ""B""}"
Table S7-01253,si,Table S7,45/45,summary,"{""block"": ""A"", ""dim"": 128, ""method"": ""solar_orthogonal"", ""metric"": ""balanced_accuracy"", ""population"": ""query"", ""stat"": ""F""}"
Table S7-01254,si,Table S7,–,summary,"{""block"": ""A"", ""dim"": 128, ""method"": ""solar_orthogonal"", ""metric"": ""balanced_accuracy"", ""population"": ""query"", ""stat"": ""na_code""}"
Table S7-01255,si,Table S7,1.000,summary,"{""block"": ""A"", ""dim"": 128, ""method"": ""solar_orthogonal"", ""metric"": ""cLISI"", ""population"": ""joint"", ""stat"": ""mean""}"
Table S7-01256,si,Table S7,0.000,summary,"{""block"": ""A"", ""dim"": 128, ""method"": ""solar_orthogonal"", ""metric"": ""cLISI"", ""population"": ""joint"", ""stat"": ""sd""}"
Table S7-01257,si,Table S7,3/3,summary,"{""block"": ""A"", ""dim"": 128, ""method"": ""solar_orthogonal"", ""metric"": ""cLISI"", ""population"": ""joint"", ""stat"": ""D""}"
Table S7-01258,si,Table S7,9/9,summary,"{""block"": ""A"", ""dim"": 128, ""method"": ""solar_orthogonal"", ""metric"": ""cLISI"", ""population"": ""joint"", ""stat"": ""B""}"
Table S7-01259,si,Table S7,45/45,summary,"{""block"": ""A"", ""dim"": 128, ""method"": ""solar_orthogonal"", ""metric"": ""cLISI"", ""population"": ""joint"", ""stat"": ""F""}"
Table S7-01260,si,Table S7,–,summary,"{""block"": ""A"", ""dim"": 128, ""method"": ""solar_orthogonal"", ""metric"": ""cLISI"", ""population"": ""joint"", ""stat"": ""na_code""}"
Table S7-01261,si,Table S7,0.539,summary,"{""block"": ""A"", ""dim"": 128, ""method"": ""solar_orthogonal"", ""metric"": ""cell_cycle_conservation"", ""population"": ""joint"", ""stat"": ""mean""}"
Table S7-01262,si,Table S7,0.179,summary,"{""block"": ""A"", ""dim"": 128, ""method"": ""solar_orthogonal"", ""metric"": ""cell_cycle_conservation"", ""population"": ""joint"", ""stat"": ""sd""}"
Table S7-01263,si,Table S7,3/3,summary,"{""block"": ""A"", ""dim"": 128, ""method"": ""solar_orthogonal"", ""metric"": ""cell_cycle_conservation"", ""population"": ""joint"", ""stat"": ""D""}"
Table S7-01264,si,Table S7,9/9,summary,"{""block"": ""A"", ""dim"": 128, ""method"": ""solar_orthogonal"", ""metric"": ""cell_cycle_conservation"", ""population"": ""joint"", ""stat"": ""B""}"
Table S7-01265,si,Table S7,45/45,summary,"{""block"": ""A"", ""dim"": 128, ""method"": ""solar_orthogonal"", ""metric"": ""cell_cycle_conservation"", ""population"": ""joint"", ""stat"": ""F""}"
Table S7-01266,si,Table S7,–,summary,"{""block"": ""A"", ""dim"": 128, ""method"": ""solar_orthogonal"", ""metric"": ""cell_cycle_conservation"", ""population"": ""joint"", ""stat"": ""na_code""}"
Table S7-01267,si,Table S7,NA,summary,"{""block"": ""A"", ""dim"": 128, ""method"": ""solar_orthogonal"", ""metric"": ""hvg_overlap"", ""population"": ""joint"", ""stat"": ""mean""}"
Table S7-01268,si,Table S7,–,summary,"{""block"": ""A"", ""dim"": 128, ""method"": ""solar_orthogonal"", ""metric"": ""hvg_overlap"", ""population"": ""joint"", ""stat"": ""sd""}"
Table S7-01269,si,Table S7,0/3,summary,"{""block"": ""A"", ""dim"": 128, ""method"": ""solar_orthogonal"", ""metric"": ""hvg_overlap"", ""population"": ""joint"", ""stat"": ""D""}"
Table S7-01270,si,Table S7,0/9,summary,"{""block"": ""A"", ""dim"": 128, ""method"": ""solar_orthogonal"", ""metric"": ""hvg_overlap"", ""population"": ""joint"", ""stat"": ""B""}"
Table S7-01271,si,Table S7,0/45,summary,"{""block"": ""A"", ""dim"": 128, ""method"": ""solar_orthogonal"", ""metric"": ""hvg_overlap"", ""population"": ""joint"", ""stat"": ""F""}"
Table S7-01272,si,Table S7,H,summary,"{""block"": ""A"", ""dim"": 128, ""method"": ""solar_orthogonal"", ""metric"": ""hvg_overlap"", ""population"": ""joint"", ""stat"": ""na_code""}"
Table S7-01273,si,Table S7,1.268,summary,"{""block"": ""A"", ""dim"": 128, ""method"": ""solar_orthogonal"", ""metric"": ""iLISI"", ""population"": ""joint"", ""stat"": ""mean""}"
Table S7-01274,si,Table S7,0.165,summary,"{""block"": ""A"", ""dim"": 128, ""method"": ""solar_orthogonal"", ""metric"": ""iLISI"", ""population"": ""joint"", ""stat"": ""sd""}"
Table S7-01275,si,Table S7,3/3,summary,"{""block"": ""A"", ""dim"": 128, ""method"": ""solar_orthogonal"", ""metric"": ""iLISI"", ""population"": ""joint"", ""stat"": ""D""}"
Table S7-01276,si,Table S7,9/9,summary,"{""block"": ""A"", ""dim"": 128, ""method"": ""solar_orthogonal"", ""metric"": ""iLISI"", ""population"": ""joint"", ""stat"": ""B""}"
Table S7-01277,si,Table S7,45/45,summary,"{""block"": ""A"", ""dim"": 128, ""method"": ""solar_orthogonal"", ""metric"": ""iLISI"", ""population"": ""joint"", ""stat"": ""F""}"
Table S7-01278,si,Table S7,–,summary,"{""block"": ""A"", ""dim"": 128, ""method"": ""solar_orthogonal"", ""metric"": ""iLISI"", ""population"": ""joint"", ""stat"": ""na_code""}"
Table S7-01279,si,Table S7,0.501,summary,"{""block"": ""A"", ""dim"": 128, ""method"": ""solar_orthogonal"", ""metric"": ""isolated_label_silhouette"", ""population"": ""joint"", ""stat"": ""mean""}"
Table S7-01280,si,Table S7,0.010,summary,"{""block"": ""A"", ""dim"": 128, ""method"": ""solar_orthogonal"", ""metric"": ""isolated_label_silhouette"", ""population"": ""joint"", ""stat"": ""sd""}"
Table S7-01281,si,Table S7,3/3,summary,"{""block"": ""A"", ""dim"": 128, ""method"": ""solar_orthogonal"", ""metric"": ""isolated_label_silhouette"", ""population"": ""joint"", ""stat"": ""D""}"
Table S7-01282,si,Table S7,9/9,summary,"{""block"": ""A"", ""dim"": 128, ""method"": ""solar_orthogonal"", ""metric"": ""isolated_label_silhouette"", ""population"": ""joint"", ""stat"": ""B""}"
Table S7-01283,si,Table S7,45/45,summary,"{""block"": ""A"", ""dim"": 128, ""method"": ""solar_orthogonal"", ""metric"": ""isolated_label_silhouette"", ""population"": ""joint"", ""stat"": ""F""}"
Table S7-01284,si,Table S7,–,summary,"{""block"": ""A"", ""dim"": 128, ""method"": ""solar_orthogonal"", ""metric"": ""isolated_label_silhouette"", ""population"": ""joint"", ""stat"": ""na_code""}"
Table S7-01285,si,Table S7,0.813,summary,"{""block"": ""A"", ""dim"": 128, ""method"": ""solar_orthogonal"", ""metric"": ""macro_f1"", ""population"": ""query"", ""stat"": ""mean""}"
Table S7-01286,si,Table S7,0.109,summary,"{""block"": ""A"", ""dim"": 128, ""method"": ""solar_orthogonal"", ""metric"": ""macro_f1"", ""population"": ""query"", ""stat"": ""sd""}"
Table S7-01287,si,Table S7,3/3,summary,"{""block"": ""A"", ""dim"": 128, ""method"": ""solar_orthogonal"", ""metric"": ""macro_f1"", ""population"": ""query"", ""stat"": ""D""}"
Table S7-01288,si,Table S7,9/9,summary,"{""block"": ""A"", ""dim"": 128, ""method"": ""solar_orthogonal"", ""metric"": ""macro_f1"", ""population"": ""query"", ""stat"": ""B""}"
Table S7-01289,si,Table S7,45/45,summary,"{""block"": ""A"", ""dim"": 128, ""method"": ""solar_orthogonal"", ""metric"": ""macro_f1"", ""population"": ""query"", ""stat"": ""F""}"
Table S7-01290,si,Table S7,–,summary,"{""block"": ""A"", ""dim"": 128, ""method"": ""solar_orthogonal"", ""metric"": ""macro_f1"", ""population"": ""query"", ""stat"": ""na_code""}"
Table S7-01291,si,Table S7,0.873,summary,"{""block"": ""A"", ""dim"": 128, ""method"": ""solar_orthogonal"", ""metric"": ""pseudotime_smoothness"", ""population"": ""joint"", ""stat"": ""mean""}"
Table S7-01292,si,Table S7,0.007,summary,"{""block"": ""A"", ""dim"": 128, ""method"": ""solar_orthogonal"", ""metric"": ""pseudotime_smoothness"", ""population"": ""joint"", ""stat"": ""sd""}"
Table S7-01293,si,Table S7,1/1,summary,"{""block"": ""A"", ""dim"": 128, ""method"": ""solar_orthogonal"", ""metric"": ""pseudotime_smoothness"", ""population"": ""joint"", ""stat"": ""D""}"
Table S7-01294,si,Table S7,3/3,summary,"{""block"": ""A"", ""dim"": 128, ""method"": ""solar_orthogonal"", ""metric"": ""pseudotime_smoothness"", ""population"": ""joint"", ""stat"": ""B""}"
Table S7-01295,si,Table S7,15/15,summary,"{""block"": ""A"", ""dim"": 128, ""method"": ""solar_orthogonal"", ""metric"": ""pseudotime_smoothness"", ""population"": ""joint"", ""stat"": ""F""}"
Table S7-01296,si,Table S7,S,summary,"{""block"": ""A"", ""dim"": 128, ""method"": ""solar_orthogonal"", ""metric"": ""pseudotime_smoothness"", ""population"": ""joint"", ""stat"": ""na_code""}"
Table S7-01297,si,Table S7,0.949,summary,"{""block"": ""A"", ""dim"": 128, ""method"": ""solar_orthogonal"", ""metric"": ""pseudotime_smoothness"", ""population"": ""query"", ""stat"": ""mean""}"
Table S7-01298,si,Table S7,–,summary,"{""block"": ""A"", ""dim"": 128, ""method"": ""solar_orthogonal"", ""metric"": ""pseudotime_smoothness"", ""population"": ""query"", ""stat"": ""sd""}"
Table S7-01299,si,Table S7,1/1,summary,"{""block"": ""A"", ""dim"": 128, ""method"": ""solar_orthogonal"", ""metric"": ""pseudotime_smoothness"", ""population"": ""query"", ""stat"": ""D""}"
Table S7-01300,si,Table S7,1/3,summary,"{""block"": ""A"", ""dim"": 128, ""method"": ""solar_orthogonal"", ""metric"": ""pseudotime_smoothness"", ""population"": ""query"", ""stat"": ""B""}"
Table S7-01301,si,Table S7,5/15,summary,"{""block"": ""A"", ""dim"": 128, ""method"": ""solar_orthogonal"", ""metric"": ""pseudotime_smoothness"", ""population"": ""query"", ""stat"": ""F""}"
Table S7-01302,si,Table S7,"P,S",summary,"{""block"": ""A"", ""dim"": 128, ""method"": ""solar_orthogonal"", ""metric"": ""pseudotime_smoothness"", ""population"": ""query"", ""stat"": ""na_code""}"
Table S7-01303,si,Table S7,0.852,summary,"{""block"": ""A"", ""dim"": 128, ""method"": ""solar_orthogonal"", ""metric"": ""pseudotime_smoothness"", ""population"": ""reference"", ""stat"": ""mean""}"
Table S7-01304,si,Table S7,0.043,summary,"{""block"": ""A"", ""dim"": 128, ""method"": ""solar_orthogonal"", ""metric"": ""pseudotime_smoothness"", ""population"": ""reference"", ""stat"": ""sd""}"
Table S7-01305,si,Table S7,1/1,summary,"{""block"": ""A"", ""dim"": 128, ""method"": ""solar_orthogonal"", ""metric"": ""pseudotime_smoothness"", ""population"": ""reference"", ""stat"": ""D""}"
Table S7-01306,si,Table S7,3/3,summary,"{""block"": ""A"", ""dim"": 128, ""method"": ""solar_orthogonal"", ""metric"": ""pseudotime_smoothness"", ""population"": ""reference"", ""stat"": ""B""}"
Table S7-01307,si,Table S7,15/15,summary,"{""block"": ""A"", ""dim"": 128, ""method"": ""solar_orthogonal"", ""metric"": ""pseudotime_smoothness"", ""population"": ""reference"", ""stat"": ""F""}"
Table S7-01308,si,Table S7,S,summary,"{""block"": ""A"", ""dim"": 128, ""method"": ""solar_orthogonal"", ""metric"": ""pseudotime_smoothness"", ""population"": ""reference"", ""stat"": ""na_code""}"
Table S7-01309,si,Table S7,0.623,summary,"{""block"": ""A"", ""dim"": 128, ""method"": ""solar_orthogonal"", ""metric"": ""trajectory"", ""population"": ""joint"", ""stat"": ""mean""}"
Table S7-01310,si,Table S7,0.095,summary,"{""block"": ""A"", ""dim"": 128, ""method"": ""solar_orthogonal"", ""metric"": ""trajectory"", ""population"": ""joint"", ""stat"": ""sd""}"
Table S7-01311,si,Table S7,1/1,summary,"{""block"": ""A"", ""dim"": 128, ""method"": ""solar_orthogonal"", ""metric"": ""trajectory"", ""population"": ""joint"", ""stat"": ""D""}"
Table S7-01312,si,Table S7,3/3,summary,"{""block"": ""A"", ""dim"": 128, ""method"": ""solar_orthogonal"", ""metric"": ""trajectory"", ""population"": ""joint"", ""stat"": ""B""}"
Table S7-01313,si,Table S7,15/15,summary,"{""block"": ""A"", ""dim"": 128, ""method"": ""solar_orthogonal"", ""metric"": ""trajectory"", ""population"": ""joint"", ""stat"": ""F""}"
Table S7-01314,si,Table S7,T,summary,"{""block"": ""A"", ""dim"": 128, ""method"": ""solar_orthogonal"", ""metric"": ""trajectory"", ""population"": ""joint"", ""stat"": ""na_code""}"
Table S7-01315,si,Table S7,0.933,summary,"{""block"": ""A"", ""dim"": 128, ""method"": ""solar_orthogonal"", ""metric"": ""trustworthiness"", ""population"": ""joint"", ""stat"": ""mean""}"
Table S7-01316,si,Table S7,0.018,summary,"{""block"": ""A"", ""dim"": 128, ""method"": ""solar_orthogonal"", ""metric"": ""trustworthiness"", ""population"": ""joint"", ""stat"": ""sd""}"
Table S7-01317,si,Table S7,2/2,summary,"{""block"": ""A"", ""dim"": 128, ""method"": ""solar_orthogonal"", ""metric"": ""trustworthiness"", ""population"": ""joint"", ""stat"": ""D""}"
Table S7-01318,si,Table S7,6/6,summary,"{""block"": ""A"", ""dim"": 128, ""method"": ""solar_orthogonal"", ""metric"": ""trustworthiness"", ""population"": ""joint"", ""stat"": ""B""}"
Table S7-01319,si,Table S7,30/30,summary,"{""block"": ""A"", ""dim"": 128, ""method"": ""solar_orthogonal"", ""metric"": ""trustworthiness"", ""population"": ""joint"", ""stat"": ""F""}"
Table S7-01320,si,Table S7,S,summary,"{""block"": ""A"", ""dim"": 128, ""method"": ""solar_orthogonal"", ""metric"": ""trustworthiness"", ""population"": ""joint"", ""stat"": ""na_code""}"
Table S7-01321,si,Table S7,0.941,summary,"{""block"": ""A"", ""dim"": 128, ""method"": ""solar_orthogonal"", ""metric"": ""trustworthiness"", ""population"": ""query"", ""stat"": ""mean""}"
Table S7-01322,si,Table S7,0.012,summary,"{""block"": ""A"", ""dim"": 128, ""method"": ""solar_orthogonal"", ""metric"": ""trustworthiness"", ""population"": ""query"", ""stat"": ""sd""}"
Table S7-01323,si,Table S7,2/2,summary,"{""block"": ""A"", ""dim"": 128, ""method"": ""solar_orthogonal"", ""metric"": ""trustworthiness"", ""population"": ""query"", ""stat"": ""D""}"
Table S7-01324,si,Table S7,6/6,summary,"{""block"": ""A"", ""dim"": 128, ""method"": ""solar_orthogonal"", ""metric"": ""trustworthiness"", ""population"": ""query"", ""stat"": ""B""}"
Table S7-01325,si,Table S7,30/30,summary,"{""block"": ""A"", ""dim"": 128, ""method"": ""solar_orthogonal"", ""metric"": ""trustworthiness"", ""population"": ""query"", ""stat"": ""F""}"
Table S7-01326,si,Table S7,S,summary,"{""block"": ""A"", ""dim"": 128, ""method"": ""solar_orthogonal"", ""metric"": ""trustworthiness"", ""population"": ""query"", ""stat"": ""na_code""}"
Table S7-01327,si,Table S7,0.928,summary,"{""block"": ""A"", ""dim"": 128, ""method"": ""solar_orthogonal"", ""metric"": ""trustworthiness"", ""population"": ""reference"", ""stat"": ""mean""}"
Table S7-01328,si,Table S7,0.019,summary,"{""block"": ""A"", ""dim"": 128, ""method"": ""solar_orthogonal"", ""metric"": ""trustworthiness"", ""population"": ""reference"", ""stat"": ""sd""}"
Table S7-01329,si,Table S7,2/2,summary,"{""block"": ""A"", ""dim"": 128, ""method"": ""solar_orthogonal"", ""metric"": ""trustworthiness"", ""population"": ""reference"", ""stat"": ""D""}"
Table S7-01330,si,Table S7,6/6,summary,"{""block"": ""A"", ""dim"": 128, ""method"": ""solar_orthogonal"", ""metric"": ""trustworthiness"", ""population"": ""reference"", ""stat"": ""B""}"
Table S7-01331,si,Table S7,30/30,summary,"{""block"": ""A"", ""dim"": 128, ""method"": ""solar_orthogonal"", ""metric"": ""trustworthiness"", ""population"": ""reference"", ""stat"": ""F""}"
Table S7-01332,si,Table S7,S,summary,"{""block"": ""A"", ""dim"": 128, ""method"": ""solar_orthogonal"", ""metric"": ""trustworthiness"", ""population"": ""reference"", ""stat"": ""na_code""}"
Table S7-01333,si,Table S7,-0.095,summary,"{""block"": ""A"", ""dim"": 128, ""method"": ""solar_orthogonal"", ""metric"": ""within_label_silhouette__donor"", ""population"": ""joint"", ""stat"": ""mean""}"
Table S7-01334,si,Table S7,0.003,summary,"{""block"": ""A"", ""dim"": 128, ""method"": ""solar_orthogonal"", ""metric"": ""within_label_silhouette__donor"", ""population"": ""joint"", ""stat"": ""sd""}"
Table S7-01335,si,Table S7,1/1,summary,"{""block"": ""A"", ""dim"": 128, ""method"": ""solar_orthogonal"", ""metric"": ""within_label_silhouette__donor"", ""population"": ""joint"", ""stat"": ""D""}"
Table S7-01336,si,Table S7,3/3,summary,"{""block"": ""A"", ""dim"": 128, ""method"": ""solar_orthogonal"", ""metric"": ""within_label_silhouette__donor"", ""population"": ""joint"", ""stat"": ""B""}"
Table S7-01337,si,Table S7,15/15,summary,"{""block"": ""A"", ""dim"": 128, ""method"": ""solar_orthogonal"", ""metric"": ""within_label_silhouette__donor"", ""population"": ""joint"", ""stat"": ""F""}"
Table S7-01338,si,Table S7,S,summary,"{""block"": ""A"", ""dim"": 128, ""method"": ""solar_orthogonal"", ""metric"": ""within_label_silhouette__donor"", ""population"": ""joint"", ""stat"": ""na_code""}"
Table S7-01339,si,Table S7,NA,summary,"{""block"": ""A"", ""dim"": 128, ""method"": ""solar_orthogonal"", ""metric"": ""within_label_silhouette__donor"", ""population"": ""query"", ""stat"": ""mean""}"
Table S7-01340,si,Table S7,–,summary,"{""block"": ""A"", ""dim"": 128, ""method"": ""solar_orthogonal"", ""metric"": ""within_label_silhouette__donor"", ""population"": ""query"", ""stat"": ""sd""}"
Table S7-01341,si,Table S7,0/1,summary,"{""block"": ""A"", ""dim"": 128, ""method"": ""solar_orthogonal"", ""metric"": ""within_label_silhouette__donor"", ""population"": ""query"", ""stat"": ""D""}"
Table S7-01342,si,Table S7,0/3,summary,"{""block"": ""A"", ""dim"": 128, ""method"": ""solar_orthogonal"", ""metric"": ""within_label_silhouette__donor"", ""population"": ""query"", ""stat"": ""B""}"
Table S7-01343,si,Table S7,0/15,summary,"{""block"": ""A"", ""dim"": 128, ""method"": ""solar_orthogonal"", ""metric"": ""within_label_silhouette__donor"", ""population"": ""query"", ""stat"": ""F""}"
Table S7-01344,si,Table S7,"C,S",summary,"{""block"": ""A"", ""dim"": 128, ""method"": ""solar_orthogonal"", ""metric"": ""within_label_silhouette__donor"", ""population"": ""query"", ""stat"": ""na_code""}"
Table S7-01345,si,Table S7,-0.089,summary,"{""block"": ""A"", ""dim"": 128, ""method"": ""solar_orthogonal"", ""metric"": ""within_label_silhouette__donor"", ""population"": ""reference"", ""stat"": ""mean""}"
Table S7-01346,si,Table S7,0.004,summary,"{""block"": ""A"", ""dim"": 128, ""method"": ""solar_orthogonal"", ""metric"": ""within_label_silhouette__donor"", ""population"": ""reference"", ""stat"": ""sd""}"
Table S7-01347,si,Table S7,1/1,summary,"{""block"": ""A"", ""dim"": 128, ""method"": ""solar_orthogonal"", ""metric"": ""within_label_silhouette__donor"", ""population"": ""reference"", ""stat"": ""D""}"
Table S7-01348,si,Table S7,3/3,summary,"{""block"": ""A"", ""dim"": 128, ""method"": ""solar_orthogonal"", ""metric"": ""within_label_silhouette__donor"", ""population"": ""reference"", ""stat"": ""B""}"
Table S7-01349,si,Table S7,15/15,summary,"{""block"": ""A"", ""dim"": 128, ""method"": ""solar_orthogonal"", ""metric"": ""within_label_silhouette__donor"", ""population"": ""reference"", ""stat"": ""F""}"
Table S7-01350,si,Table S7,S,summary,"{""block"": ""A"", ""dim"": 128, ""method"": ""solar_orthogonal"", ""metric"": ""within_label_silhouette__donor"", ""population"": ""reference"", ""stat"": ""na_code""}"
Table S7-01351,si,Table S7,0.236,summary,"{""block"": ""A"", ""dim"": 128, ""method"": ""solar_orthogonal"", ""metric"": ""within_label_silhouette__patientGroup"", ""population"": ""joint"", ""stat"": ""mean""}"
Table S7-01352,si,Table S7,0.015,summary,"{""block"": ""A"", ""dim"": 128, ""method"": ""solar_orthogonal"", ""metric"": ""within_label_silhouette__patientGroup"", ""population"": ""joint"", ""stat"": ""sd""}"
Table S7-01353,si,Table S7,1/1,summary,"{""block"": ""A"", ""dim"": 128, ""method"": ""solar_orthogonal"", ""metric"": ""within_label_silhouette__patientGroup"", ""population"": ""joint"", ""stat"": ""D""}"
Table S7-01354,si,Table S7,3/3,summary,"{""block"": ""A"", ""dim"": 128, ""method"": ""solar_orthogonal"", ""metric"": ""within_label_silhouette__patientGroup"", ""population"": ""joint"", ""stat"": ""B""}"
Table S7-01355,si,Table S7,15/15,summary,"{""block"": ""A"", ""dim"": 128, ""method"": ""solar_orthogonal"", ""metric"": ""within_label_silhouette__patientGroup"", ""population"": ""joint"", ""stat"": ""F""}"
Table S7-01356,si,Table S7,S,summary,"{""block"": ""A"", ""dim"": 128, ""method"": ""solar_orthogonal"", ""metric"": ""within_label_silhouette__patientGroup"", ""population"": ""joint"", ""stat"": ""na_code""}"
Table S7-01357,si,Table S7,NA,summary,"{""block"": ""A"", ""dim"": 128, ""method"": ""solar_orthogonal"", ""metric"": ""within_label_silhouette__patientGroup"", ""population"": ""query"", ""stat"": ""mean""}"
Table S7-01358,si,Table S7,–,summary,"{""block"": ""A"", ""dim"": 128, ""method"": ""solar_orthogonal"", ""metric"": ""within_label_silhouette__patientGroup"", ""population"": ""query"", ""stat"": ""sd""}"
Table S7-01359,si,Table S7,0/1,summary,"{""block"": ""A"", ""dim"": 128, ""method"": ""solar_orthogonal"", ""metric"": ""within_label_silhouette__patientGroup"", ""population"": ""query"", ""stat"": ""D""}"
Table S7-01360,si,Table S7,0/3,summary,"{""block"": ""A"", ""dim"": 128, ""method"": ""solar_orthogonal"", ""metric"": ""within_label_silhouette__patientGroup"", ""population"": ""query"", ""stat"": ""B""}"
Table S7-01361,si,Table S7,0/15,summary,"{""block"": ""A"", ""dim"": 128, ""method"": ""solar_orthogonal"", ""metric"": ""within_label_silhouette__patientGroup"", ""population"": ""query"", ""stat"": ""F""}"
Table S7-01362,si,Table S7,"C,S",summary,"{""block"": ""A"", ""dim"": 128, ""method"": ""solar_orthogonal"", ""metric"": ""within_label_silhouette__patientGroup"", ""population"": ""query"", ""stat"": ""na_code""}"
Table S7-01363,si,Table S7,0.250,summary,"{""block"": ""A"", ""dim"": 128, ""method"": ""solar_orthogonal"", ""metric"": ""within_label_silhouette__patientGroup"", ""population"": ""reference"", ""stat"": ""mean""}"
Table S7-01364,si,Table S7,0.024,summary,"{""block"": ""A"", ""dim"": 128, ""method"": ""solar_orthogonal"", ""metric"": ""within_label_silhouette__patientGroup"", ""population"": ""reference"", ""stat"": ""sd""}"
Table S7-01365,si,Table S7,1/1,summary,"{""block"": ""A"", ""dim"": 128, ""method"": ""solar_orthogonal"", ""metric"": ""within_label_silhouette__patientGroup"", ""population"": ""reference"", ""stat"": ""D""}"
Table S7-01366,si,Table S7,3/3,summary,"{""block"": ""A"", ""dim"": 128, ""method"": ""solar_orthogonal"", ""metric"": ""within_label_silhouette__patientGroup"", ""population"": ""reference"", ""stat"": ""B""}"
Table S7-01367,si,Table S7,15/15,summary,"{""block"": ""A"", ""dim"": 128, ""method"": ""solar_orthogonal"", ""metric"": ""within_label_silhouette__patientGroup"", ""population"": ""reference"", ""stat"": ""F""}"
Table S7-01368,si,Table S7,S,summary,"{""block"": ""A"", ""dim"": 128, ""method"": ""solar_orthogonal"", ""metric"": ""within_label_silhouette__patientGroup"", ""population"": ""reference"", ""stat"": ""na_code""}"
Table S7-01369,si,Table S7,0.007,summary,"{""block"": ""A"", ""dim"": 128, ""method"": ""solar_orthogonal"", ""metric"": ""within_label_silhouette__sample_ID"", ""population"": ""joint"", ""stat"": ""mean""}"
Table S7-01370,si,Table S7,0.023,summary,"{""block"": ""A"", ""dim"": 128, ""method"": ""solar_orthogonal"", ""metric"": ""within_label_silhouette__sample_ID"", ""population"": ""joint"", ""stat"": ""sd""}"
Table S7-01371,si,Table S7,1/1,summary,"{""block"": ""A"", ""dim"": 128, ""method"": ""solar_orthogonal"", ""metric"": ""within_label_silhouette__sample_ID"", ""population"": ""joint"", ""stat"": ""D""}"
Table S7-01372,si,Table S7,3/3,summary,"{""block"": ""A"", ""dim"": 128, ""method"": ""solar_orthogonal"", ""metric"": ""within_label_silhouette__sample_ID"", ""population"": ""joint"", ""stat"": ""B""}"
Table S7-01373,si,Table S7,15/15,summary,"{""block"": ""A"", ""dim"": 128, ""method"": ""solar_orthogonal"", ""metric"": ""within_label_silhouette__sample_ID"", ""population"": ""joint"", ""stat"": ""F""}"
Table S7-01374,si,Table S7,S,summary,"{""block"": ""A"", ""dim"": 128, ""method"": ""solar_orthogonal"", ""metric"": ""within_label_silhouette__sample_ID"", ""population"": ""joint"", ""stat"": ""na_code""}"
Table S7-01375,si,Table S7,NA,summary,"{""block"": ""A"", ""dim"": 128, ""method"": ""solar_orthogonal"", ""metric"": ""within_label_silhouette__sample_ID"", ""population"": ""query"", ""stat"": ""mean""}"
Table S7-01376,si,Table S7,–,summary,"{""block"": ""A"", ""dim"": 128, ""method"": ""solar_orthogonal"", ""metric"": ""within_label_silhouette__sample_ID"", ""population"": ""query"", ""stat"": ""sd""}"
Table S7-01377,si,Table S7,0/1,summary,"{""block"": ""A"", ""dim"": 128, ""method"": ""solar_orthogonal"", ""metric"": ""within_label_silhouette__sample_ID"", ""population"": ""query"", ""stat"": ""D""}"
Table S7-01378,si,Table S7,0/3,summary,"{""block"": ""A"", ""dim"": 128, ""method"": ""solar_orthogonal"", ""metric"": ""within_label_silhouette__sample_ID"", ""population"": ""query"", ""stat"": ""B""}"
Table S7-01379,si,Table S7,0/15,summary,"{""block"": ""A"", ""dim"": 128, ""method"": ""solar_orthogonal"", ""metric"": ""within_label_silhouette__sample_ID"", ""population"": ""query"", ""stat"": ""F""}"
Table S7-01380,si,Table S7,"C,S",summary,"{""block"": ""A"", ""dim"": 128, ""method"": ""solar_orthogonal"", ""metric"": ""within_label_silhouette__sample_ID"", ""population"": ""query"", ""stat"": ""na_code""}"
Table S7-01381,si,Table S7,0.001,summary,"{""block"": ""A"", ""dim"": 128, ""method"": ""solar_orthogonal"", ""metric"": ""within_label_silhouette__sample_ID"", ""population"": ""reference"", ""stat"": ""mean""}"
Table S7-01382,si,Table S7,0.015,summary,"{""block"": ""A"", ""dim"": 128, ""method"": ""solar_orthogonal"", ""metric"": ""within_label_silhouette__sample_ID"", ""population"": ""reference"", ""stat"": ""sd""}"
Table S7-01383,si,Table S7,1/1,summary,"{""block"": ""A"", ""dim"": 128, ""method"": ""solar_orthogonal"", ""metric"": ""within_label_silhouette__sample_ID"", ""population"": ""reference"", ""stat"": ""D""}"
Table S7-01384,si,Table S7,3/3,summary,"{""block"": ""A"", ""dim"": 128, ""method"": ""solar_orthogonal"", ""metric"": ""within_label_silhouette__sample_ID"", ""population"": ""reference"", ""stat"": ""B""}"
Table S7-01385,si,Table S7,15/15,summary,"{""block"": ""A"", ""dim"": 128, ""method"": ""solar_orthogonal"", ""metric"": ""within_label_silhouette__sample_ID"", ""population"": ""reference"", ""stat"": ""F""}"
Table S7-01386,si,Table S7,S,summary,"{""block"": ""A"", ""dim"": 128, ""method"": ""solar_orthogonal"", ""metric"": ""within_label_silhouette__sample_ID"", ""population"": ""reference"", ""stat"": ""na_code""}"
Table S7-01387,si,Table S7,0.007,summary,"{""block"": ""A"", ""dim"": 128, ""method"": ""solar_orthogonal"", ""metric"": ""within_label_silhouette__study"", ""population"": ""joint"", ""stat"": ""mean""}"
Table S7-01388,si,Table S7,0.023,summary,"{""block"": ""A"", ""dim"": 128, ""method"": ""solar_orthogonal"", ""metric"": ""within_label_silhouette__study"", ""population"": ""joint"", ""stat"": ""sd""}"
Table S7-01389,si,Table S7,1/1,summary,"{""block"": ""A"", ""dim"": 128, ""method"": ""solar_orthogonal"", ""metric"": ""within_label_silhouette__study"", ""population"": ""joint"", ""stat"": ""D""}"
Table S7-01390,si,Table S7,3/3,summary,"{""block"": ""A"", ""dim"": 128, ""method"": ""solar_orthogonal"", ""metric"": ""within_label_silhouette__study"", ""population"": ""joint"", ""stat"": ""B""}"
Table S7-01391,si,Table S7,15/15,summary,"{""block"": ""A"", ""dim"": 128, ""method"": ""solar_orthogonal"", ""metric"": ""within_label_silhouette__study"", ""population"": ""joint"", ""stat"": ""F""}"
Table S7-01392,si,Table S7,S,summary,"{""block"": ""A"", ""dim"": 128, ""method"": ""solar_orthogonal"", ""metric"": ""within_label_silhouette__study"", ""population"": ""joint"", ""stat"": ""na_code""}"
Table S7-01393,si,Table S7,NA,summary,"{""block"": ""A"", ""dim"": 128, ""method"": ""solar_orthogonal"", ""metric"": ""within_label_silhouette__study"", ""population"": ""query"", ""stat"": ""mean""}"
Table S7-01394,si,Table S7,–,summary,"{""block"": ""A"", ""dim"": 128, ""method"": ""solar_orthogonal"", ""metric"": ""within_label_silhouette__study"", ""population"": ""query"", ""stat"": ""sd""}"
Table S7-01395,si,Table S7,0/1,summary,"{""block"": ""A"", ""dim"": 128, ""method"": ""solar_orthogonal"", ""metric"": ""within_label_silhouette__study"", ""population"": ""query"", ""stat"": ""D""}"
Table S7-01396,si,Table S7,0/3,summary,"{""block"": ""A"", ""dim"": 128, ""method"": ""solar_orthogonal"", ""metric"": ""within_label_silhouette__study"", ""population"": ""query"", ""stat"": ""B""}"
Table S7-01397,si,Table S7,0/15,summary,"{""block"": ""A"", ""dim"": 128, ""method"": ""solar_orthogonal"", ""metric"": ""within_label_silhouette__study"", ""population"": ""query"", ""stat"": ""F""}"
Table S7-01398,si,Table S7,"C,S",summary,"{""block"": ""A"", ""dim"": 128, ""method"": ""solar_orthogonal"", ""metric"": ""within_label_silhouette__study"", ""population"": ""query"", ""stat"": ""na_code""}"
Table S7-01399,si,Table S7,0.001,summary,"{""block"": ""A"", ""dim"": 128, ""method"": ""solar_orthogonal"", ""metric"": ""within_label_silhouette__study"", ""population"": ""reference"", ""stat"": ""mean""}"
Table S7-01400,si,Table S7,0.015,summary,"{""block"": ""A"", ""dim"": 128, ""method"": ""solar_orthogonal"", ""metric"": ""within_label_silhouette__study"", ""population"": ""reference"", ""stat"": ""sd""}"
Table S7-01401,si,Table S7,1/1,summary,"{""block"": ""A"", ""dim"": 128, ""method"": ""solar_orthogonal"", ""metric"": ""within_label_silhouette__study"", ""population"": ""reference"", ""stat"": ""D""}"
Table S7-01402,si,Table S7,3/3,summary,"{""block"": ""A"", ""dim"": 128, ""method"": ""solar_orthogonal"", ""metric"": ""within_label_silhouette__study"", ""population"": ""reference"", ""stat"": ""B""}"
Table S7-01403,si,Table S7,15/15,summary,"{""block"": ""A"", ""dim"": 128, ""method"": ""solar_orthogonal"", ""metric"": ""within_label_silhouette__study"", ""population"": ""reference"", ""stat"": ""F""}"
Table S7-01404,si,Table S7,S,summary,"{""block"": ""A"", ""dim"": 128, ""method"": ""solar_orthogonal"", ""metric"": ""within_label_silhouette__study"", ""population"": ""reference"", ""stat"": ""na_code""}"
Table S7-01405,si,Table S7,0.279,summary,"{""block"": ""A"", ""dim"": 40, ""method"": ""unintegrated_pca_matched"", ""metric"": ""ARI_cluster/label"", ""population"": ""joint"", ""stat"": ""mean""}"
Table S7-01406,si,Table S7,0.051,summary,"{""block"": ""A"", ""dim"": 40, ""method"": ""unintegrated_pca_matched"", ""metric"": ""ARI_cluster/label"", ""population"": ""joint"", ""stat"": ""sd""}"
Table S7-01407,si,Table S7,3/3,summary,"{""block"": ""A"", ""dim"": 40, ""method"": ""unintegrated_pca_matched"", ""metric"": ""ARI_cluster/label"", ""population"": ""joint"", ""stat"": ""D""}"
Table S7-01408,si,Table S7,9/9,summary,"{""block"": ""A"", ""dim"": 40, ""method"": ""unintegrated_pca_matched"", ""metric"": ""ARI_cluster/label"", ""population"": ""joint"", ""stat"": ""B""}"
Table S7-01409,si,Table S7,9/9,summary,"{""block"": ""A"", ""dim"": 40, ""method"": ""unintegrated_pca_matched"", ""metric"": ""ARI_cluster/label"", ""population"": ""joint"", ""stat"": ""F""}"
Table S7-01410,si,Table S7,–,summary,"{""block"": ""A"", ""dim"": 40, ""method"": ""unintegrated_pca_matched"", ""metric"": ""ARI_cluster/label"", ""population"": ""joint"", ""stat"": ""na_code""}"
Table S7-01411,si,Table S7,0.570,summary,"{""block"": ""A"", ""dim"": 40, ""method"": ""unintegrated_pca_matched"", ""metric"": ""ASW_label"", ""population"": ""joint"", ""stat"": ""mean""}"
Table S7-01412,si,Table S7,0.020,summary,"{""block"": ""A"", ""dim"": 40, ""method"": ""unintegrated_pca_matched"", ""metric"": ""ASW_label"", ""population"": ""joint"", ""stat"": ""sd""}"
Table S7-01413,si,Table S7,3/3,summary,"{""block"": ""A"", ""dim"": 40, ""method"": ""unintegrated_pca_matched"", ""metric"": ""ASW_label"", ""population"": ""joint"", ""stat"": ""D""}"
Table S7-01414,si,Table S7,9/9,summary,"{""block"": ""A"", ""dim"": 40, ""method"": ""unintegrated_pca_matched"", ""metric"": ""ASW_label"", ""population"": ""joint"", ""stat"": ""B""}"
Table S7-01415,si,Table S7,9/9,summary,"{""block"": ""A"", ""dim"": 40, ""method"": ""unintegrated_pca_matched"", ""metric"": ""ASW_label"", ""population"": ""joint"", ""stat"": ""F""}"
Table S7-01416,si,Table S7,–,summary,"{""block"": ""A"", ""dim"": 40, ""method"": ""unintegrated_pca_matched"", ""metric"": ""ASW_label"", ""population"": ""joint"", ""stat"": ""na_code""}"
Table S7-01417,si,Table S7,0.846,summary,"{""block"": ""A"", ""dim"": 40, ""method"": ""unintegrated_pca_matched"", ""metric"": ""ASW_label/batch"", ""population"": ""joint"", ""stat"": ""mean""}"
Table S7-01418,si,Table S7,0.022,summary,"{""block"": ""A"", ""dim"": 40, ""method"": ""unintegrated_pca_matched"", ""metric"": ""ASW_label/batch"", ""population"": ""joint"", ""stat"": ""sd""}"
Table S7-01419,si,Table S7,3/3,summary,"{""block"": ""A"", ""dim"": 40, ""method"": ""unintegrated_pca_matched"", ""metric"": ""ASW_label/batch"", ""population"": ""joint"", ""stat"": ""D""}"
Table S7-01420,si,Table S7,9/9,summary,"{""block"": ""A"", ""dim"": 40, ""method"": ""unintegrated_pca_matched"", ""metric"": ""ASW_label/batch"", ""population"": ""joint"", ""stat"": ""B""}"
Table S7-01421,si,Table S7,9/9,summary,"{""block"": ""A"", ""dim"": 40, ""method"": ""unintegrated_pca_matched"", ""metric"": ""ASW_label/batch"", ""population"": ""joint"", ""stat"": ""F""}"
Table S7-01422,si,Table S7,–,summary,"{""block"": ""A"", ""dim"": 40, ""method"": ""unintegrated_pca_matched"", ""metric"": ""ASW_label/batch"", ""population"": ""joint"", ""stat"": ""na_code""}"
Table S7-01423,si,Table S7,0.666,summary,"{""block"": ""A"", ""dim"": 40, ""method"": ""unintegrated_pca_matched"", ""metric"": ""NMI_cluster/label"", ""population"": ""joint"", ""stat"": ""mean""}"
Table S7-01424,si,Table S7,0.029,summary,"{""block"": ""A"", ""dim"": 40, ""method"": ""unintegrated_pca_matched"", ""metric"": ""NMI_cluster/label"", ""population"": ""joint"", ""stat"": ""sd""}"
Table S7-01425,si,Table S7,3/3,summary,"{""block"": ""A"", ""dim"": 40, ""method"": ""unintegrated_pca_matched"", ""metric"": ""NMI_cluster/label"", ""population"": ""joint"", ""stat"": ""D""}"
Table S7-01426,si,Table S7,9/9,summary,"{""block"": ""A"", ""dim"": 40, ""method"": ""unintegrated_pca_matched"", ""metric"": ""NMI_cluster/label"", ""population"": ""joint"", ""stat"": ""B""}"
Table S7-01427,si,Table S7,9/9,summary,"{""block"": ""A"", ""dim"": 40, ""method"": ""unintegrated_pca_matched"", ""metric"": ""NMI_cluster/label"", ""population"": ""joint"", ""stat"": ""F""}"
Table S7-01428,si,Table S7,–,summary,"{""block"": ""A"", ""dim"": 40, ""method"": ""unintegrated_pca_matched"", ""metric"": ""NMI_cluster/label"", ""population"": ""joint"", ""stat"": ""na_code""}"
Table S7-01429,si,Table S7,0.437,summary,"{""block"": ""A"", ""dim"": 40, ""method"": ""unintegrated_pca_matched"", ""metric"": ""PCR_batch"", ""population"": ""joint"", ""stat"": ""mean""}"
Table S7-01430,si,Table S7,0.297,summary,"{""block"": ""A"", ""dim"": 40, ""method"": ""unintegrated_pca_matched"", ""metric"": ""PCR_batch"", ""population"": ""joint"", ""stat"": ""sd""}"
Table S7-01431,si,Table S7,3/3,summary,"{""block"": ""A"", ""dim"": 40, ""method"": ""unintegrated_pca_matched"", ""metric"": ""PCR_batch"", ""population"": ""joint"", ""stat"": ""D""}"
Table S7-01432,si,Table S7,9/9,summary,"{""block"": ""A"", ""dim"": 40, ""method"": ""unintegrated_pca_matched"", ""metric"": ""PCR_batch"", ""population"": ""joint"", ""stat"": ""B""}"
Table S7-01433,si,Table S7,9/9,summary,"{""block"": ""A"", ""dim"": 40, ""method"": ""unintegrated_pca_matched"", ""metric"": ""PCR_batch"", ""population"": ""joint"", ""stat"": ""F""}"
Table S7-01434,si,Table S7,–,summary,"{""block"": ""A"", ""dim"": 40, ""method"": ""unintegrated_pca_matched"", ""metric"": ""PCR_batch"", ""population"": ""joint"", ""stat"": ""na_code""}"
Table S7-01435,si,Table S7,0.812,summary,"{""block"": ""A"", ""dim"": 40, ""method"": ""unintegrated_pca_matched"", ""metric"": ""balanced_accuracy"", ""population"": ""query"", ""stat"": ""mean""}"
Table S7-01436,si,Table S7,0.097,summary,"{""block"": ""A"", ""dim"": 40, ""method"": ""unintegrated_pca_matched"", ""metric"": ""balanced_accuracy"", ""population"": ""query"", ""stat"": ""sd""}"
Table S7-01437,si,Table S7,3/3,summary,"{""block"": ""A"", ""dim"": 40, ""method"": ""unintegrated_pca_matched"", ""metric"": ""balanced_accuracy"", ""population"": ""query"", ""stat"": ""D""}"
Table S7-01438,si,Table S7,9/9,summary,"{""block"": ""A"", ""dim"": 40, ""method"": ""unintegrated_pca_matched"", ""metric"": ""balanced_accuracy"", ""population"": ""query"", ""stat"": ""B""}"
Table S7-01439,si,Table S7,9/9,summary,"{""block"": ""A"", ""dim"": 40, ""method"": ""unintegrated_pca_matched"", ""metric"": ""balanced_accuracy"", ""population"": ""query"", ""stat"": ""F""}"
Table S7-01440,si,Table S7,–,summary,"{""block"": ""A"", ""dim"": 40, ""method"": ""unintegrated_pca_matched"", ""metric"": ""balanced_accuracy"", ""population"": ""query"", ""stat"": ""na_code""}"
Table S7-01441,si,Table S7,0.987,summary,"{""block"": ""A"", ""dim"": 40, ""method"": ""unintegrated_pca_matched"", ""metric"": ""cLISI"", ""population"": ""joint"", ""stat"": ""mean""}"
Table S7-01442,si,Table S7,0.012,summary,"{""block"": ""A"", ""dim"": 40, ""method"": ""unintegrated_pca_matched"", ""metric"": ""cLISI"", ""population"": ""joint"", ""stat"": ""sd""}"
Table S7-01443,si,Table S7,3/3,summary,"{""block"": ""A"", ""dim"": 40, ""method"": ""unintegrated_pca_matched"", ""metric"": ""cLISI"", ""population"": ""joint"", ""stat"": ""D""}"
Table S7-01444,si,Table S7,9/9,summary,"{""block"": ""A"", ""dim"": 40, ""method"": ""unintegrated_pca_matched"", ""metric"": ""cLISI"", ""population"": ""joint"", ""stat"": ""B""}"
Table S7-01445,si,Table S7,9/9,summary,"{""block"": ""A"", ""dim"": 40, ""method"": ""unintegrated_pca_matched"", ""metric"": ""cLISI"", ""population"": ""joint"", ""stat"": ""F""}"
Table S7-01446,si,Table S7,–,summary,"{""block"": ""A"", ""dim"": 40, ""method"": ""unintegrated_pca_matched"", ""metric"": ""cLISI"", ""population"": ""joint"", ""stat"": ""na_code""}"
Table S7-01447,si,Table S7,0.660,summary,"{""block"": ""A"", ""dim"": 40, ""method"": ""unintegrated_pca_matched"", ""metric"": ""cell_cycle_conservation"", ""population"": ""joint"", ""stat"": ""mean""}"
Table S7-01448,si,Table S7,0.228,summary,"{""block"": ""A"", ""dim"": 40, ""method"": ""unintegrated_pca_matched"", ""metric"": ""cell_cycle_conservation"", ""population"": ""joint"", ""stat"": ""sd""}"
Table S7-01449,si,Table S7,3/3,summary,"{""block"": ""A"", ""dim"": 40, ""method"": ""unintegrated_pca_matched"", ""metric"": ""cell_cycle_conservation"", ""population"": ""joint"", ""stat"": ""D""}"
Table S7-01450,si,Table S7,9/9,summary,"{""block"": ""A"", ""dim"": 40, ""method"": ""unintegrated_pca_matched"", ""metric"": ""cell_cycle_conservation"", ""population"": ""joint"", ""stat"": ""B""}"
Table S7-01451,si,Table S7,9/9,summary,"{""block"": ""A"", ""dim"": 40, ""method"": ""unintegrated_pca_matched"", ""metric"": ""cell_cycle_conservation"", ""population"": ""joint"", ""stat"": ""F""}"
Table S7-01452,si,Table S7,–,summary,"{""block"": ""A"", ""dim"": 40, ""method"": ""unintegrated_pca_matched"", ""metric"": ""cell_cycle_conservation"", ""population"": ""joint"", ""stat"": ""na_code""}"
Table S7-01453,si,Table S7,NA,summary,"{""block"": ""A"", ""dim"": 40, ""method"": ""unintegrated_pca_matched"", ""metric"": ""hvg_overlap"", ""population"": ""joint"", ""stat"": ""mean""}"
Table S7-01454,si,Table S7,–,summary,"{""block"": ""A"", ""dim"": 40, ""method"": ""unintegrated_pca_matched"", ""metric"": ""hvg_overlap"", ""population"": ""joint"", ""stat"": ""sd""}"
Table S7-01455,si,Table S7,0/3,summary,"{""block"": ""A"", ""dim"": 40, ""method"": ""unintegrated_pca_matched"", ""metric"": ""hvg_overlap"", ""population"": ""joint"", ""stat"": ""D""}"
Table S7-01456,si,Table S7,0/9,summary,"{""block"": ""A"", ""dim"": 40, ""method"": ""unintegrated_pca_matched"", ""metric"": ""hvg_overlap"", ""population"": ""joint"", ""stat"": ""B""}"
Table S7-01457,si,Table S7,0/9,summary,"{""block"": ""A"", ""dim"": 40, ""method"": ""unintegrated_pca_matched"", ""metric"": ""hvg_overlap"", ""population"": ""joint"", ""stat"": ""F""}"
Table S7-01458,si,Table S7,H,summary,"{""block"": ""A"", ""dim"": 40, ""method"": ""unintegrated_pca_matched"", ""metric"": ""hvg_overlap"", ""population"": ""joint"", ""stat"": ""na_code""}"
Table S7-01459,si,Table S7,0.297,summary,"{""block"": ""A"", ""dim"": 40, ""method"": ""unintegrated_pca_matched"", ""metric"": ""iLISI"", ""population"": ""joint"", ""stat"": ""mean""}"
Table S7-01460,si,Table S7,0.161,summary,"{""block"": ""A"", ""dim"": 40, ""method"": ""unintegrated_pca_matched"", ""metric"": ""iLISI"", ""population"": ""joint"", ""stat"": ""sd""}"
Table S7-01461,si,Table S7,3/3,summary,"{""block"": ""A"", ""dim"": 40, ""method"": ""unintegrated_pca_matched"", ""metric"": ""iLISI"", ""population"": ""joint"", ""stat"": ""D""}"
Table S7-01462,si,Table S7,9/9,summary,"{""block"": ""A"", ""dim"": 40, ""method"": ""unintegrated_pca_matched"", ""metric"": ""iLISI"", ""population"": ""joint"", ""stat"": ""B""}"
Table S7-01463,si,Table S7,9/9,summary,"{""block"": ""A"", ""dim"": 40, ""method"": ""unintegrated_pca_matched"", ""metric"": ""iLISI"", ""population"": ""joint"", ""stat"": ""F""}"
Table S7-01464,si,Table S7,–,summary,"{""block"": ""A"", ""dim"": 40, ""method"": ""unintegrated_pca_matched"", ""metric"": ""iLISI"", ""population"": ""joint"", ""stat"": ""na_code""}"
Table S7-01465,si,Table S7,0.501,summary,"{""block"": ""A"", ""dim"": 40, ""method"": ""unintegrated_pca_matched"", ""metric"": ""isolated_label_silhouette"", ""population"": ""joint"", ""stat"": ""mean""}"
Table S7-01466,si,Table S7,0.010,summary,"{""block"": ""A"", ""dim"": 40, ""method"": ""unintegrated_pca_matched"", ""metric"": ""isolated_label_silhouette"", ""population"": ""joint"", ""stat"": ""sd""}"
Table S7-01467,si,Table S7,3/3,summary,"{""block"": ""A"", ""dim"": 40, ""method"": ""unintegrated_pca_matched"", ""metric"": ""isolated_label_silhouette"", ""population"": ""joint"", ""stat"": ""D""}"
Table S7-01468,si,Table S7,9/9,summary,"{""block"": ""A"", ""dim"": 40, ""method"": ""unintegrated_pca_matched"", ""metric"": ""isolated_label_silhouette"", ""population"": ""joint"", ""stat"": ""B""}"
Table S7-01469,si,Table S7,9/9,summary,"{""block"": ""A"", ""dim"": 40, ""method"": ""unintegrated_pca_matched"", ""metric"": ""isolated_label_silhouette"", ""population"": ""joint"", ""stat"": ""F""}"
Table S7-01470,si,Table S7,–,summary,"{""block"": ""A"", ""dim"": 40, ""method"": ""unintegrated_pca_matched"", ""metric"": ""isolated_label_silhouette"", ""population"": ""joint"", ""stat"": ""na_code""}"
Table S7-01471,si,Table S7,0.780,summary,"{""block"": ""A"", ""dim"": 40, ""method"": ""unintegrated_pca_matched"", ""metric"": ""macro_f1"", ""population"": ""query"", ""stat"": ""mean""}"
Table S7-01472,si,Table S7,0.125,summary,"{""block"": ""A"", ""dim"": 40, ""method"": ""unintegrated_pca_matched"", ""metric"": ""macro_f1"", ""population"": ""query"", ""stat"": ""sd""}"
Table S7-01473,si,Table S7,3/3,summary,"{""block"": ""A"", ""dim"": 40, ""method"": ""unintegrated_pca_matched"", ""metric"": ""macro_f1"", ""population"": ""query"", ""stat"": ""D""}"
Table S7-01474,si,Table S7,9/9,summary,"{""block"": ""A"", ""dim"": 40, ""method"": ""unintegrated_pca_matched"", ""metric"": ""macro_f1"", ""population"": ""query"", ""stat"": ""B""}"
Table S7-01475,si,Table S7,9/9,summary,"{""block"": ""A"", ""dim"": 40, ""method"": ""unintegrated_pca_matched"", ""metric"": ""macro_f1"", ""population"": ""query"", ""stat"": ""F""}"
Table S7-01476,si,Table S7,–,summary,"{""block"": ""A"", ""dim"": 40, ""method"": ""unintegrated_pca_matched"", ""metric"": ""macro_f1"", ""population"": ""query"", ""stat"": ""na_code""}"
Table S7-01477,si,Table S7,0.895,summary,"{""block"": ""A"", ""dim"": 40, ""method"": ""unintegrated_pca_matched"", ""metric"": ""pseudotime_smoothness"", ""population"": ""joint"", ""stat"": ""mean""}"
Table S7-01478,si,Table S7,0.002,summary,"{""block"": ""A"", ""dim"": 40, ""method"": ""unintegrated_pca_matched"", ""metric"": ""pseudotime_smoothness"", ""population"": ""joint"", ""stat"": ""sd""}"
Table S7-01479,si,Table S7,1/1,summary,"{""block"": ""A"", ""dim"": 40, ""method"": ""unintegrated_pca_matched"", ""metric"": ""pseudotime_smoothness"", ""population"": ""joint"", ""stat"": ""D""}"
Table S7-01480,si,Table S7,3/3,summary,"{""block"": ""A"", ""dim"": 40, ""method"": ""unintegrated_pca_matched"", ""metric"": ""pseudotime_smoothness"", ""population"": ""joint"", ""stat"": ""B""}"
Table S7-01481,si,Table S7,3/3,summary,"{""block"": ""A"", ""dim"": 40, ""method"": ""unintegrated_pca_matched"", ""metric"": ""pseudotime_smoothness"", ""population"": ""joint"", ""stat"": ""F""}"
Table S7-01482,si,Table S7,S,summary,"{""block"": ""A"", ""dim"": 40, ""method"": ""unintegrated_pca_matched"", ""metric"": ""pseudotime_smoothness"", ""population"": ""joint"", ""stat"": ""na_code""}"
Table S7-01483,si,Table S7,0.977,summary,"{""block"": ""A"", ""dim"": 40, ""method"": ""unintegrated_pca_matched"", ""metric"": ""pseudotime_smoothness"", ""population"": ""query"", ""stat"": ""mean""}"
Table S7-01484,si,Table S7,–,summary,"{""block"": ""A"", ""dim"": 40, ""method"": ""unintegrated_pca_matched"", ""metric"": ""pseudotime_smoothness"", ""population"": ""query"", ""stat"": ""sd""}"
Table S7-01485,si,Table S7,1/1,summary,"{""block"": ""A"", ""dim"": 40, ""method"": ""unintegrated_pca_matched"", ""metric"": ""pseudotime_smoothness"", ""population"": ""query"", ""stat"": ""D""}"
Table S7-01486,si,Table S7,1/3,summary,"{""block"": ""A"", ""dim"": 40, ""method"": ""unintegrated_pca_matched"", ""metric"": ""pseudotime_smoothness"", ""population"": ""query"", ""stat"": ""B""}"
Table S7-01487,si,Table S7,1/3,summary,"{""block"": ""A"", ""dim"": 40, ""method"": ""unintegrated_pca_matched"", ""metric"": ""pseudotime_smoothness"", ""population"": ""query"", ""stat"": ""F""}"
Table S7-01488,si,Table S7,"P,S",summary,"{""block"": ""A"", ""dim"": 40, ""method"": ""unintegrated_pca_matched"", ""metric"": ""pseudotime_smoothness"", ""population"": ""query"", ""stat"": ""na_code""}"
Table S7-01489,si,Table S7,0.876,summary,"{""block"": ""A"", ""dim"": 40, ""method"": ""unintegrated_pca_matched"", ""metric"": ""pseudotime_smoothness"", ""population"": ""reference"", ""stat"": ""mean""}"
Table S7-01490,si,Table S7,0.034,summary,"{""block"": ""A"", ""dim"": 40, ""method"": ""unintegrated_pca_matched"", ""metric"": ""pseudotime_smoothness"", ""population"": ""reference"", ""stat"": ""sd""}"
Table S7-01491,si,Table S7,1/1,summary,"{""block"": ""A"", ""dim"": 40, ""method"": ""unintegrated_pca_matched"", ""metric"": ""pseudotime_smoothness"", ""population"": ""reference"", ""stat"": ""D""}"
Table S7-01492,si,Table S7,3/3,summary,"{""block"": ""A"", ""dim"": 40, ""method"": ""unintegrated_pca_matched"", ""metric"": ""pseudotime_smoothness"", ""population"": ""reference"", ""stat"": ""B""}"
Table S7-01493,si,Table S7,3/3,summary,"{""block"": ""A"", ""dim"": 40, ""method"": ""unintegrated_pca_matched"", ""metric"": ""pseudotime_smoothness"", ""population"": ""reference"", ""stat"": ""F""}"
Table S7-01494,si,Table S7,S,summary,"{""block"": ""A"", ""dim"": 40, ""method"": ""unintegrated_pca_matched"", ""metric"": ""pseudotime_smoothness"", ""population"": ""reference"", ""stat"": ""na_code""}"
Table S7-01495,si,Table S7,0.871,summary,"{""block"": ""A"", ""dim"": 40, ""method"": ""unintegrated_pca_matched"", ""metric"": ""trajectory"", ""population"": ""joint"", ""stat"": ""mean""}"
Table S7-01496,si,Table S7,0.003,summary,"{""block"": ""A"", ""dim"": 40, ""method"": ""unintegrated_pca_matched"", ""metric"": ""trajectory"", ""population"": ""joint"", ""stat"": ""sd""}"
Table S7-01497,si,Table S7,1/1,summary,"{""block"": ""A"", ""dim"": 40, ""method"": ""unintegrated_pca_matched"", ""metric"": ""trajectory"", ""population"": ""joint"", ""stat"": ""D""}"
Table S7-01498,si,Table S7,3/3,summary,"{""block"": ""A"", ""dim"": 40, ""method"": ""unintegrated_pca_matched"", ""metric"": ""trajectory"", ""population"": ""joint"", ""stat"": ""B""}"
Table S7-01499,si,Table S7,3/3,summary,"{""block"": ""A"", ""dim"": 40, ""method"": ""unintegrated_pca_matched"", ""metric"": ""trajectory"", ""population"": ""joint"", ""stat"": ""F""}"
Table S7-01500,si,Table S7,T,summary,"{""block"": ""A"", ""dim"": 40, ""method"": ""unintegrated_pca_matched"", ""metric"": ""trajectory"", ""population"": ""joint"", ""stat"": ""na_code""}"
Table S7-01501,si,Table S7,0.989,summary,"{""block"": ""A"", ""dim"": 40, ""method"": ""unintegrated_pca_matched"", ""metric"": ""trustworthiness"", ""population"": ""joint"", ""stat"": ""mean""}"
Table S7-01502,si,Table S7,0.005,summary,"{""block"": ""A"", ""dim"": 40, ""method"": ""unintegrated_pca_matched"", ""metric"": ""trustworthiness"", ""population"": ""joint"", ""stat"": ""sd""}"
Table S7-01503,si,Table S7,2/2,summary,"{""block"": ""A"", ""dim"": 40, ""method"": ""unintegrated_pca_matched"", ""metric"": ""trustworthiness"", ""population"": ""joint"", ""stat"": ""D""}"
Table S7-01504,si,Table S7,6/6,summary,"{""block"": ""A"", ""dim"": 40, ""method"": ""unintegrated_pca_matched"", ""metric"": ""trustworthiness"", ""population"": ""joint"", ""stat"": ""B""}"
Table S7-01505,si,Table S7,6/6,summary,"{""block"": ""A"", ""dim"": 40, ""method"": ""unintegrated_pca_matched"", ""metric"": ""trustworthiness"", ""population"": ""joint"", ""stat"": ""F""}"
Table S7-01506,si,Table S7,S,summary,"{""block"": ""A"", ""dim"": 40, ""method"": ""unintegrated_pca_matched"", ""metric"": ""trustworthiness"", ""population"": ""joint"", ""stat"": ""na_code""}"
Table S7-01507,si,Table S7,0.969,summary,"{""block"": ""A"", ""dim"": 40, ""method"": ""unintegrated_pca_matched"", ""metric"": ""trustworthiness"", ""population"": ""query"", ""stat"": ""mean""}"
Table S7-01508,si,Table S7,0.008,summary,"{""block"": ""A"", ""dim"": 40, ""method"": ""unintegrated_pca_matched"", ""metric"": ""trustworthiness"", ""population"": ""query"", ""stat"": ""sd""}"
Table S7-01509,si,Table S7,2/2,summary,"{""block"": ""A"", ""dim"": 40, ""method"": ""unintegrated_pca_matched"", ""metric"": ""trustworthiness"", ""population"": ""query"", ""stat"": ""D""}"
Table S7-01510,si,Table S7,6/6,summary,"{""block"": ""A"", ""dim"": 40, ""method"": ""unintegrated_pca_matched"", ""metric"": ""trustworthiness"", ""population"": ""query"", ""stat"": ""B""}"
Table S7-01511,si,Table S7,6/6,summary,"{""block"": ""A"", ""dim"": 40, ""method"": ""unintegrated_pca_matched"", ""metric"": ""trustworthiness"", ""population"": ""query"", ""stat"": ""F""}"
Table S7-01512,si,Table S7,S,summary,"{""block"": ""A"", ""dim"": 40, ""method"": ""unintegrated_pca_matched"", ""metric"": ""trustworthiness"", ""population"": ""query"", ""stat"": ""na_code""}"
Table S7-01513,si,Table S7,0.988,summary,"{""block"": ""A"", ""dim"": 40, ""method"": ""unintegrated_pca_matched"", ""metric"": ""trustworthiness"", ""population"": ""reference"", ""stat"": ""mean""}"
Table S7-01514,si,Table S7,0.007,summary,"{""block"": ""A"", ""dim"": 40, ""method"": ""unintegrated_pca_matched"", ""metric"": ""trustworthiness"", ""population"": ""reference"", ""stat"": ""sd""}"
Table S7-01515,si,Table S7,2/2,summary,"{""block"": ""A"", ""dim"": 40, ""method"": ""unintegrated_pca_matched"", ""metric"": ""trustworthiness"", ""population"": ""reference"", ""stat"": ""D""}"
Table S7-01516,si,Table S7,6/6,summary,"{""block"": ""A"", ""dim"": 40, ""method"": ""unintegrated_pca_matched"", ""metric"": ""trustworthiness"", ""population"": ""reference"", ""stat"": ""B""}"
Table S7-01517,si,Table S7,6/6,summary,"{""block"": ""A"", ""dim"": 40, ""method"": ""unintegrated_pca_matched"", ""metric"": ""trustworthiness"", ""population"": ""reference"", ""stat"": ""F""}"
Table S7-01518,si,Table S7,S,summary,"{""block"": ""A"", ""dim"": 40, ""method"": ""unintegrated_pca_matched"", ""metric"": ""trustworthiness"", ""population"": ""reference"", ""stat"": ""na_code""}"
Table S7-01519,si,Table S7,0.054,summary,"{""block"": ""A"", ""dim"": 40, ""method"": ""unintegrated_pca_matched"", ""metric"": ""within_label_silhouette__donor"", ""population"": ""joint"", ""stat"": ""mean""}"
Table S7-01520,si,Table S7,0.007,summary,"{""block"": ""A"", ""dim"": 40, ""method"": ""unintegrated_pca_matched"", ""metric"": ""within_label_silhouette__donor"", ""population"": ""joint"", ""stat"": ""sd""}"
Table S7-01521,si,Table S7,1/1,summary,"{""block"": ""A"", ""dim"": 40, ""method"": ""unintegrated_pca_matched"", ""metric"": ""within_label_silhouette__donor"", ""population"": ""joint"", ""stat"": ""D""}"
Table S7-01522,si,Table S7,3/3,summary,"{""block"": ""A"", ""dim"": 40, ""method"": ""unintegrated_pca_matched"", ""metric"": ""within_label_silhouette__donor"", ""population"": ""joint"", ""stat"": ""B""}"
Table S7-01523,si,Table S7,3/3,summary,"{""block"": ""A"", ""dim"": 40, ""method"": ""unintegrated_pca_matched"", ""metric"": ""within_label_silhouette__donor"", ""population"": ""joint"", ""stat"": ""F""}"
Table S7-01524,si,Table S7,S,summary,"{""block"": ""A"", ""dim"": 40, ""method"": ""unintegrated_pca_matched"", ""metric"": ""within_label_silhouette__donor"", ""population"": ""joint"", ""stat"": ""na_code""}"
Table S7-01525,si,Table S7,NA,summary,"{""block"": ""A"", ""dim"": 40, ""method"": ""unintegrated_pca_matched"", ""metric"": ""within_label_silhouette__donor"", ""population"": ""query"", ""stat"": ""mean""}"
Table S7-01526,si,Table S7,–,summary,"{""block"": ""A"", ""dim"": 40, ""method"": ""unintegrated_pca_matched"", ""metric"": ""within_label_silhouette__donor"", ""population"": ""query"", ""stat"": ""sd""}"
Table S7-01527,si,Table S7,0/1,summary,"{""block"": ""A"", ""dim"": 40, ""method"": ""unintegrated_pca_matched"", ""metric"": ""within_label_silhouette__donor"", ""population"": ""query"", ""stat"": ""D""}"
Table S7-01528,si,Table S7,0/3,summary,"{""block"": ""A"", ""dim"": 40, ""method"": ""unintegrated_pca_matched"", ""metric"": ""within_label_silhouette__donor"", ""population"": ""query"", ""stat"": ""B""}"
Table S7-01529,si,Table S7,0/3,summary,"{""block"": ""A"", ""dim"": 40, ""method"": ""unintegrated_pca_matched"", ""metric"": ""within_label_silhouette__donor"", ""population"": ""query"", ""stat"": ""F""}"
Table S7-01530,si,Table S7,"C,S",summary,"{""block"": ""A"", ""dim"": 40, ""method"": ""unintegrated_pca_matched"", ""metric"": ""within_label_silhouette__donor"", ""population"": ""query"", ""stat"": ""na_code""}"
Table S7-01531,si,Table S7,0.069,summary,"{""block"": ""A"", ""dim"": 40, ""method"": ""unintegrated_pca_matched"", ""metric"": ""within_label_silhouette__donor"", ""population"": ""reference"", ""stat"": ""mean""}"
Table S7-01532,si,Table S7,0.015,summary,"{""block"": ""A"", ""dim"": 40, ""method"": ""unintegrated_pca_matched"", ""metric"": ""within_label_silhouette__donor"", ""population"": ""reference"", ""stat"": ""sd""}"
Table S7-01533,si,Table S7,1/1,summary,"{""block"": ""A"", ""dim"": 40, ""method"": ""unintegrated_pca_matched"", ""metric"": ""within_label_silhouette__donor"", ""population"": ""reference"", ""stat"": ""D""}"
Table S7-01534,si,Table S7,3/3,summary,"{""block"": ""A"", ""dim"": 40, ""method"": ""unintegrated_pca_matched"", ""metric"": ""within_label_silhouette__donor"", ""population"": ""reference"", ""stat"": ""B""}"
Table S7-01535,si,Table S7,3/3,summary,"{""block"": ""A"", ""dim"": 40, ""method"": ""unintegrated_pca_matched"", ""metric"": ""within_label_silhouette__donor"", ""population"": ""reference"", ""stat"": ""F""}"
Table S7-01536,si,Table S7,S,summary,"{""block"": ""A"", ""dim"": 40, ""method"": ""unintegrated_pca_matched"", ""metric"": ""within_label_silhouette__donor"", ""population"": ""reference"", ""stat"": ""na_code""}"
Table S7-01537,si,Table S7,0.309,summary,"{""block"": ""A"", ""dim"": 40, ""method"": ""unintegrated_pca_matched"", ""metric"": ""within_label_silhouette__patientGroup"", ""population"": ""joint"", ""stat"": ""mean""}"
Table S7-01538,si,Table S7,0.002,summary,"{""block"": ""A"", ""dim"": 40, ""method"": ""unintegrated_pca_matched"", ""metric"": ""within_label_silhouette__patientGroup"", ""population"": ""joint"", ""stat"": ""sd""}"
Table S7-01539,si,Table S7,1/1,summary,"{""block"": ""A"", ""dim"": 40, ""method"": ""unintegrated_pca_matched"", ""metric"": ""within_label_silhouette__patientGroup"", ""population"": ""joint"", ""stat"": ""D""}"
Table S7-01540,si,Table S7,3/3,summary,"{""block"": ""A"", ""dim"": 40, ""method"": ""unintegrated_pca_matched"", ""metric"": ""within_label_silhouette__patientGroup"", ""population"": ""joint"", ""stat"": ""B""}"
Table S7-01541,si,Table S7,3/3,summary,"{""block"": ""A"", ""dim"": 40, ""method"": ""unintegrated_pca_matched"", ""metric"": ""within_label_silhouette__patientGroup"", ""population"": ""joint"", ""stat"": ""F""}"
Table S7-01542,si,Table S7,S,summary,"{""block"": ""A"", ""dim"": 40, ""method"": ""unintegrated_pca_matched"", ""metric"": ""within_label_silhouette__patientGroup"", ""population"": ""joint"", ""stat"": ""na_code""}"
Table S7-01543,si,Table S7,NA,summary,"{""block"": ""A"", ""dim"": 40, ""method"": ""unintegrated_pca_matched"", ""metric"": ""within_label_silhouette__patientGroup"", ""population"": ""query"", ""stat"": ""mean""}"
Table S7-01544,si,Table S7,–,summary,"{""block"": ""A"", ""dim"": 40, ""method"": ""unintegrated_pca_matched"", ""metric"": ""within_label_silhouette__patientGroup"", ""population"": ""query"", ""stat"": ""sd""}"
Table S7-01545,si,Table S7,0/1,summary,"{""block"": ""A"", ""dim"": 40, ""method"": ""unintegrated_pca_matched"", ""metric"": ""within_label_silhouette__patientGroup"", ""population"": ""query"", ""stat"": ""D""}"
Table S7-01546,si,Table S7,0/3,summary,"{""block"": ""A"", ""dim"": 40, ""method"": ""unintegrated_pca_matched"", ""metric"": ""within_label_silhouette__patientGroup"", ""population"": ""query"", ""stat"": ""B""}"
Table S7-01547,si,Table S7,0/3,summary,"{""block"": ""A"", ""dim"": 40, ""method"": ""unintegrated_pca_matched"", ""metric"": ""within_label_silhouette__patientGroup"", ""population"": ""query"", ""stat"": ""F""}"
Table S7-01548,si,Table S7,"C,S",summary,"{""block"": ""A"", ""dim"": 40, ""method"": ""unintegrated_pca_matched"", ""metric"": ""within_label_silhouette__patientGroup"", ""population"": ""query"", ""stat"": ""na_code""}"
Table S7-01549,si,Table S7,0.308,summary,"{""block"": ""A"", ""dim"": 40, ""method"": ""unintegrated_pca_matched"", ""metric"": ""within_label_silhouette__patientGroup"", ""population"": ""reference"", ""stat"": ""mean""}"
Table S7-01550,si,Table S7,0.006,summary,"{""block"": ""A"", ""dim"": 40, ""method"": ""unintegrated_pca_matched"", ""metric"": ""within_label_silhouette__patientGroup"", ""population"": ""reference"", ""stat"": ""sd""}"
Table S7-01551,si,Table S7,1/1,summary,"{""block"": ""A"", ""dim"": 40, ""method"": ""unintegrated_pca_matched"", ""metric"": ""within_label_silhouette__patientGroup"", ""population"": ""reference"", ""stat"": ""D""}"
Table S7-01552,si,Table S7,3/3,summary,"{""block"": ""A"", ""dim"": 40, ""method"": ""unintegrated_pca_matched"", ""metric"": ""within_label_silhouette__patientGroup"", ""population"": ""reference"", ""stat"": ""B""}"
Table S7-01553,si,Table S7,3/3,summary,"{""block"": ""A"", ""dim"": 40, ""method"": ""unintegrated_pca_matched"", ""metric"": ""within_label_silhouette__patientGroup"", ""population"": ""reference"", ""stat"": ""F""}"
Table S7-01554,si,Table S7,S,summary,"{""block"": ""A"", ""dim"": 40, ""method"": ""unintegrated_pca_matched"", ""metric"": ""within_label_silhouette__patientGroup"", ""population"": ""reference"", ""stat"": ""na_code""}"
Table S7-01555,si,Table S7,0.202,summary,"{""block"": ""A"", ""dim"": 40, ""method"": ""unintegrated_pca_matched"", ""metric"": ""within_label_silhouette__sample_ID"", ""population"": ""joint"", ""stat"": ""mean""}"
Table S7-01556,si,Table S7,0.020,summary,"{""block"": ""A"", ""dim"": 40, ""method"": ""unintegrated_pca_matched"", ""metric"": ""within_label_silhouette__sample_ID"", ""population"": ""joint"", ""stat"": ""sd""}"
Table S7-01557,si,Table S7,1/1,summary,"{""block"": ""A"", ""dim"": 40, ""method"": ""unintegrated_pca_matched"", ""metric"": ""within_label_silhouette__sample_ID"", ""population"": ""joint"", ""stat"": ""D""}"
Table S7-01558,si,Table S7,3/3,summary,"{""block"": ""A"", ""dim"": 40, ""method"": ""unintegrated_pca_matched"", ""metric"": ""within_label_silhouette__sample_ID"", ""population"": ""joint"", ""stat"": ""B""}"
Table S7-01559,si,Table S7,3/3,summary,"{""block"": ""A"", ""dim"": 40, ""method"": ""unintegrated_pca_matched"", ""metric"": ""within_label_silhouette__sample_ID"", ""population"": ""joint"", ""stat"": ""F""}"
Table S7-01560,si,Table S7,S,summary,"{""block"": ""A"", ""dim"": 40, ""method"": ""unintegrated_pca_matched"", ""metric"": ""within_label_silhouette__sample_ID"", ""population"": ""joint"", ""stat"": ""na_code""}"
Table S7-01561,si,Table S7,NA,summary,"{""block"": ""A"", ""dim"": 40, ""method"": ""unintegrated_pca_matched"", ""metric"": ""within_label_silhouette__sample_ID"", ""population"": ""query"", ""stat"": ""mean""}"
Table S7-01562,si,Table S7,–,summary,"{""block"": ""A"", ""dim"": 40, ""method"": ""unintegrated_pca_matched"", ""metric"": ""within_label_silhouette__sample_ID"", ""population"": ""query"", ""stat"": ""sd""}"
Table S7-01563,si,Table S7,0/1,summary,"{""block"": ""A"", ""dim"": 40, ""method"": ""unintegrated_pca_matched"", ""metric"": ""within_label_silhouette__sample_ID"", ""population"": ""query"", ""stat"": ""D""}"
Table S7-01564,si,Table S7,0/3,summary,"{""block"": ""A"", ""dim"": 40, ""method"": ""unintegrated_pca_matched"", ""metric"": ""within_label_silhouette__sample_ID"", ""population"": ""query"", ""stat"": ""B""}"
Table S7-01565,si,Table S7,0/3,summary,"{""block"": ""A"", ""dim"": 40, ""method"": ""unintegrated_pca_matched"", ""metric"": ""within_label_silhouette__sample_ID"", ""population"": ""query"", ""stat"": ""F""}"
Table S7-01566,si,Table S7,"C,S",summary,"{""block"": ""A"", ""dim"": 40, ""method"": ""unintegrated_pca_matched"", ""metric"": ""within_label_silhouette__sample_ID"", ""population"": ""query"", ""stat"": ""na_code""}"
Table S7-01567,si,Table S7,0.191,summary,"{""block"": ""A"", ""dim"": 40, ""method"": ""unintegrated_pca_matched"", ""metric"": ""within_label_silhouette__sample_ID"", ""population"": ""reference"", ""stat"": ""mean""}"
Table S7-01568,si,Table S7,0.031,summary,"{""block"": ""A"", ""dim"": 40, ""method"": ""unintegrated_pca_matched"", ""metric"": ""within_label_silhouette__sample_ID"", ""population"": ""reference"", ""stat"": ""sd""}"
Table S7-01569,si,Table S7,1/1,summary,"{""block"": ""A"", ""dim"": 40, ""method"": ""unintegrated_pca_matched"", ""metric"": ""within_label_silhouette__sample_ID"", ""population"": ""reference"", ""stat"": ""D""}"
Table S7-01570,si,Table S7,3/3,summary,"{""block"": ""A"", ""dim"": 40, ""method"": ""unintegrated_pca_matched"", ""metric"": ""within_label_silhouette__sample_ID"", ""population"": ""reference"", ""stat"": ""B""}"
Table S7-01571,si,Table S7,3/3,summary,"{""block"": ""A"", ""dim"": 40, ""method"": ""unintegrated_pca_matched"", ""metric"": ""within_label_silhouette__sample_ID"", ""population"": ""reference"", ""stat"": ""F""}"
Table S7-01572,si,Table S7,S,summary,"{""block"": ""A"", ""dim"": 40, ""method"": ""unintegrated_pca_matched"", ""metric"": ""within_label_silhouette__sample_ID"", ""population"": ""reference"", ""stat"": ""na_code""}"
Table S7-01573,si,Table S7,0.202,summary,"{""block"": ""A"", ""dim"": 40, ""method"": ""unintegrated_pca_matched"", ""metric"": ""within_label_silhouette__study"", ""population"": ""joint"", ""stat"": ""mean""}"
Table S7-01574,si,Table S7,0.020,summary,"{""block"": ""A"", ""dim"": 40, ""method"": ""unintegrated_pca_matched"", ""metric"": ""within_label_silhouette__study"", ""population"": ""joint"", ""stat"": ""sd""}"
Table S7-01575,si,Table S7,1/1,summary,"{""block"": ""A"", ""dim"": 40, ""method"": ""unintegrated_pca_matched"", ""metric"": ""within_label_silhouette__study"", ""population"": ""joint"", ""stat"": ""D""}"
Table S7-01576,si,Table S7,3/3,summary,"{""block"": ""A"", ""dim"": 40, ""method"": ""unintegrated_pca_matched"", ""metric"": ""within_label_silhouette__study"", ""population"": ""joint"", ""stat"": ""B""}"
Table S7-01577,si,Table S7,3/3,summary,"{""block"": ""A"", ""dim"": 40, ""method"": ""unintegrated_pca_matched"", ""metric"": ""within_label_silhouette__study"", ""population"": ""joint"", ""stat"": ""F""}"
Table S7-01578,si,Table S7,S,summary,"{""block"": ""A"", ""dim"": 40, ""method"": ""unintegrated_pca_matched"", ""metric"": ""within_label_silhouette__study"", ""population"": ""joint"", ""stat"": ""na_code""}"
Table S7-01579,si,Table S7,NA,summary,"{""block"": ""A"", ""dim"": 40, ""method"": ""unintegrated_pca_matched"", ""metric"": ""within_label_silhouette__study"", ""population"": ""query"", ""stat"": ""mean""}"
Table S7-01580,si,Table S7,–,summary,"{""block"": ""A"", ""dim"": 40, ""method"": ""unintegrated_pca_matched"", ""metric"": ""within_label_silhouette__study"", ""population"": ""query"", ""stat"": ""sd""}"
Table S7-01581,si,Table S7,0/1,summary,"{""block"": ""A"", ""dim"": 40, ""method"": ""unintegrated_pca_matched"", ""metric"": ""within_label_silhouette__study"", ""population"": ""query"", ""stat"": ""D""}"
Table S7-01582,si,Table S7,0/3,summary,"{""block"": ""A"", ""dim"": 40, ""method"": ""unintegrated_pca_matched"", ""metric"": ""within_label_silhouette__study"", ""population"": ""query"", ""stat"": ""B""}"
Table S7-01583,si,Table S7,0/3,summary,"{""block"": ""A"", ""dim"": 40, ""method"": ""unintegrated_pca_matched"", ""metric"": ""within_label_silhouette__study"", ""population"": ""query"", ""stat"": ""F""}"
Table S7-01584,si,Table S7,"C,S",summary,"{""block"": ""A"", ""dim"": 40, ""method"": ""unintegrated_pca_matched"", ""metric"": ""within_label_silhouette__study"", ""population"": ""query"", ""stat"": ""na_code""}"
Table S7-01585,si,Table S7,0.191,summary,"{""block"": ""A"", ""dim"": 40, ""method"": ""unintegrated_pca_matched"", ""metric"": ""within_label_silhouette__study"", ""population"": ""reference"", ""stat"": ""mean""}"
Table S7-01586,si,Table S7,0.031,summary,"{""block"": ""A"", ""dim"": 40, ""method"": ""unintegrated_pca_matched"", ""metric"": ""within_label_silhouette__study"", ""population"": ""reference"", ""stat"": ""sd""}"
Table S7-01587,si,Table S7,1/1,summary,"{""block"": ""A"", ""dim"": 40, ""method"": ""unintegrated_pca_matched"", ""metric"": ""within_label_silhouette__study"", ""population"": ""reference"", ""stat"": ""D""}"
Table S7-01588,si,Table S7,3/3,summary,"{""block"": ""A"", ""dim"": 40, ""method"": ""unintegrated_pca_matched"", ""metric"": ""within_label_silhouette__study"", ""population"": ""reference"", ""stat"": ""B""}"
Table S7-01589,si,Table S7,3/3,summary,"{""block"": ""A"", ""dim"": 40, ""method"": ""unintegrated_pca_matched"", ""metric"": ""within_label_silhouette__study"", ""population"": ""reference"", ""stat"": ""F""}"
Table S7-01590,si,Table S7,S,summary,"{""block"": ""A"", ""dim"": 40, ""method"": ""unintegrated_pca_matched"", ""metric"": ""within_label_silhouette__study"", ""population"": ""reference"", ""stat"": ""na_code""}"
Table S7-01591,si,Table S7,0.353,summary,"{""block"": ""A"", ""dim"": 30, ""method"": ""frozen_reference_scvi"", ""metric"": ""ARI_cluster/label"", ""population"": ""joint"", ""stat"": ""mean""}"
Table S7-01592,si,Table S7,0.057,summary,"{""block"": ""A"", ""dim"": 30, ""method"": ""frozen_reference_scvi"", ""metric"": ""ARI_cluster/label"", ""population"": ""joint"", ""stat"": ""sd""}"
Table S7-01593,si,Table S7,3/3,summary,"{""block"": ""A"", ""dim"": 30, ""method"": ""frozen_reference_scvi"", ""metric"": ""ARI_cluster/label"", ""population"": ""joint"", ""stat"": ""D""}"
Table S7-01594,si,Table S7,9/9,summary,"{""block"": ""A"", ""dim"": 30, ""method"": ""frozen_reference_scvi"", ""metric"": ""ARI_cluster/label"", ""population"": ""joint"", ""stat"": ""B""}"
Table S7-01595,si,Table S7,45/45,summary,"{""block"": ""A"", ""dim"": 30, ""method"": ""frozen_reference_scvi"", ""metric"": ""ARI_cluster/label"", ""population"": ""joint"", ""stat"": ""F""}"
Table S7-01596,si,Table S7,–,summary,"{""block"": ""A"", ""dim"": 30, ""method"": ""frozen_reference_scvi"", ""metric"": ""ARI_cluster/label"", ""population"": ""joint"", ""stat"": ""na_code""}"
Table S7-01597,si,Table S7,0.578,summary,"{""block"": ""A"", ""dim"": 30, ""method"": ""frozen_reference_scvi"", ""metric"": ""ASW_label"", ""population"": ""joint"", ""stat"": ""mean""}"
Table S7-01598,si,Table S7,0.031,summary,"{""block"": ""A"", ""dim"": 30, ""method"": ""frozen_reference_scvi"", ""metric"": ""ASW_label"", ""population"": ""joint"", ""stat"": ""sd""}"
Table S7-01599,si,Table S7,3/3,summary,"{""block"": ""A"", ""dim"": 30, ""method"": ""frozen_reference_scvi"", ""metric"": ""ASW_label"", ""population"": ""joint"", ""stat"": ""D""}"
Table S7-01600,si,Table S7,9/9,summary,"{""block"": ""A"", ""dim"": 30, ""method"": ""frozen_reference_scvi"", ""metric"": ""ASW_label"", ""population"": ""joint"", ""stat"": ""B""}"
Table S7-01601,si,Table S7,45/45,summary,"{""block"": ""A"", ""dim"": 30, ""method"": ""frozen_reference_scvi"", ""metric"": ""ASW_label"", ""population"": ""joint"", ""stat"": ""F""}"
Table S7-01602,si,Table S7,–,summary,"{""block"": ""A"", ""dim"": 30, ""method"": ""frozen_reference_scvi"", ""metric"": ""ASW_label"", ""population"": ""joint"", ""stat"": ""na_code""}"
Table S7-01603,si,Table S7,0.878,summary,"{""block"": ""A"", ""dim"": 30, ""method"": ""frozen_reference_scvi"", ""metric"": ""ASW_label/batch"", ""population"": ""joint"", ""stat"": ""mean""}"
Table S7-01604,si,Table S7,0.020,summary,"{""block"": ""A"", ""dim"": 30, ""method"": ""frozen_reference_scvi"", ""metric"": ""ASW_label/batch"", ""population"": ""joint"", ""stat"": ""sd""}"
Table S7-01605,si,Table S7,3/3,summary,"{""block"": ""A"", ""dim"": 30, ""method"": ""frozen_reference_scvi"", ""metric"": ""ASW_label/batch"", ""population"": ""joint"", ""stat"": ""D""}"
Table S7-01606,si,Table S7,9/9,summary,"{""block"": ""A"", ""dim"": 30, ""method"": ""frozen_reference_scvi"", ""metric"": ""ASW_label/batch"", ""population"": ""joint"", ""stat"": ""B""}"
Table S7-01607,si,Table S7,45/45,summary,"{""block"": ""A"", ""dim"": 30, ""method"": ""frozen_reference_scvi"", ""metric"": ""ASW_label/batch"", ""population"": ""joint"", ""stat"": ""F""}"
Table S7-01608,si,Table S7,–,summary,"{""block"": ""A"", ""dim"": 30, ""method"": ""frozen_reference_scvi"", ""metric"": ""ASW_label/batch"", ""population"": ""joint"", ""stat"": ""na_code""}"
Table S7-01609,si,Table S7,0.677,summary,"{""block"": ""A"", ""dim"": 30, ""method"": ""frozen_reference_scvi"", ""metric"": ""NMI_cluster/label"", ""population"": ""joint"", ""stat"": ""mean""}"
Table S7-01610,si,Table S7,0.009,summary,"{""block"": ""A"", ""dim"": 30, ""method"": ""frozen_reference_scvi"", ""metric"": ""NMI_cluster/label"", ""population"": ""joint"", ""stat"": ""sd""}"
Table S7-01611,si,Table S7,3/3,summary,"{""block"": ""A"", ""dim"": 30, ""method"": ""frozen_reference_scvi"", ""metric"": ""NMI_cluster/label"", ""population"": ""joint"", ""stat"": ""D""}"
Table S7-01612,si,Table S7,9/9,summary,"{""block"": ""A"", ""dim"": 30, ""method"": ""frozen_reference_scvi"", ""metric"": ""NMI_cluster/label"", ""population"": ""joint"", ""stat"": ""B""}"
Table S7-01613,si,Table S7,45/45,summary,"{""block"": ""A"", ""dim"": 30, ""method"": ""frozen_reference_scvi"", ""metric"": ""NMI_cluster/label"", ""population"": ""joint"", ""stat"": ""F""}"
Table S7-01614,si,Table S7,–,summary,"{""block"": ""A"", ""dim"": 30, ""method"": ""frozen_reference_scvi"", ""metric"": ""NMI_cluster/label"", ""population"": ""joint"", ""stat"": ""na_code""}"
Table S7-01615,si,Table S7,0.871,summary,"{""block"": ""A"", ""dim"": 30, ""method"": ""frozen_reference_scvi"", ""metric"": ""PCR_batch"", ""population"": ""joint"", ""stat"": ""mean""}"
Table S7-01616,si,Table S7,0.069,summary,"{""block"": ""A"", ""dim"": 30, ""method"": ""frozen_reference_scvi"", ""metric"": ""PCR_batch"", ""population"": ""joint"", ""stat"": ""sd""}"
Table S7-01617,si,Table S7,3/3,summary,"{""block"": ""A"", ""dim"": 30, ""method"": ""frozen_reference_scvi"", ""metric"": ""PCR_batch"", ""population"": ""joint"", ""stat"": ""D""}"
Table S7-01618,si,Table S7,9/9,summary,"{""block"": ""A"", ""dim"": 30, ""method"": ""frozen_reference_scvi"", ""metric"": ""PCR_batch"", ""population"": ""joint"", ""stat"": ""B""}"
Table S7-01619,si,Table S7,45/45,summary,"{""block"": ""A"", ""dim"": 30, ""method"": ""frozen_reference_scvi"", ""metric"": ""PCR_batch"", ""population"": ""joint"", ""stat"": ""F""}"
Table S7-01620,si,Table S7,–,summary,"{""block"": ""A"", ""dim"": 30, ""method"": ""frozen_reference_scvi"", ""metric"": ""PCR_batch"", ""population"": ""joint"", ""stat"": ""na_code""}"
Table S7-01621,si,Table S7,0.855,summary,"{""block"": ""A"", ""dim"": 30, ""method"": ""frozen_reference_scvi"", ""metric"": ""balanced_accuracy"", ""population"": ""query"", ""stat"": ""mean""}"
Table S7-01622,si,Table S7,0.053,summary,"{""block"": ""A"", ""dim"": 30, ""method"": ""frozen_reference_scvi"", ""metric"": ""balanced_accuracy"", ""population"": ""query"", ""stat"": ""sd""}"
Table S7-01623,si,Table S7,3/3,summary,"{""block"": ""A"", ""dim"": 30, ""method"": ""frozen_reference_scvi"", ""metric"": ""balanced_accuracy"", ""population"": ""query"", ""stat"": ""D""}"
Table S7-01624,si,Table S7,9/9,summary,"{""block"": ""A"", ""dim"": 30, ""method"": ""frozen_reference_scvi"", ""metric"": ""balanced_accuracy"", ""population"": ""query"", ""stat"": ""B""}"
Table S7-01625,si,Table S7,45/45,summary,"{""block"": ""A"", ""dim"": 30, ""method"": ""frozen_reference_scvi"", ""metric"": ""balanced_accuracy"", ""population"": ""query"", ""stat"": ""F""}"
Table S7-01626,si,Table S7,–,summary,"{""block"": ""A"", ""dim"": 30, ""method"": ""frozen_reference_scvi"", ""metric"": ""balanced_accuracy"", ""population"": ""query"", ""stat"": ""na_code""}"
Table S7-01627,si,Table S7,0.911,summary,"{""block"": ""A"", ""dim"": 30, ""method"": ""frozen_reference_scvi"", ""metric"": ""cLISI"", ""population"": ""joint"", ""stat"": ""mean""}"
Table S7-01628,si,Table S7,0.086,summary,"{""block"": ""A"", ""dim"": 30, ""method"": ""frozen_reference_scvi"", ""metric"": ""cLISI"", ""population"": ""joint"", ""stat"": ""sd""}"
Table S7-01629,si,Table S7,3/3,summary,"{""block"": ""A"", ""dim"": 30, ""method"": ""frozen_reference_scvi"", ""metric"": ""cLISI"", ""population"": ""joint"", ""stat"": ""D""}"
Table S7-01630,si,Table S7,9/9,summary,"{""block"": ""A"", ""dim"": 30, ""method"": ""frozen_reference_scvi"", ""metric"": ""cLISI"", ""population"": ""joint"", ""stat"": ""B""}"
Table S7-01631,si,Table S7,45/45,summary,"{""block"": ""A"", ""dim"": 30, ""method"": ""frozen_reference_scvi"", ""metric"": ""cLISI"", ""population"": ""joint"", ""stat"": ""F""}"
Table S7-01632,si,Table S7,–,summary,"{""block"": ""A"", ""dim"": 30, ""method"": ""frozen_reference_scvi"", ""metric"": ""cLISI"", ""population"": ""joint"", ""stat"": ""na_code""}"
Table S7-01633,si,Table S7,0.536,summary,"{""block"": ""A"", ""dim"": 30, ""method"": ""frozen_reference_scvi"", ""metric"": ""cell_cycle_conservation"", ""population"": ""joint"", ""stat"": ""mean""}"
Table S7-01634,si,Table S7,0.072,summary,"{""block"": ""A"", ""dim"": 30, ""method"": ""frozen_reference_scvi"", ""metric"": ""cell_cycle_conservation"", ""population"": ""joint"", ""stat"": ""sd""}"
Table S7-01635,si,Table S7,3/3,summary,"{""block"": ""A"", ""dim"": 30, ""method"": ""frozen_reference_scvi"", ""metric"": ""cell_cycle_conservation"", ""population"": ""joint"", ""stat"": ""D""}"
Table S7-01636,si,Table S7,9/9,summary,"{""block"": ""A"", ""dim"": 30, ""method"": ""frozen_reference_scvi"", ""metric"": ""cell_cycle_conservation"", ""population"": ""joint"", ""stat"": ""B""}"
Table S7-01637,si,Table S7,45/45,summary,"{""block"": ""A"", ""dim"": 30, ""method"": ""frozen_reference_scvi"", ""metric"": ""cell_cycle_conservation"", ""population"": ""joint"", ""stat"": ""F""}"
Table S7-01638,si,Table S7,–,summary,"{""block"": ""A"", ""dim"": 30, ""method"": ""frozen_reference_scvi"", ""metric"": ""cell_cycle_conservation"", ""population"": ""joint"", ""stat"": ""na_code""}"
Table S7-01639,si,Table S7,NA,summary,"{""block"": ""A"", ""dim"": 30, ""method"": ""frozen_reference_scvi"", ""metric"": ""hvg_overlap"", ""population"": ""joint"", ""stat"": ""mean""}"
Table S7-01640,si,Table S7,–,summary,"{""block"": ""A"", ""dim"": 30, ""method"": ""frozen_reference_scvi"", ""metric"": ""hvg_overlap"", ""population"": ""joint"", ""stat"": ""sd""}"
Table S7-01641,si,Table S7,0/3,summary,"{""block"": ""A"", ""dim"": 30, ""method"": ""frozen_reference_scvi"", ""metric"": ""hvg_overlap"", ""population"": ""joint"", ""stat"": ""D""}"
Table S7-01642,si,Table S7,0/9,summary,"{""block"": ""A"", ""dim"": 30, ""method"": ""frozen_reference_scvi"", ""metric"": ""hvg_overlap"", ""population"": ""joint"", ""stat"": ""B""}"
Table S7-01643,si,Table S7,0/45,summary,"{""block"": ""A"", ""dim"": 30, ""method"": ""frozen_reference_scvi"", ""metric"": ""hvg_overlap"", ""population"": ""joint"", ""stat"": ""F""}"
Table S7-01644,si,Table S7,H,summary,"{""block"": ""A"", ""dim"": 30, ""method"": ""frozen_reference_scvi"", ""metric"": ""hvg_overlap"", ""population"": ""joint"", ""stat"": ""na_code""}"
Table S7-01645,si,Table S7,2.125,summary,"{""block"": ""A"", ""dim"": 30, ""method"": ""frozen_reference_scvi"", ""metric"": ""iLISI"", ""population"": ""joint"", ""stat"": ""mean""}"
Table S7-01646,si,Table S7,0.302,summary,"{""block"": ""A"", ""dim"": 30, ""method"": ""frozen_reference_scvi"", ""metric"": ""iLISI"", ""population"": ""joint"", ""stat"": ""sd""}"
Table S7-01647,si,Table S7,3/3,summary,"{""block"": ""A"", ""dim"": 30, ""method"": ""frozen_reference_scvi"", ""metric"": ""iLISI"", ""population"": ""joint"", ""stat"": ""D""}"
Table S7-01648,si,Table S7,9/9,summary,"{""block"": ""A"", ""dim"": 30, ""method"": ""frozen_reference_scvi"", ""metric"": ""iLISI"", ""population"": ""joint"", ""stat"": ""B""}"
Table S7-01649,si,Table S7,45/45,summary,"{""block"": ""A"", ""dim"": 30, ""method"": ""frozen_reference_scvi"", ""metric"": ""iLISI"", ""population"": ""joint"", ""stat"": ""F""}"
Table S7-01650,si,Table S7,–,summary,"{""block"": ""A"", ""dim"": 30, ""method"": ""frozen_reference_scvi"", ""metric"": ""iLISI"", ""population"": ""joint"", ""stat"": ""na_code""}"
Table S7-01651,si,Table S7,0.501,summary,"{""block"": ""A"", ""dim"": 30, ""method"": ""frozen_reference_scvi"", ""metric"": ""isolated_label_silhouette"", ""population"": ""joint"", ""stat"": ""mean""}"
Table S7-01652,si,Table S7,0.010,summary,"{""block"": ""A"", ""dim"": 30, ""method"": ""frozen_reference_scvi"", ""metric"": ""isolated_label_silhouette"", ""population"": ""joint"", ""stat"": ""sd""}"
Table S7-01653,si,Table S7,3/3,summary,"{""block"": ""A"", ""dim"": 30, ""method"": ""frozen_reference_scvi"", ""metric"": ""isolated_label_silhouette"", ""population"": ""joint"", ""stat"": ""D""}"
Table S7-01654,si,Table S7,9/9,summary,"{""block"": ""A"", ""dim"": 30, ""method"": ""frozen_reference_scvi"", ""metric"": ""isolated_label_silhouette"", ""population"": ""joint"", ""stat"": ""B""}"
Table S7-01655,si,Table S7,45/45,summary,"{""block"": ""A"", ""dim"": 30, ""method"": ""frozen_reference_scvi"", ""metric"": ""isolated_label_silhouette"", ""population"": ""joint"", ""stat"": ""F""}"
Table S7-01656,si,Table S7,–,summary,"{""block"": ""A"", ""dim"": 30, ""method"": ""frozen_reference_scvi"", ""metric"": ""isolated_label_silhouette"", ""population"": ""joint"", ""stat"": ""na_code""}"
Table S7-01657,si,Table S7,0.807,summary,"{""block"": ""A"", ""dim"": 30, ""method"": ""frozen_reference_scvi"", ""metric"": ""macro_f1"", ""population"": ""query"", ""stat"": ""mean""}"
Table S7-01658,si,Table S7,0.091,summary,"{""block"": ""A"", ""dim"": 30, ""method"": ""frozen_reference_scvi"", ""metric"": ""macro_f1"", ""population"": ""query"", ""stat"": ""sd""}"
Table S7-01659,si,Table S7,3/3,summary,"{""block"": ""A"", ""dim"": 30, ""method"": ""frozen_reference_scvi"", ""metric"": ""macro_f1"", ""population"": ""query"", ""stat"": ""D""}"
Table S7-01660,si,Table S7,9/9,summary,"{""block"": ""A"", ""dim"": 30, ""method"": ""frozen_reference_scvi"", ""metric"": ""macro_f1"", ""population"": ""query"", ""stat"": ""B""}"
Table S7-01661,si,Table S7,45/45,summary,"{""block"": ""A"", ""dim"": 30, ""method"": ""frozen_reference_scvi"", ""metric"": ""macro_f1"", ""population"": ""query"", ""stat"": ""F""}"
Table S7-01662,si,Table S7,–,summary,"{""block"": ""A"", ""dim"": 30, ""method"": ""frozen_reference_scvi"", ""metric"": ""macro_f1"", ""population"": ""query"", ""stat"": ""na_code""}"
Table S7-01663,si,Table S7,0.880,summary,"{""block"": ""A"", ""dim"": 30, ""method"": ""frozen_reference_scvi"", ""metric"": ""pseudotime_smoothness"", ""population"": ""joint"", ""stat"": ""mean""}"
Table S7-01664,si,Table S7,0.003,summary,"{""block"": ""A"", ""dim"": 30, ""method"": ""frozen_reference_scvi"", ""metric"": ""pseudotime_smoothness"", ""population"": ""joint"", ""stat"": ""sd""}"
Table S7-01665,si,Table S7,1/1,summary,"{""block"": ""A"", ""dim"": 30, ""method"": ""frozen_reference_scvi"", ""metric"": ""pseudotime_smoothness"", ""population"": ""joint"", ""stat"": ""D""}"
Table S7-01666,si,Table S7,3/3,summary,"{""block"": ""A"", ""dim"": 30, ""method"": ""frozen_reference_scvi"", ""metric"": ""pseudotime_smoothness"", ""population"": ""joint"", ""stat"": ""B""}"
Table S7-01667,si,Table S7,15/15,summary,"{""block"": ""A"", ""dim"": 30, ""method"": ""frozen_reference_scvi"", ""metric"": ""pseudotime_smoothness"", ""population"": ""joint"", ""stat"": ""F""}"
Table S7-01668,si,Table S7,S,summary,"{""block"": ""A"", ""dim"": 30, ""method"": ""frozen_reference_scvi"", ""metric"": ""pseudotime_smoothness"", ""population"": ""joint"", ""stat"": ""na_code""}"
Table S7-01669,si,Table S7,0.969,summary,"{""block"": ""A"", ""dim"": 30, ""method"": ""frozen_reference_scvi"", ""metric"": ""pseudotime_smoothness"", ""population"": ""query"", ""stat"": ""mean""}"
Table S7-01670,si,Table S7,–,summary,"{""block"": ""A"", ""dim"": 30, ""method"": ""frozen_reference_scvi"", ""metric"": ""pseudotime_smoothness"", ""population"": ""query"", ""stat"": ""sd""}"
Table S7-01671,si,Table S7,1/1,summary,"{""block"": ""A"", ""dim"": 30, ""method"": ""frozen_reference_scvi"", ""metric"": ""pseudotime_smoothness"", ""population"": ""query"", ""stat"": ""D""}"
Table S7-01672,si,Table S7,1/3,summary,"{""block"": ""A"", ""dim"": 30, ""method"": ""frozen_reference_scvi"", ""metric"": ""pseudotime_smoothness"", ""population"": ""query"", ""stat"": ""B""}"
Table S7-01673,si,Table S7,5/15,summary,"{""block"": ""A"", ""dim"": 30, ""method"": ""frozen_reference_scvi"", ""metric"": ""pseudotime_smoothness"", ""population"": ""query"", ""stat"": ""F""}"
Table S7-01674,si,Table S7,"P,S",summary,"{""block"": ""A"", ""dim"": 30, ""method"": ""frozen_reference_scvi"", ""metric"": ""pseudotime_smoothness"", ""population"": ""query"", ""stat"": ""na_code""}"
Table S7-01675,si,Table S7,0.864,summary,"{""block"": ""A"", ""dim"": 30, ""method"": ""frozen_reference_scvi"", ""metric"": ""pseudotime_smoothness"", ""population"": ""reference"", ""stat"": ""mean""}"
Table S7-01676,si,Table S7,0.026,summary,"{""block"": ""A"", ""dim"": 30, ""method"": ""frozen_reference_scvi"", ""metric"": ""pseudotime_smoothness"", ""population"": ""reference"", ""stat"": ""sd""}"
Table S7-01677,si,Table S7,1/1,summary,"{""block"": ""A"", ""dim"": 30, ""method"": ""frozen_reference_scvi"", ""metric"": ""pseudotime_smoothness"", ""population"": ""reference"", ""stat"": ""D""}"
Table S7-01678,si,Table S7,3/3,summary,"{""block"": ""A"", ""dim"": 30, ""method"": ""frozen_reference_scvi"", ""metric"": ""pseudotime_smoothness"", ""population"": ""reference"", ""stat"": ""B""}"
Table S7-01679,si,Table S7,15/15,summary,"{""block"": ""A"", ""dim"": 30, ""method"": ""frozen_reference_scvi"", ""metric"": ""pseudotime_smoothness"", ""population"": ""reference"", ""stat"": ""F""}"
Table S7-01680,si,Table S7,S,summary,"{""block"": ""A"", ""dim"": 30, ""method"": ""frozen_reference_scvi"", ""metric"": ""pseudotime_smoothness"", ""population"": ""reference"", ""stat"": ""na_code""}"
Table S7-01681,si,Table S7,0.830,summary,"{""block"": ""A"", ""dim"": 30, ""method"": ""frozen_reference_scvi"", ""metric"": ""trajectory"", ""population"": ""joint"", ""stat"": ""mean""}"
Table S7-01682,si,Table S7,0.027,summary,"{""block"": ""A"", ""dim"": 30, ""method"": ""frozen_reference_scvi"", ""metric"": ""trajectory"", ""population"": ""joint"", ""stat"": ""sd""}"
Table S7-01683,si,Table S7,1/1,summary,"{""block"": ""A"", ""dim"": 30, ""method"": ""frozen_reference_scvi"", ""metric"": ""trajectory"", ""population"": ""joint"", ""stat"": ""D""}"
Table S7-01684,si,Table S7,3/3,summary,"{""block"": ""A"", ""dim"": 30, ""method"": ""frozen_reference_scvi"", ""metric"": ""trajectory"", ""population"": ""joint"", ""stat"": ""B""}"
Table S7-01685,si,Table S7,15/15,summary,"{""block"": ""A"", ""dim"": 30, ""method"": ""frozen_reference_scvi"", ""metric"": ""trajectory"", ""population"": ""joint"", ""stat"": ""F""}"
Table S7-01686,si,Table S7,T,summary,"{""block"": ""A"", ""dim"": 30, ""method"": ""frozen_reference_scvi"", ""metric"": ""trajectory"", ""population"": ""joint"", ""stat"": ""na_code""}"
Table S7-01687,si,Table S7,0.888,summary,"{""block"": ""A"", ""dim"": 30, ""method"": ""frozen_reference_scvi"", ""metric"": ""trustworthiness"", ""population"": ""joint"", ""stat"": ""mean""}"
Table S7-01688,si,Table S7,0.009,summary,"{""block"": ""A"", ""dim"": 30, ""method"": ""frozen_reference_scvi"", ""metric"": ""trustworthiness"", ""population"": ""joint"", ""stat"": ""sd""}"
Table S7-01689,si,Table S7,2/2,summary,"{""block"": ""A"", ""dim"": 30, ""method"": ""frozen_reference_scvi"", ""metric"": ""trustworthiness"", ""population"": ""joint"", ""stat"": ""D""}"
Table S7-01690,si,Table S7,6/6,summary,"{""block"": ""A"", ""dim"": 30, ""method"": ""frozen_reference_scvi"", ""metric"": ""trustworthiness"", ""population"": ""joint"", ""stat"": ""B""}"
Table S7-01691,si,Table S7,30/30,summary,"{""block"": ""A"", ""dim"": 30, ""method"": ""frozen_reference_scvi"", ""metric"": ""trustworthiness"", ""population"": ""joint"", ""stat"": ""F""}"
Table S7-01692,si,Table S7,S,summary,"{""block"": ""A"", ""dim"": 30, ""method"": ""frozen_reference_scvi"", ""metric"": ""trustworthiness"", ""population"": ""joint"", ""stat"": ""na_code""}"
Table S7-01693,si,Table S7,0.946,summary,"{""block"": ""A"", ""dim"": 30, ""method"": ""frozen_reference_scvi"", ""metric"": ""trustworthiness"", ""population"": ""query"", ""stat"": ""mean""}"
Table S7-01694,si,Table S7,0.019,summary,"{""block"": ""A"", ""dim"": 30, ""method"": ""frozen_reference_scvi"", ""metric"": ""trustworthiness"", ""population"": ""query"", ""stat"": ""sd""}"
Table S7-01695,si,Table S7,2/2,summary,"{""block"": ""A"", ""dim"": 30, ""method"": ""frozen_reference_scvi"", ""metric"": ""trustworthiness"", ""population"": ""query"", ""stat"": ""D""}"
Table S7-01696,si,Table S7,6/6,summary,"{""block"": ""A"", ""dim"": 30, ""method"": ""frozen_reference_scvi"", ""metric"": ""trustworthiness"", ""population"": ""query"", ""stat"": ""B""}"
Table S7-01697,si,Table S7,30/30,summary,"{""block"": ""A"", ""dim"": 30, ""method"": ""frozen_reference_scvi"", ""metric"": ""trustworthiness"", ""population"": ""query"", ""stat"": ""F""}"
Table S7-01698,si,Table S7,S,summary,"{""block"": ""A"", ""dim"": 30, ""method"": ""frozen_reference_scvi"", ""metric"": ""trustworthiness"", ""population"": ""query"", ""stat"": ""na_code""}"
Table S7-01699,si,Table S7,0.884,summary,"{""block"": ""A"", ""dim"": 30, ""method"": ""frozen_reference_scvi"", ""metric"": ""trustworthiness"", ""population"": ""reference"", ""stat"": ""mean""}"
Table S7-01700,si,Table S7,0.006,summary,"{""block"": ""A"", ""dim"": 30, ""method"": ""frozen_reference_scvi"", ""metric"": ""trustworthiness"", ""population"": ""reference"", ""stat"": ""sd""}"
Table S7-01701,si,Table S7,2/2,summary,"{""block"": ""A"", ""dim"": 30, ""method"": ""frozen_reference_scvi"", ""metric"": ""trustworthiness"", ""population"": ""reference"", ""stat"": ""D""}"
Table S7-01702,si,Table S7,6/6,summary,"{""block"": ""A"", ""dim"": 30, ""method"": ""frozen_reference_scvi"", ""metric"": ""trustworthiness"", ""population"": ""reference"", ""stat"": ""B""}"
Table S7-01703,si,Table S7,30/30,summary,"{""block"": ""A"", ""dim"": 30, ""method"": ""frozen_reference_scvi"", ""metric"": ""trustworthiness"", ""population"": ""reference"", ""stat"": ""F""}"
Table S7-01704,si,Table S7,S,summary,"{""block"": ""A"", ""dim"": 30, ""method"": ""frozen_reference_scvi"", ""metric"": ""trustworthiness"", ""population"": ""reference"", ""stat"": ""na_code""}"
Table S7-01705,si,Table S7,-0.052,summary,"{""block"": ""A"", ""dim"": 30, ""method"": ""frozen_reference_scvi"", ""metric"": ""within_label_silhouette__donor"", ""population"": ""joint"", ""stat"": ""mean""}"
Table S7-01706,si,Table S7,0.004,summary,"{""block"": ""A"", ""dim"": 30, ""method"": ""frozen_reference_scvi"", ""metric"": ""within_label_silhouette__donor"", ""population"": ""joint"", ""stat"": ""sd""}"
Table S7-01707,si,Table S7,1/1,summary,"{""block"": ""A"", ""dim"": 30, ""method"": ""frozen_reference_scvi"", ""metric"": ""within_label_silhouette__donor"", ""population"": ""joint"", ""stat"": ""D""}"
Table S7-01708,si,Table S7,3/3,summary,"{""block"": ""A"", ""dim"": 30, ""method"": ""frozen_reference_scvi"", ""metric"": ""within_label_silhouette__donor"", ""population"": ""joint"", ""stat"": ""B""}"
Table S7-01709,si,Table S7,15/15,summary,"{""block"": ""A"", ""dim"": 30, ""method"": ""frozen_reference_scvi"", ""metric"": ""within_label_silhouette__donor"", ""population"": ""joint"", ""stat"": ""F""}"
Table S7-01710,si,Table S7,S,summary,"{""block"": ""A"", ""dim"": 30, ""method"": ""frozen_reference_scvi"", ""metric"": ""within_label_silhouette__donor"", ""population"": ""joint"", ""stat"": ""na_code""}"
Table S7-01711,si,Table S7,NA,summary,"{""block"": ""A"", ""dim"": 30, ""method"": ""frozen_reference_scvi"", ""metric"": ""within_label_silhouette__donor"", ""population"": ""query"", ""stat"": ""mean""}"
Table S7-01712,si,Table S7,–,summary,"{""block"": ""A"", ""dim"": 30, ""method"": ""frozen_reference_scvi"", ""metric"": ""within_label_silhouette__donor"", ""population"": ""query"", ""stat"": ""sd""}"
Table S7-01713,si,Table S7,0/1,summary,"{""block"": ""A"", ""dim"": 30, ""method"": ""frozen_reference_scvi"", ""metric"": ""within_label_silhouette__donor"", ""population"": ""query"", ""stat"": ""D""}"
Table S7-01714,si,Table S7,0/3,summary,"{""block"": ""A"", ""dim"": 30, ""method"": ""frozen_reference_scvi"", ""metric"": ""within_label_silhouette__donor"", ""population"": ""query"", ""stat"": ""B""}"
Table S7-01715,si,Table S7,0/15,summary,"{""block"": ""A"", ""dim"": 30, ""method"": ""frozen_reference_scvi"", ""metric"": ""within_label_silhouette__donor"", ""population"": ""query"", ""stat"": ""F""}"
Table S7-01716,si,Table S7,"C,S",summary,"{""block"": ""A"", ""dim"": 30, ""method"": ""frozen_reference_scvi"", ""metric"": ""within_label_silhouette__donor"", ""population"": ""query"", ""stat"": ""na_code""}"
Table S7-01717,si,Table S7,-0.050,summary,"{""block"": ""A"", ""dim"": 30, ""method"": ""frozen_reference_scvi"", ""metric"": ""within_label_silhouette__donor"", ""population"": ""reference"", ""stat"": ""mean""}"
Table S7-01718,si,Table S7,0.003,summary,"{""block"": ""A"", ""dim"": 30, ""method"": ""frozen_reference_scvi"", ""metric"": ""within_label_silhouette__donor"", ""population"": ""reference"", ""stat"": ""sd""}"
Table S7-01719,si,Table S7,1/1,summary,"{""block"": ""A"", ""dim"": 30, ""method"": ""frozen_reference_scvi"", ""metric"": ""within_label_silhouette__donor"", ""population"": ""reference"", ""stat"": ""D""}"
Table S7-01720,si,Table S7,3/3,summary,"{""block"": ""A"", ""dim"": 30, ""method"": ""frozen_reference_scvi"", ""metric"": ""within_label_silhouette__donor"", ""population"": ""reference"", ""stat"": ""B""}"
Table S7-01721,si,Table S7,15/15,summary,"{""block"": ""A"", ""dim"": 30, ""method"": ""frozen_reference_scvi"", ""metric"": ""within_label_silhouette__donor"", ""population"": ""reference"", ""stat"": ""F""}"
Table S7-01722,si,Table S7,S,summary,"{""block"": ""A"", ""dim"": 30, ""method"": ""frozen_reference_scvi"", ""metric"": ""within_label_silhouette__donor"", ""population"": ""reference"", ""stat"": ""na_code""}"
Table S7-01723,si,Table S7,0.093,summary,"{""block"": ""A"", ""dim"": 30, ""method"": ""frozen_reference_scvi"", ""metric"": ""within_label_silhouette__patientGroup"", ""population"": ""joint"", ""stat"": ""mean""}"
Table S7-01724,si,Table S7,0.002,summary,"{""block"": ""A"", ""dim"": 30, ""method"": ""frozen_reference_scvi"", ""metric"": ""within_label_silhouette__patientGroup"", ""population"": ""joint"", ""stat"": ""sd""}"
Table S7-01725,si,Table S7,1/1,summary,"{""block"": ""A"", ""dim"": 30, ""method"": ""frozen_reference_scvi"", ""metric"": ""within_label_silhouette__patientGroup"", ""population"": ""joint"", ""stat"": ""D""}"
Table S7-01726,si,Table S7,3/3,summary,"{""block"": ""A"", ""dim"": 30, ""method"": ""frozen_reference_scvi"", ""metric"": ""within_label_silhouette__patientGroup"", ""population"": ""joint"", ""stat"": ""B""}"
Table S7-01727,si,Table S7,15/15,summary,"{""block"": ""A"", ""dim"": 30, ""method"": ""frozen_reference_scvi"", ""metric"": ""within_label_silhouette__patientGroup"", ""population"": ""joint"", ""stat"": ""F""}"
Table S7-01728,si,Table S7,S,summary,"{""block"": ""A"", ""dim"": 30, ""method"": ""frozen_reference_scvi"", ""metric"": ""within_label_silhouette__patientGroup"", ""population"": ""joint"", ""stat"": ""na_code""}"
Table S7-01729,si,Table S7,NA,summary,"{""block"": ""A"", ""dim"": 30, ""method"": ""frozen_reference_scvi"", ""metric"": ""within_label_silhouette__patientGroup"", ""population"": ""query"", ""stat"": ""mean""}"
Table S7-01730,si,Table S7,–,summary,"{""block"": ""A"", ""dim"": 30, ""method"": ""frozen_reference_scvi"", ""metric"": ""within_label_silhouette__patientGroup"", ""population"": ""query"", ""stat"": ""sd""}"
Table S7-01731,si,Table S7,0/1,summary,"{""block"": ""A"", ""dim"": 30, ""method"": ""frozen_reference_scvi"", ""metric"": ""within_label_silhouette__patientGroup"", ""population"": ""query"", ""stat"": ""D""}"
Table S7-01732,si,Table S7,0/3,summary,"{""block"": ""A"", ""dim"": 30, ""method"": ""frozen_reference_scvi"", ""metric"": ""within_label_silhouette__patientGroup"", ""population"": ""query"", ""stat"": ""B""}"
Table S7-01733,si,Table S7,0/15,summary,"{""block"": ""A"", ""dim"": 30, ""method"": ""frozen_reference_scvi"", ""metric"": ""within_label_silhouette__patientGroup"", ""population"": ""query"", ""stat"": ""F""}"
Table S7-01734,si,Table S7,"C,S",summary,"{""block"": ""A"", ""dim"": 30, ""method"": ""frozen_reference_scvi"", ""metric"": ""within_label_silhouette__patientGroup"", ""population"": ""query"", ""stat"": ""na_code""}"
Table S7-01735,si,Table S7,0.097,summary,"{""block"": ""A"", ""dim"": 30, ""method"": ""frozen_reference_scvi"", ""metric"": ""within_label_silhouette__patientGroup"", ""population"": ""reference"", ""stat"": ""mean""}"
Table S7-01736,si,Table S7,0.001,summary,"{""block"": ""A"", ""dim"": 30, ""method"": ""frozen_reference_scvi"", ""metric"": ""within_label_silhouette__patientGroup"", ""population"": ""reference"", ""stat"": ""sd""}"
Table S7-01737,si,Table S7,1/1,summary,"{""block"": ""A"", ""dim"": 30, ""method"": ""frozen_reference_scvi"", ""metric"": ""within_label_silhouette__patientGroup"", ""population"": ""reference"", ""stat"": ""D""}"
Table S7-01738,si,Table S7,3/3,summary,"{""block"": ""A"", ""dim"": 30, ""method"": ""frozen_reference_scvi"", ""metric"": ""within_label_silhouette__patientGroup"", ""population"": ""reference"", ""stat"": ""B""}"
Table S7-01739,si,Table S7,15/15,summary,"{""block"": ""A"", ""dim"": 30, ""method"": ""frozen_reference_scvi"", ""metric"": ""within_label_silhouette__patientGroup"", ""population"": ""reference"", ""stat"": ""F""}"
Table S7-01740,si,Table S7,S,summary,"{""block"": ""A"", ""dim"": 30, ""method"": ""frozen_reference_scvi"", ""metric"": ""within_label_silhouette__patientGroup"", ""population"": ""reference"", ""stat"": ""na_code""}"
Table S7-01741,si,Table S7,0.009,summary,"{""block"": ""A"", ""dim"": 30, ""method"": ""frozen_reference_scvi"", ""metric"": ""within_label_silhouette__sample_ID"", ""population"": ""joint"", ""stat"": ""mean""}"
Table S7-01742,si,Table S7,0.022,summary,"{""block"": ""A"", ""dim"": 30, ""method"": ""frozen_reference_scvi"", ""metric"": ""within_label_silhouette__sample_ID"", ""population"": ""joint"", ""stat"": ""sd""}"
Table S7-01743,si,Table S7,1/1,summary,"{""block"": ""A"", ""dim"": 30, ""method"": ""frozen_reference_scvi"", ""metric"": ""within_label_silhouette__sample_ID"", ""population"": ""joint"", ""stat"": ""D""}"
Table S7-01744,si,Table S7,3/3,summary,"{""block"": ""A"", ""dim"": 30, ""method"": ""frozen_reference_scvi"", ""metric"": ""within_label_silhouette__sample_ID"", ""population"": ""joint"", ""stat"": ""B""}"
Table S7-01745,si,Table S7,15/15,summary,"{""block"": ""A"", ""dim"": 30, ""method"": ""frozen_reference_scvi"", ""metric"": ""within_label_silhouette__sample_ID"", ""population"": ""joint"", ""stat"": ""F""}"
Table S7-01746,si,Table S7,S,summary,"{""block"": ""A"", ""dim"": 30, ""method"": ""frozen_reference_scvi"", ""metric"": ""within_label_silhouette__sample_ID"", ""population"": ""joint"", ""stat"": ""na_code""}"
Table S7-01747,si,Table S7,NA,summary,"{""block"": ""A"", ""dim"": 30, ""method"": ""frozen_reference_scvi"", ""metric"": ""within_label_silhouette__sample_ID"", ""population"": ""query"", ""stat"": ""mean""}"
Table S7-01748,si,Table S7,–,summary,"{""block"": ""A"", ""dim"": 30, ""method"": ""frozen_reference_scvi"", ""metric"": ""within_label_silhouette__sample_ID"", ""population"": ""query"", ""stat"": ""sd""}"
Table S7-01749,si,Table S7,0/1,summary,"{""block"": ""A"", ""dim"": 30, ""method"": ""frozen_reference_scvi"", ""metric"": ""within_label_silhouette__sample_ID"", ""population"": ""query"", ""stat"": ""D""}"
Table S7-01750,si,Table S7,0/3,summary,"{""block"": ""A"", ""dim"": 30, ""method"": ""frozen_reference_scvi"", ""metric"": ""within_label_silhouette__sample_ID"", ""population"": ""query"", ""stat"": ""B""}"
Table S7-01751,si,Table S7,0/15,summary,"{""block"": ""A"", ""dim"": 30, ""method"": ""frozen_reference_scvi"", ""metric"": ""within_label_silhouette__sample_ID"", ""population"": ""query"", ""stat"": ""F""}"
Table S7-01752,si,Table S7,"C,S",summary,"{""block"": ""A"", ""dim"": 30, ""method"": ""frozen_reference_scvi"", ""metric"": ""within_label_silhouette__sample_ID"", ""population"": ""query"", ""stat"": ""na_code""}"
Table S7-01753,si,Table S7,-0.001,summary,"{""block"": ""A"", ""dim"": 30, ""method"": ""frozen_reference_scvi"", ""metric"": ""within_label_silhouette__sample_ID"", ""population"": ""reference"", ""stat"": ""mean""}"
Table S7-01754,si,Table S7,0.009,summary,"{""block"": ""A"", ""dim"": 30, ""method"": ""frozen_reference_scvi"", ""metric"": ""within_label_silhouette__sample_ID"", ""population"": ""reference"", ""stat"": ""sd""}"
Table S7-01755,si,Table S7,1/1,summary,"{""block"": ""A"", ""dim"": 30, ""method"": ""frozen_reference_scvi"", ""metric"": ""within_label_silhouette__sample_ID"", ""population"": ""reference"", ""stat"": ""D""}"
Table S7-01756,si,Table S7,3/3,summary,"{""block"": ""A"", ""dim"": 30, ""method"": ""frozen_reference_scvi"", ""metric"": ""within_label_silhouette__sample_ID"", ""population"": ""reference"", ""stat"": ""B""}"
Table S7-01757,si,Table S7,15/15,summary,"{""block"": ""A"", ""dim"": 30, ""method"": ""frozen_reference_scvi"", ""metric"": ""within_label_silhouette__sample_ID"", ""population"": ""reference"", ""stat"": ""F""}"
Table S7-01758,si,Table S7,S,summary,"{""block"": ""A"", ""dim"": 30, ""method"": ""frozen_reference_scvi"", ""metric"": ""within_label_silhouette__sample_ID"", ""population"": ""reference"", ""stat"": ""na_code""}"
Table S7-01759,si,Table S7,0.009,summary,"{""block"": ""A"", ""dim"": 30, ""method"": ""frozen_reference_scvi"", ""metric"": ""within_label_silhouette__study"", ""population"": ""joint"", ""stat"": ""mean""}"
Table S7-01760,si,Table S7,0.022,summary,"{""block"": ""A"", ""dim"": 30, ""method"": ""frozen_reference_scvi"", ""metric"": ""within_label_silhouette__study"", ""population"": ""joint"", ""stat"": ""sd""}"
Table S7-01761,si,Table S7,1/1,summary,"{""block"": ""A"", ""dim"": 30, ""method"": ""frozen_reference_scvi"", ""metric"": ""within_label_silhouette__study"", ""population"": ""joint"", ""stat"": ""D""}"
Table S7-01762,si,Table S7,3/3,summary,"{""block"": ""A"", ""dim"": 30, ""method"": ""frozen_reference_scvi"", ""metric"": ""within_label_silhouette__study"", ""population"": ""joint"", ""stat"": ""B""}"
Table S7-01763,si,Table S7,15/15,summary,"{""block"": ""A"", ""dim"": 30, ""method"": ""frozen_reference_scvi"", ""metric"": ""within_label_silhouette__study"", ""population"": ""joint"", ""stat"": ""F""}"
Table S7-01764,si,Table S7,S,summary,"{""block"": ""A"", ""dim"": 30, ""method"": ""frozen_reference_scvi"", ""metric"": ""within_label_silhouette__study"", ""population"": ""joint"", ""stat"": ""na_code""}"
Table S7-01765,si,Table S7,NA,summary,"{""block"": ""A"", ""dim"": 30, ""method"": ""frozen_reference_scvi"", ""metric"": ""within_label_silhouette__study"", ""population"": ""query"", ""stat"": ""mean""}"
Table S7-01766,si,Table S7,–,summary,"{""block"": ""A"", ""dim"": 30, ""method"": ""frozen_reference_scvi"", ""metric"": ""within_label_silhouette__study"", ""population"": ""query"", ""stat"": ""sd""}"
Table S7-01767,si,Table S7,0/1,summary,"{""block"": ""A"", ""dim"": 30, ""method"": ""frozen_reference_scvi"", ""metric"": ""within_label_silhouette__study"", ""population"": ""query"", ""stat"": ""D""}"
Table S7-01768,si,Table S7,0/3,summary,"{""block"": ""A"", ""dim"": 30, ""method"": ""frozen_reference_scvi"", ""metric"": ""within_label_silhouette__study"", ""population"": ""query"", ""stat"": ""B""}"
Table S7-01769,si,Table S7,0/15,summary,"{""block"": ""A"", ""dim"": 30, ""method"": ""frozen_reference_scvi"", ""metric"": ""within_label_silhouette__study"", ""population"": ""query"", ""stat"": ""F""}"
Table S7-01770,si,Table S7,"C,S",summary,"{""block"": ""A"", ""dim"": 30, ""method"": ""frozen_reference_scvi"", ""metric"": ""within_label_silhouette__study"", ""population"": ""query"", ""stat"": ""na_code""}"
Table S7-01771,si,Table S7,-0.001,summary,"{""block"": ""A"", ""dim"": 30, ""method"": ""frozen_reference_scvi"", ""metric"": ""within_label_silhouette__study"", ""population"": ""reference"", ""stat"": ""mean""}"
Table S7-01772,si,Table S7,0.009,summary,"{""block"": ""A"", ""dim"": 30, ""method"": ""frozen_reference_scvi"", ""metric"": ""within_label_silhouette__study"", ""population"": ""reference"", ""stat"": ""sd""}"
Table S7-01773,si,Table S7,1/1,summary,"{""block"": ""A"", ""dim"": 30, ""method"": ""frozen_reference_scvi"", ""metric"": ""within_label_silhouette__study"", ""population"": ""reference"", ""stat"": ""D""}"
Table S7-01774,si,Table S7,3/3,summary,"{""block"": ""A"", ""dim"": 30, ""method"": ""frozen_reference_scvi"", ""metric"": ""within_label_silhouette__study"", ""population"": ""reference"", ""stat"": ""B""}"
Table S7-01775,si,Table S7,15/15,summary,"{""block"": ""A"", ""dim"": 30, ""method"": ""frozen_reference_scvi"", ""metric"": ""within_label_silhouette__study"", ""population"": ""reference"", ""stat"": ""F""}"
Table S7-01776,si,Table S7,S,summary,"{""block"": ""A"", ""dim"": 30, ""method"": ""frozen_reference_scvi"", ""metric"": ""within_label_silhouette__study"", ""population"": ""reference"", ""stat"": ""na_code""}"
Table S7-01777,si,Table S7,0.389,summary,"{""block"": ""A"", ""dim"": 30, ""method"": ""frozen_reference_scanvi"", ""metric"": ""ARI_cluster/label"", ""population"": ""joint"", ""stat"": ""mean""}"
Table S7-01778,si,Table S7,0.082,summary,"{""block"": ""A"", ""dim"": 30, ""method"": ""frozen_reference_scanvi"", ""metric"": ""ARI_cluster/label"", ""population"": ""joint"", ""stat"": ""sd""}"
Table S7-01779,si,Table S7,3/3,summary,"{""block"": ""A"", ""dim"": 30, ""method"": ""frozen_reference_scanvi"", ""metric"": ""ARI_cluster/label"", ""population"": ""joint"", ""stat"": ""D""}"
Table S7-01780,si,Table S7,9/9,summary,"{""block"": ""A"", ""dim"": 30, ""method"": ""frozen_reference_scanvi"", ""metric"": ""ARI_cluster/label"", ""population"": ""joint"", ""stat"": ""B""}"
Table S7-01781,si,Table S7,45/45,summary,"{""block"": ""A"", ""dim"": 30, ""method"": ""frozen_reference_scanvi"", ""metric"": ""ARI_cluster/label"", ""population"": ""joint"", ""stat"": ""F""}"
Table S7-01782,si,Table S7,–,summary,"{""block"": ""A"", ""dim"": 30, ""method"": ""frozen_reference_scanvi"", ""metric"": ""ARI_cluster/label"", ""population"": ""joint"", ""stat"": ""na_code""}"
Table S7-01783,si,Table S7,0.657,summary,"{""block"": ""A"", ""dim"": 30, ""method"": ""frozen_reference_scanvi"", ""metric"": ""ASW_label"", ""population"": ""joint"", ""stat"": ""mean""}"
Table S7-01784,si,Table S7,0.018,summary,"{""block"": ""A"", ""dim"": 30, ""method"": ""frozen_reference_scanvi"", ""metric"": ""ASW_label"", ""population"": ""joint"", ""stat"": ""sd""}"
Table S7-01785,si,Table S7,3/3,summary,"{""block"": ""A"", ""dim"": 30, ""method"": ""frozen_reference_scanvi"", ""metric"": ""ASW_label"", ""population"": ""joint"", ""stat"": ""D""}"
Table S7-01786,si,Table S7,9/9,summary,"{""block"": ""A"", ""dim"": 30, ""method"": ""frozen_reference_scanvi"", ""metric"": ""ASW_label"", ""population"": ""joint"", ""stat"": ""B""}"
Table S7-01787,si,Table S7,45/45,summary,"{""block"": ""A"", ""dim"": 30, ""method"": ""frozen_reference_scanvi"", ""metric"": ""ASW_label"", ""population"": ""joint"", ""stat"": ""F""}"
Table S7-01788,si,Table S7,–,summary,"{""block"": ""A"", ""dim"": 30, ""method"": ""frozen_reference_scanvi"", ""metric"": ""ASW_label"", ""population"": ""joint"", ""stat"": ""na_code""}"
Table S7-01789,si,Table S7,0.867,summary,"{""block"": ""A"", ""dim"": 30, ""method"": ""frozen_reference_scanvi"", ""metric"": ""ASW_label/batch"", ""population"": ""joint"", ""stat"": ""mean""}"
Table S7-01790,si,Table S7,0.015,summary,"{""block"": ""A"", ""dim"": 30, ""method"": ""frozen_reference_scanvi"", ""metric"": ""ASW_label/batch"", ""population"": ""joint"", ""stat"": ""sd""}"
Table S7-01791,si,Table S7,3/3,summary,"{""block"": ""A"", ""dim"": 30, ""method"": ""frozen_reference_scanvi"", ""metric"": ""ASW_label/batch"", ""population"": ""joint"", ""stat"": ""D""}"
Table S7-01792,si,Table S7,9/9,summary,"{""block"": ""A"", ""dim"": 30, ""method"": ""frozen_reference_scanvi"", ""metric"": ""ASW_label/batch"", ""population"": ""joint"", ""stat"": ""B""}"
Table S7-01793,si,Table S7,45/45,summary,"{""block"": ""A"", ""dim"": 30, ""method"": ""frozen_reference_scanvi"", ""metric"": ""ASW_label/batch"", ""population"": ""joint"", ""stat"": ""F""}"
Table S7-01794,si,Table S7,–,summary,"{""block"": ""A"", ""dim"": 30, ""method"": ""frozen_reference_scanvi"", ""metric"": ""ASW_label/batch"", ""population"": ""joint"", ""stat"": ""na_code""}"
Table S7-01795,si,Table S7,0.753,summary,"{""block"": ""A"", ""dim"": 30, ""method"": ""frozen_reference_scanvi"", ""metric"": ""NMI_cluster/label"", ""population"": ""joint"", ""stat"": ""mean""}"
Table S7-01796,si,Table S7,0.046,summary,"{""block"": ""A"", ""dim"": 30, ""method"": ""frozen_reference_scanvi"", ""metric"": ""NMI_cluster/label"", ""population"": ""joint"", ""stat"": ""sd""}"
Table S7-01797,si,Table S7,3/3,summary,"{""block"": ""A"", ""dim"": 30, ""method"": ""frozen_reference_scanvi"", ""metric"": ""NMI_cluster/label"", ""population"": ""joint"", ""stat"": ""D""}"
Table S7-01798,si,Table S7,9/9,summary,"{""block"": ""A"", ""dim"": 30, ""method"": ""frozen_reference_scanvi"", ""metric"": ""NMI_cluster/label"", ""population"": ""joint"", ""stat"": ""B""}"
Table S7-01799,si,Table S7,45/45,summary,"{""block"": ""A"", ""dim"": 30, ""method"": ""frozen_reference_scanvi"", ""metric"": ""NMI_cluster/label"", ""population"": ""joint"", ""stat"": ""F""}"
Table S7-01800,si,Table S7,–,summary,"{""block"": ""A"", ""dim"": 30, ""method"": ""frozen_reference_scanvi"", ""metric"": ""NMI_cluster/label"", ""population"": ""joint"", ""stat"": ""na_code""}"
Table S7-01801,si,Table S7,0.836,summary,"{""block"": ""A"", ""dim"": 30, ""method"": ""frozen_reference_scanvi"", ""metric"": ""PCR_batch"", ""population"": ""joint"", ""stat"": ""mean""}"
Table S7-01802,si,Table S7,0.065,summary,"{""block"": ""A"", ""dim"": 30, ""method"": ""frozen_reference_scanvi"", ""metric"": ""PCR_batch"", ""population"": ""joint"", ""stat"": ""sd""}"
Table S7-01803,si,Table S7,3/3,summary,"{""block"": ""A"", ""dim"": 30, ""method"": ""frozen_reference_scanvi"", ""metric"": ""PCR_batch"", ""population"": ""joint"", ""stat"": ""D""}"
Table S7-01804,si,Table S7,9/9,summary,"{""block"": ""A"", ""dim"": 30, ""method"": ""frozen_reference_scanvi"", ""metric"": ""PCR_batch"", ""population"": ""joint"", ""stat"": ""B""}"
Table S7-01805,si,Table S7,45/45,summary,"{""block"": ""A"", ""dim"": 30, ""method"": ""frozen_reference_scanvi"", ""metric"": ""PCR_batch"", ""population"": ""joint"", ""stat"": ""F""}"
Table S7-01806,si,Table S7,–,summary,"{""block"": ""A"", ""dim"": 30, ""method"": ""frozen_reference_scanvi"", ""metric"": ""PCR_batch"", ""population"": ""joint"", ""stat"": ""na_code""}"
Table S7-01807,si,Table S7,0.882,summary,"{""block"": ""A"", ""dim"": 30, ""method"": ""frozen_reference_scanvi"", ""metric"": ""balanced_accuracy"", ""population"": ""query"", ""stat"": ""mean""}"
Table S7-01808,si,Table S7,0.061,summary,"{""block"": ""A"", ""dim"": 30, ""method"": ""frozen_reference_scanvi"", ""metric"": ""balanced_accuracy"", ""population"": ""query"", ""stat"": ""sd""}"
Table S7-01809,si,Table S7,3/3,summary,"{""block"": ""A"", ""dim"": 30, ""method"": ""frozen_reference_scanvi"", ""metric"": ""balanced_accuracy"", ""population"": ""query"", ""stat"": ""D""}"
Table S7-01810,si,Table S7,9/9,summary,"{""block"": ""A"", ""dim"": 30, ""method"": ""frozen_reference_scanvi"", ""metric"": ""balanced_accuracy"", ""population"": ""query"", ""stat"": ""B""}"
Table S7-01811,si,Table S7,45/45,summary,"{""block"": ""A"", ""dim"": 30, ""method"": ""frozen_reference_scanvi"", ""metric"": ""balanced_accuracy"", ""population"": ""query"", ""stat"": ""F""}"
Table S7-01812,si,Table S7,–,summary,"{""block"": ""A"", ""dim"": 30, ""method"": ""frozen_reference_scanvi"", ""metric"": ""balanced_accuracy"", ""population"": ""query"", ""stat"": ""na_code""}"
Table S7-01813,si,Table S7,1.000,summary,"{""block"": ""A"", ""dim"": 30, ""method"": ""frozen_reference_scanvi"", ""metric"": ""cLISI"", ""population"": ""joint"", ""stat"": ""mean""}"
Table S7-01814,si,Table S7,0.000,summary,"{""block"": ""A"", ""dim"": 30, ""method"": ""frozen_reference_scanvi"", ""metric"": ""cLISI"", ""population"": ""joint"", ""stat"": ""sd""}"
Table S7-01815,si,Table S7,3/3,summary,"{""block"": ""A"", ""dim"": 30, ""method"": ""frozen_reference_scanvi"", ""metric"": ""cLISI"", ""population"": ""joint"", ""stat"": ""D""}"
Table S7-01816,si,Table S7,9/9,summary,"{""block"": ""A"", ""dim"": 30, ""method"": ""frozen_reference_scanvi"", ""metric"": ""cLISI"", ""population"": ""joint"", ""stat"": ""B""}"
Table S7-01817,si,Table S7,45/45,summary,"{""block"": ""A"", ""dim"": 30, ""method"": ""frozen_reference_scanvi"", ""metric"": ""cLISI"", ""population"": ""joint"", ""stat"": ""F""}"
Table S7-01818,si,Table S7,–,summary,"{""block"": ""A"", ""dim"": 30, ""method"": ""frozen_reference_scanvi"", ""metric"": ""cLISI"", ""population"": ""joint"", ""stat"": ""na_code""}"
Table S7-01819,si,Table S7,0.604,summary,"{""block"": ""A"", ""dim"": 30, ""method"": ""frozen_reference_scanvi"", ""metric"": ""cell_cycle_conservation"", ""population"": ""joint"", ""stat"": ""mean""}"
Table S7-01820,si,Table S7,0.159,summary,"{""block"": ""A"", ""dim"": 30, ""method"": ""frozen_reference_scanvi"", ""metric"": ""cell_cycle_conservation"", ""population"": ""joint"", ""stat"": ""sd""}"
Table S7-01821,si,Table S7,3/3,summary,"{""block"": ""A"", ""dim"": 30, ""method"": ""frozen_reference_scanvi"", ""metric"": ""cell_cycle_conservation"", ""population"": ""joint"", ""stat"": ""D""}"
Table S7-01822,si,Table S7,9/9,summary,"{""block"": ""A"", ""dim"": 30, ""method"": ""frozen_reference_scanvi"", ""metric"": ""cell_cycle_conservation"", ""population"": ""joint"", ""stat"": ""B""}"
Table S7-01823,si,Table S7,45/45,summary,"{""block"": ""A"", ""dim"": 30, ""method"": ""frozen_reference_scanvi"", ""metric"": ""cell_cycle_conservation"", ""population"": ""joint"", ""stat"": ""F""}"
Table S7-01824,si,Table S7,–,summary,"{""block"": ""A"", ""dim"": 30, ""method"": ""frozen_reference_scanvi"", ""metric"": ""cell_cycle_conservation"", ""population"": ""joint"", ""stat"": ""na_code""}"
Table S7-01825,si,Table S7,NA,summary,"{""block"": ""A"", ""dim"": 30, ""method"": ""frozen_reference_scanvi"", ""metric"": ""hvg_overlap"", ""population"": ""joint"", ""stat"": ""mean""}"
Table S7-01826,si,Table S7,–,summary,"{""block"": ""A"", ""dim"": 30, ""method"": ""frozen_reference_scanvi"", ""metric"": ""hvg_overlap"", ""population"": ""joint"", ""stat"": ""sd""}"
Table S7-01827,si,Table S7,0/3,summary,"{""block"": ""A"", ""dim"": 30, ""method"": ""frozen_reference_scanvi"", ""metric"": ""hvg_overlap"", ""population"": ""joint"", ""stat"": ""D""}"
Table S7-01828,si,Table S7,0/9,summary,"{""block"": ""A"", ""dim"": 30, ""method"": ""frozen_reference_scanvi"", ""metric"": ""hvg_overlap"", ""population"": ""joint"", ""stat"": ""B""}"
Table S7-01829,si,Table S7,0/45,summary,"{""block"": ""A"", ""dim"": 30, ""method"": ""frozen_reference_scanvi"", ""metric"": ""hvg_overlap"", ""population"": ""joint"", ""stat"": ""F""}"
Table S7-01830,si,Table S7,H,summary,"{""block"": ""A"", ""dim"": 30, ""method"": ""frozen_reference_scanvi"", ""metric"": ""hvg_overlap"", ""population"": ""joint"", ""stat"": ""na_code""}"
Table S7-01831,si,Table S7,1.902,summary,"{""block"": ""A"", ""dim"": 30, ""method"": ""frozen_reference_scanvi"", ""metric"": ""iLISI"", ""population"": ""joint"", ""stat"": ""mean""}"
Table S7-01832,si,Table S7,0.189,summary,"{""block"": ""A"", ""dim"": 30, ""method"": ""frozen_reference_scanvi"", ""metric"": ""iLISI"", ""population"": ""joint"", ""stat"": ""sd""}"
Table S7-01833,si,Table S7,3/3,summary,"{""block"": ""A"", ""dim"": 30, ""method"": ""frozen_reference_scanvi"", ""metric"": ""iLISI"", ""population"": ""joint"", ""stat"": ""D""}"
Table S7-01834,si,Table S7,9/9,summary,"{""block"": ""A"", ""dim"": 30, ""method"": ""frozen_reference_scanvi"", ""metric"": ""iLISI"", ""population"": ""joint"", ""stat"": ""B""}"
Table S7-01835,si,Table S7,45/45,summary,"{""block"": ""A"", ""dim"": 30, ""method"": ""frozen_reference_scanvi"", ""metric"": ""iLISI"", ""population"": ""joint"", ""stat"": ""F""}"
Table S7-01836,si,Table S7,–,summary,"{""block"": ""A"", ""dim"": 30, ""method"": ""frozen_reference_scanvi"", ""metric"": ""iLISI"", ""population"": ""joint"", ""stat"": ""na_code""}"
Table S7-01837,si,Table S7,0.501,summary,"{""block"": ""A"", ""dim"": 30, ""method"": ""frozen_reference_scanvi"", ""metric"": ""isolated_label_silhouette"", ""population"": ""joint"", ""stat"": ""mean""}"
Table S7-01838,si,Table S7,0.010,summary,"{""block"": ""A"", ""dim"": 30, ""method"": ""frozen_reference_scanvi"", ""metric"": ""isolated_label_silhouette"", ""population"": ""joint"", ""stat"": ""sd""}"
Table S7-01839,si,Table S7,3/3,summary,"{""block"": ""A"", ""dim"": 30, ""method"": ""frozen_reference_scanvi"", ""metric"": ""isolated_label_silhouette"", ""population"": ""joint"", ""stat"": ""D""}"
Table S7-01840,si,Table S7,9/9,summary,"{""block"": ""A"", ""dim"": 30, ""method"": ""frozen_reference_scanvi"", ""metric"": ""isolated_label_silhouette"", ""population"": ""joint"", ""stat"": ""B""}"
Table S7-01841,si,Table S7,45/45,summary,"{""block"": ""A"", ""dim"": 30, ""method"": ""frozen_reference_scanvi"", ""metric"": ""isolated_label_silhouette"", ""population"": ""joint"", ""stat"": ""F""}"
Table S7-01842,si,Table S7,–,summary,"{""block"": ""A"", ""dim"": 30, ""method"": ""frozen_reference_scanvi"", ""metric"": ""isolated_label_silhouette"", ""population"": ""joint"", ""stat"": ""na_code""}"
Table S7-01843,si,Table S7,0.838,summary,"{""block"": ""A"", ""dim"": 30, ""method"": ""frozen_reference_scanvi"", ""metric"": ""macro_f1"", ""population"": ""query"", ""stat"": ""mean""}"
Table S7-01844,si,Table S7,0.087,summary,"{""block"": ""A"", ""dim"": 30, ""method"": ""frozen_reference_scanvi"", ""metric"": ""macro_f1"", ""population"": ""query"", ""stat"": ""sd""}"
Table S7-01845,si,Table S7,3/3,summary,"{""block"": ""A"", ""dim"": 30, ""method"": ""frozen_reference_scanvi"", ""metric"": ""macro_f1"", ""population"": ""query"", ""stat"": ""D""}"
Table S7-01846,si,Table S7,9/9,summary,"{""block"": ""A"", ""dim"": 30, ""method"": ""frozen_reference_scanvi"", ""metric"": ""macro_f1"", ""population"": ""query"", ""stat"": ""B""}"
Table S7-01847,si,Table S7,45/45,summary,"{""block"": ""A"", ""dim"": 30, ""method"": ""frozen_reference_scanvi"", ""metric"": ""macro_f1"", ""population"": ""query"", ""stat"": ""F""}"
Table S7-01848,si,Table S7,–,summary,"{""block"": ""A"", ""dim"": 30, ""method"": ""frozen_reference_scanvi"", ""metric"": ""macro_f1"", ""population"": ""query"", ""stat"": ""na_code""}"
Table S7-01849,si,Table S7,0.886,summary,"{""block"": ""A"", ""dim"": 30, ""method"": ""frozen_reference_scanvi"", ""metric"": ""pseudotime_smoothness"", ""population"": ""joint"", ""stat"": ""mean""}"
Table S7-01850,si,Table S7,0.001,summary,"{""block"": ""A"", ""dim"": 30, ""method"": ""frozen_reference_scanvi"", ""metric"": ""pseudotime_smoothness"", ""population"": ""joint"", ""stat"": ""sd""}"
Table S7-01851,si,Table S7,1/1,summary,"{""block"": ""A"", ""dim"": 30, ""method"": ""frozen_reference_scanvi"", ""metric"": ""pseudotime_smoothness"", ""population"": ""joint"", ""stat"": ""D""}"
Table S7-01852,si,Table S7,3/3,summary,"{""block"": ""A"", ""dim"": 30, ""method"": ""frozen_reference_scanvi"", ""metric"": ""pseudotime_smoothness"", ""population"": ""joint"", ""stat"": ""B""}"
Table S7-01853,si,Table S7,15/15,summary,"{""block"": ""A"", ""dim"": 30, ""method"": ""frozen_reference_scanvi"", ""metric"": ""pseudotime_smoothness"", ""population"": ""joint"", ""stat"": ""F""}"
Table S7-01854,si,Table S7,S,summary,"{""block"": ""A"", ""dim"": 30, ""method"": ""frozen_reference_scanvi"", ""metric"": ""pseudotime_smoothness"", ""population"": ""joint"", ""stat"": ""na_code""}"
Table S7-01855,si,Table S7,0.970,summary,"{""block"": ""A"", ""dim"": 30, ""method"": ""frozen_reference_scanvi"", ""metric"": ""pseudotime_smoothness"", ""population"": ""query"", ""stat"": ""mean""}"
Table S7-01856,si,Table S7,–,summary,"{""block"": ""A"", ""dim"": 30, ""method"": ""frozen_reference_scanvi"", ""metric"": ""pseudotime_smoothness"", ""population"": ""query"", ""stat"": ""sd""}"
Table S7-01857,si,Table S7,1/1,summary,"{""block"": ""A"", ""dim"": 30, ""method"": ""frozen_reference_scanvi"", ""metric"": ""pseudotime_smoothness"", ""population"": ""query"", ""stat"": ""D""}"
Table S7-01858,si,Table S7,1/3,summary,"{""block"": ""A"", ""dim"": 30, ""method"": ""frozen_reference_scanvi"", ""metric"": ""pseudotime_smoothness"", ""population"": ""query"", ""stat"": ""B""}"
Table S7-01859,si,Table S7,5/15,summary,"{""block"": ""A"", ""dim"": 30, ""method"": ""frozen_reference_scanvi"", ""metric"": ""pseudotime_smoothness"", ""population"": ""query"", ""stat"": ""F""}"
Table S7-01860,si,Table S7,"P,S",summary,"{""block"": ""A"", ""dim"": 30, ""method"": ""frozen_reference_scanvi"", ""metric"": ""pseudotime_smoothness"", ""population"": ""query"", ""stat"": ""na_code""}"
Table S7-01861,si,Table S7,0.868,summary,"{""block"": ""A"", ""dim"": 30, ""method"": ""frozen_reference_scanvi"", ""metric"": ""pseudotime_smoothness"", ""population"": ""reference"", ""stat"": ""mean""}"
Table S7-01862,si,Table S7,0.030,summary,"{""block"": ""A"", ""dim"": 30, ""method"": ""frozen_reference_scanvi"", ""metric"": ""pseudotime_smoothness"", ""population"": ""reference"", ""stat"": ""sd""}"
Table S7-01863,si,Table S7,1/1,summary,"{""block"": ""A"", ""dim"": 30, ""method"": ""frozen_reference_scanvi"", ""metric"": ""pseudotime_smoothness"", ""population"": ""reference"", ""stat"": ""D""}"
Table S7-01864,si,Table S7,3/3,summary,"{""block"": ""A"", ""dim"": 30, ""method"": ""frozen_reference_scanvi"", ""metric"": ""pseudotime_smoothness"", ""population"": ""reference"", ""stat"": ""B""}"
Table S7-01865,si,Table S7,15/15,summary,"{""block"": ""A"", ""dim"": 30, ""method"": ""frozen_reference_scanvi"", ""metric"": ""pseudotime_smoothness"", ""population"": ""reference"", ""stat"": ""F""}"
Table S7-01866,si,Table S7,S,summary,"{""block"": ""A"", ""dim"": 30, ""method"": ""frozen_reference_scanvi"", ""metric"": ""pseudotime_smoothness"", ""population"": ""reference"", ""stat"": ""na_code""}"
Table S7-01867,si,Table S7,0.855,summary,"{""block"": ""A"", ""dim"": 30, ""method"": ""frozen_reference_scanvi"", ""metric"": ""trajectory"", ""population"": ""joint"", ""stat"": ""mean""}"
Table S7-01868,si,Table S7,0.003,summary,"{""block"": ""A"", ""dim"": 30, ""method"": ""frozen_reference_scanvi"", ""metric"": ""trajectory"", ""population"": ""joint"", ""stat"": ""sd""}"
Table S7-01869,si,Table S7,1/1,summary,"{""block"": ""A"", ""dim"": 30, ""method"": ""frozen_reference_scanvi"", ""metric"": ""trajectory"", ""population"": ""joint"", ""stat"": ""D""}"
Table S7-01870,si,Table S7,3/3,summary,"{""block"": ""A"", ""dim"": 30, ""method"": ""frozen_reference_scanvi"", ""metric"": ""trajectory"", ""population"": ""joint"", ""stat"": ""B""}"
Table S7-01871,si,Table S7,15/15,summary,"{""block"": ""A"", ""dim"": 30, ""method"": ""frozen_reference_scanvi"", ""metric"": ""trajectory"", ""population"": ""joint"", ""stat"": ""F""}"
Table S7-01872,si,Table S7,T,summary,"{""block"": ""A"", ""dim"": 30, ""method"": ""frozen_reference_scanvi"", ""metric"": ""trajectory"", ""population"": ""joint"", ""stat"": ""na_code""}"
Table S7-01873,si,Table S7,0.910,summary,"{""block"": ""A"", ""dim"": 30, ""method"": ""frozen_reference_scanvi"", ""metric"": ""trustworthiness"", ""population"": ""joint"", ""stat"": ""mean""}"
Table S7-01874,si,Table S7,0.018,summary,"{""block"": ""A"", ""dim"": 30, ""method"": ""frozen_reference_scanvi"", ""metric"": ""trustworthiness"", ""population"": ""joint"", ""stat"": ""sd""}"
Table S7-01875,si,Table S7,2/2,summary,"{""block"": ""A"", ""dim"": 30, ""method"": ""frozen_reference_scanvi"", ""metric"": ""trustworthiness"", ""population"": ""joint"", ""stat"": ""D""}"
Table S7-01876,si,Table S7,6/6,summary,"{""block"": ""A"", ""dim"": 30, ""method"": ""frozen_reference_scanvi"", ""metric"": ""trustworthiness"", ""population"": ""joint"", ""stat"": ""B""}"
Table S7-01877,si,Table S7,30/30,summary,"{""block"": ""A"", ""dim"": 30, ""method"": ""frozen_reference_scanvi"", ""metric"": ""trustworthiness"", ""population"": ""joint"", ""stat"": ""F""}"
Table S7-01878,si,Table S7,S,summary,"{""block"": ""A"", ""dim"": 30, ""method"": ""frozen_reference_scanvi"", ""metric"": ""trustworthiness"", ""population"": ""joint"", ""stat"": ""na_code""}"
Table S7-01879,si,Table S7,0.949,summary,"{""block"": ""A"", ""dim"": 30, ""method"": ""frozen_reference_scanvi"", ""metric"": ""trustworthiness"", ""population"": ""query"", ""stat"": ""mean""}"
Table S7-01880,si,Table S7,0.018,summary,"{""block"": ""A"", ""dim"": 30, ""method"": ""frozen_reference_scanvi"", ""metric"": ""trustworthiness"", ""population"": ""query"", ""stat"": ""sd""}"
Table S7-01881,si,Table S7,2/2,summary,"{""block"": ""A"", ""dim"": 30, ""method"": ""frozen_reference_scanvi"", ""metric"": ""trustworthiness"", ""population"": ""query"", ""stat"": ""D""}"
Table S7-01882,si,Table S7,6/6,summary,"{""block"": ""A"", ""dim"": 30, ""method"": ""frozen_reference_scanvi"", ""metric"": ""trustworthiness"", ""population"": ""query"", ""stat"": ""B""}"
Table S7-01883,si,Table S7,30/30,summary,"{""block"": ""A"", ""dim"": 30, ""method"": ""frozen_reference_scanvi"", ""metric"": ""trustworthiness"", ""population"": ""query"", ""stat"": ""F""}"
Table S7-01884,si,Table S7,S,summary,"{""block"": ""A"", ""dim"": 30, ""method"": ""frozen_reference_scanvi"", ""metric"": ""trustworthiness"", ""population"": ""query"", ""stat"": ""na_code""}"
Table S7-01885,si,Table S7,0.906,summary,"{""block"": ""A"", ""dim"": 30, ""method"": ""frozen_reference_scanvi"", ""metric"": ""trustworthiness"", ""population"": ""reference"", ""stat"": ""mean""}"
Table S7-01886,si,Table S7,0.021,summary,"{""block"": ""A"", ""dim"": 30, ""method"": ""frozen_reference_scanvi"", ""metric"": ""trustworthiness"", ""population"": ""reference"", ""stat"": ""sd""}"
Table S7-01887,si,Table S7,2/2,summary,"{""block"": ""A"", ""dim"": 30, ""method"": ""frozen_reference_scanvi"", ""metric"": ""trustworthiness"", ""population"": ""reference"", ""stat"": ""D""}"
Table S7-01888,si,Table S7,6/6,summary,"{""block"": ""A"", ""dim"": 30, ""method"": ""frozen_reference_scanvi"", ""metric"": ""trustworthiness"", ""population"": ""reference"", ""stat"": ""B""}"
Table S7-01889,si,Table S7,30/30,summary,"{""block"": ""A"", ""dim"": 30, ""method"": ""frozen_reference_scanvi"", ""metric"": ""trustworthiness"", ""population"": ""reference"", ""stat"": ""F""}"
Table S7-01890,si,Table S7,S,summary,"{""block"": ""A"", ""dim"": 30, ""method"": ""frozen_reference_scanvi"", ""metric"": ""trustworthiness"", ""population"": ""reference"", ""stat"": ""na_code""}"
Table S7-01891,si,Table S7,-0.060,summary,"{""block"": ""A"", ""dim"": 30, ""method"": ""frozen_reference_scanvi"", ""metric"": ""within_label_silhouette__donor"", ""population"": ""joint"", ""stat"": ""mean""}"
Table S7-01892,si,Table S7,0.003,summary,"{""block"": ""A"", ""dim"": 30, ""method"": ""frozen_reference_scanvi"", ""metric"": ""within_label_silhouette__donor"", ""population"": ""joint"", ""stat"": ""sd""}"
Table S7-01893,si,Table S7,1/1,summary,"{""block"": ""A"", ""dim"": 30, ""method"": ""frozen_reference_scanvi"", ""metric"": ""within_label_silhouette__donor"", ""population"": ""joint"", ""stat"": ""D""}"
Table S7-01894,si,Table S7,3/3,summary,"{""block"": ""A"", ""dim"": 30, ""method"": ""frozen_reference_scanvi"", ""metric"": ""within_label_silhouette__donor"", ""population"": ""joint"", ""stat"": ""B""}"
Table S7-01895,si,Table S7,15/15,summary,"{""block"": ""A"", ""dim"": 30, ""method"": ""frozen_reference_scanvi"", ""metric"": ""within_label_silhouette__donor"", ""population"": ""joint"", ""stat"": ""F""}"
Table S7-01896,si,Table S7,S,summary,"{""block"": ""A"", ""dim"": 30, ""method"": ""frozen_reference_scanvi"", ""metric"": ""within_label_silhouette__donor"", ""population"": ""joint"", ""stat"": ""na_code""}"
Table S7-01897,si,Table S7,NA,summary,"{""block"": ""A"", ""dim"": 30, ""method"": ""frozen_reference_scanvi"", ""metric"": ""within_label_silhouette__donor"", ""population"": ""query"", ""stat"": ""mean""}"
Table S7-01898,si,Table S7,–,summary,"{""block"": ""A"", ""dim"": 30, ""method"": ""frozen_reference_scanvi"", ""metric"": ""within_label_silhouette__donor"", ""population"": ""query"", ""stat"": ""sd""}"
Table S7-01899,si,Table S7,0/1,summary,"{""block"": ""A"", ""dim"": 30, ""method"": ""frozen_reference_scanvi"", ""metric"": ""within_label_silhouette__donor"", ""population"": ""query"", ""stat"": ""D""}"
Table S7-01900,si,Table S7,0/3,summary,"{""block"": ""A"", ""dim"": 30, ""method"": ""frozen_reference_scanvi"", ""metric"": ""within_label_silhouette__donor"", ""population"": ""query"", ""stat"": ""B""}"
Table S7-01901,si,Table S7,0/15,summary,"{""block"": ""A"", ""dim"": 30, ""method"": ""frozen_reference_scanvi"", ""metric"": ""within_label_silhouette__donor"", ""population"": ""query"", ""stat"": ""F""}"
Table S7-01902,si,Table S7,"C,S",summary,"{""block"": ""A"", ""dim"": 30, ""method"": ""frozen_reference_scanvi"", ""metric"": ""within_label_silhouette__donor"", ""population"": ""query"", ""stat"": ""na_code""}"
Table S7-01903,si,Table S7,-0.057,summary,"{""block"": ""A"", ""dim"": 30, ""method"": ""frozen_reference_scanvi"", ""metric"": ""within_label_silhouette__donor"", ""population"": ""reference"", ""stat"": ""mean""}"
Table S7-01904,si,Table S7,0.002,summary,"{""block"": ""A"", ""dim"": 30, ""method"": ""frozen_reference_scanvi"", ""metric"": ""within_label_silhouette__donor"", ""population"": ""reference"", ""stat"": ""sd""}"
Table S7-01905,si,Table S7,1/1,summary,"{""block"": ""A"", ""dim"": 30, ""method"": ""frozen_reference_scanvi"", ""metric"": ""within_label_silhouette__donor"", ""population"": ""reference"", ""stat"": ""D""}"
Table S7-01906,si,Table S7,3/3,summary,"{""block"": ""A"", ""dim"": 30, ""method"": ""frozen_reference_scanvi"", ""metric"": ""within_label_silhouette__donor"", ""population"": ""reference"", ""stat"": ""B""}"
Table S7-01907,si,Table S7,15/15,summary,"{""block"": ""A"", ""dim"": 30, ""method"": ""frozen_reference_scanvi"", ""metric"": ""within_label_silhouette__donor"", ""population"": ""reference"", ""stat"": ""F""}"
Table S7-01908,si,Table S7,S,summary,"{""block"": ""A"", ""dim"": 30, ""method"": ""frozen_reference_scanvi"", ""metric"": ""within_label_silhouette__donor"", ""population"": ""reference"", ""stat"": ""na_code""}"
Table S7-01909,si,Table S7,0.106,summary,"{""block"": ""A"", ""dim"": 30, ""method"": ""frozen_reference_scanvi"", ""metric"": ""within_label_silhouette__patientGroup"", ""population"": ""joint"", ""stat"": ""mean""}"
Table S7-01910,si,Table S7,0.004,summary,"{""block"": ""A"", ""dim"": 30, ""method"": ""frozen_reference_scanvi"", ""metric"": ""within_label_silhouette__patientGroup"", ""population"": ""joint"", ""stat"": ""sd""}"
Table S7-01911,si,Table S7,1/1,summary,"{""block"": ""A"", ""dim"": 30, ""method"": ""frozen_reference_scanvi"", ""metric"": ""within_label_silhouette__patientGroup"", ""population"": ""joint"", ""stat"": ""D""}"
Table S7-01912,si,Table S7,3/3,summary,"{""block"": ""A"", ""dim"": 30, ""method"": ""frozen_reference_scanvi"", ""metric"": ""within_label_silhouette__patientGroup"", ""population"": ""joint"", ""stat"": ""B""}"
Table S7-01913,si,Table S7,15/15,summary,"{""block"": ""A"", ""dim"": 30, ""method"": ""frozen_reference_scanvi"", ""metric"": ""within_label_silhouette__patientGroup"", ""population"": ""joint"", ""stat"": ""F""}"
Table S7-01914,si,Table S7,S,summary,"{""block"": ""A"", ""dim"": 30, ""method"": ""frozen_reference_scanvi"", ""metric"": ""within_label_silhouette__patientGroup"", ""population"": ""joint"", ""stat"": ""na_code""}"
Table S7-01915,si,Table S7,NA,summary,"{""block"": ""A"", ""dim"": 30, ""method"": ""frozen_reference_scanvi"", ""metric"": ""within_label_silhouette__patientGroup"", ""population"": ""query"", ""stat"": ""mean""}"
Table S7-01916,si,Table S7,–,summary,"{""block"": ""A"", ""dim"": 30, ""method"": ""frozen_reference_scanvi"", ""metric"": ""within_label_silhouette__patientGroup"", ""population"": ""query"", ""stat"": ""sd""}"
Table S7-01917,si,Table S7,0/1,summary,"{""block"": ""A"", ""dim"": 30, ""method"": ""frozen_reference_scanvi"", ""metric"": ""within_label_silhouette__patientGroup"", ""population"": ""query"", ""stat"": ""D""}"
Table S7-01918,si,Table S7,0/3,summary,"{""block"": ""A"", ""dim"": 30, ""method"": ""frozen_reference_scanvi"", ""metric"": ""within_label_silhouette__patientGroup"", ""population"": ""query"", ""stat"": ""B""}"
Table S7-01919,si,Table S7,0/15,summary,"{""block"": ""A"", ""dim"": 30, ""method"": ""frozen_reference_scanvi"", ""metric"": ""within_label_silhouette__patientGroup"", ""population"": ""query"", ""stat"": ""F""}"
Table S7-01920,si,Table S7,"C,S",summary,"{""block"": ""A"", ""dim"": 30, ""method"": ""frozen_reference_scanvi"", ""metric"": ""within_label_silhouette__patientGroup"", ""population"": ""query"", ""stat"": ""na_code""}"
Table S7-01921,si,Table S7,0.111,summary,"{""block"": ""A"", ""dim"": 30, ""method"": ""frozen_reference_scanvi"", ""metric"": ""within_label_silhouette__patientGroup"", ""population"": ""reference"", ""stat"": ""mean""}"
Table S7-01922,si,Table S7,0.008,summary,"{""block"": ""A"", ""dim"": 30, ""method"": ""frozen_reference_scanvi"", ""metric"": ""within_label_silhouette__patientGroup"", ""population"": ""reference"", ""stat"": ""sd""}"
Table S7-01923,si,Table S7,1/1,summary,"{""block"": ""A"", ""dim"": 30, ""method"": ""frozen_reference_scanvi"", ""metric"": ""within_label_silhouette__patientGroup"", ""population"": ""reference"", ""stat"": ""D""}"
Table S7-01924,si,Table S7,3/3,summary,"{""block"": ""A"", ""dim"": 30, ""method"": ""frozen_reference_scanvi"", ""metric"": ""within_label_silhouette__patientGroup"", ""population"": ""reference"", ""stat"": ""B""}"
Table S7-01925,si,Table S7,15/15,summary,"{""block"": ""A"", ""dim"": 30, ""method"": ""frozen_reference_scanvi"", ""metric"": ""within_label_silhouette__patientGroup"", ""population"": ""reference"", ""stat"": ""F""}"
Table S7-01926,si,Table S7,S,summary,"{""block"": ""A"", ""dim"": 30, ""method"": ""frozen_reference_scanvi"", ""metric"": ""within_label_silhouette__patientGroup"", ""population"": ""reference"", ""stat"": ""na_code""}"
Table S7-01927,si,Table S7,-0.003,summary,"{""block"": ""A"", ""dim"": 30, ""method"": ""frozen_reference_scanvi"", ""metric"": ""within_label_silhouette__sample_ID"", ""population"": ""joint"", ""stat"": ""mean""}"
Table S7-01928,si,Table S7,0.020,summary,"{""block"": ""A"", ""dim"": 30, ""method"": ""frozen_reference_scanvi"", ""metric"": ""within_label_silhouette__sample_ID"", ""population"": ""joint"", ""stat"": ""sd""}"
Table S7-01929,si,Table S7,1/1,summary,"{""block"": ""A"", ""dim"": 30, ""method"": ""frozen_reference_scanvi"", ""metric"": ""within_label_silhouette__sample_ID"", ""population"": ""joint"", ""stat"": ""D""}"
Table S7-01930,si,Table S7,3/3,summary,"{""block"": ""A"", ""dim"": 30, ""method"": ""frozen_reference_scanvi"", ""metric"": ""within_label_silhouette__sample_ID"", ""population"": ""joint"", ""stat"": ""B""}"
Table S7-01931,si,Table S7,15/15,summary,"{""block"": ""A"", ""dim"": 30, ""method"": ""frozen_reference_scanvi"", ""metric"": ""within_label_silhouette__sample_ID"", ""population"": ""joint"", ""stat"": ""F""}"
Table S7-01932,si,Table S7,S,summary,"{""block"": ""A"", ""dim"": 30, ""method"": ""frozen_reference_scanvi"", ""metric"": ""within_label_silhouette__sample_ID"", ""population"": ""joint"", ""stat"": ""na_code""}"
Table S7-01933,si,Table S7,NA,summary,"{""block"": ""A"", ""dim"": 30, ""method"": ""frozen_reference_scanvi"", ""metric"": ""within_label_silhouette__sample_ID"", ""population"": ""query"", ""stat"": ""mean""}"
Table S7-01934,si,Table S7,–,summary,"{""block"": ""A"", ""dim"": 30, ""method"": ""frozen_reference_scanvi"", ""metric"": ""within_label_silhouette__sample_ID"", ""population"": ""query"", ""stat"": ""sd""}"
Table S7-01935,si,Table S7,0/1,summary,"{""block"": ""A"", ""dim"": 30, ""method"": ""frozen_reference_scanvi"", ""metric"": ""within_label_silhouette__sample_ID"", ""population"": ""query"", ""stat"": ""D""}"
Table S7-01936,si,Table S7,0/3,summary,"{""block"": ""A"", ""dim"": 30, ""method"": ""frozen_reference_scanvi"", ""metric"": ""within_label_silhouette__sample_ID"", ""population"": ""query"", ""stat"": ""B""}"
Table S7-01937,si,Table S7,0/15,summary,"{""block"": ""A"", ""dim"": 30, ""method"": ""frozen_reference_scanvi"", ""metric"": ""within_label_silhouette__sample_ID"", ""population"": ""query"", ""stat"": ""F""}"
Table S7-01938,si,Table S7,"C,S",summary,"{""block"": ""A"", ""dim"": 30, ""method"": ""frozen_reference_scanvi"", ""metric"": ""within_label_silhouette__sample_ID"", ""population"": ""query"", ""stat"": ""na_code""}"
Table S7-01939,si,Table S7,-0.007,summary,"{""block"": ""A"", ""dim"": 30, ""method"": ""frozen_reference_scanvi"", ""metric"": ""within_label_silhouette__sample_ID"", ""population"": ""reference"", ""stat"": ""mean""}"
Table S7-01940,si,Table S7,0.015,summary,"{""block"": ""A"", ""dim"": 30, ""method"": ""frozen_reference_scanvi"", ""metric"": ""within_label_silhouette__sample_ID"", ""population"": ""reference"", ""stat"": ""sd""}"
Table S7-01941,si,Table S7,1/1,summary,"{""block"": ""A"", ""dim"": 30, ""method"": ""frozen_reference_scanvi"", ""metric"": ""within_label_silhouette__sample_ID"", ""population"": ""reference"", ""stat"": ""D""}"
Table S7-01942,si,Table S7,3/3,summary,"{""block"": ""A"", ""dim"": 30, ""method"": ""frozen_reference_scanvi"", ""metric"": ""within_label_silhouette__sample_ID"", ""population"": ""reference"", ""stat"": ""B""}"
Table S7-01943,si,Table S7,15/15,summary,"{""block"": ""A"", ""dim"": 30, ""method"": ""frozen_reference_scanvi"", ""metric"": ""within_label_silhouette__sample_ID"", ""population"": ""reference"", ""stat"": ""F""}"
Table S7-01944,si,Table S7,S,summary,"{""block"": ""A"", ""dim"": 30, ""method"": ""frozen_reference_scanvi"", ""metric"": ""within_label_silhouette__sample_ID"", ""population"": ""reference"", ""stat"": ""na_code""}"
Table S7-01945,si,Table S7,-0.003,summary,"{""block"": ""A"", ""dim"": 30, ""method"": ""frozen_reference_scanvi"", ""metric"": ""within_label_silhouette__study"", ""population"": ""joint"", ""stat"": ""mean""}"
Table S7-01946,si,Table S7,0.020,summary,"{""block"": ""A"", ""dim"": 30, ""method"": ""frozen_reference_scanvi"", ""metric"": ""within_label_silhouette__study"", ""population"": ""joint"", ""stat"": ""sd""}"
Table S7-01947,si,Table S7,1/1,summary,"{""block"": ""A"", ""dim"": 30, ""method"": ""frozen_reference_scanvi"", ""metric"": ""within_label_silhouette__study"", ""population"": ""joint"", ""stat"": ""D""}"
Table S7-01948,si,Table S7,3/3,summary,"{""block"": ""A"", ""dim"": 30, ""method"": ""frozen_reference_scanvi"", ""metric"": ""within_label_silhouette__study"", ""population"": ""joint"", ""stat"": ""B""}"
Table S7-01949,si,Table S7,15/15,summary,"{""block"": ""A"", ""dim"": 30, ""method"": ""frozen_reference_scanvi"", ""metric"": ""within_label_silhouette__study"", ""population"": ""joint"", ""stat"": ""F""}"
Table S7-01950,si,Table S7,S,summary,"{""block"": ""A"", ""dim"": 30, ""method"": ""frozen_reference_scanvi"", ""metric"": ""within_label_silhouette__study"", ""population"": ""joint"", ""stat"": ""na_code""}"
Table S7-01951,si,Table S7,NA,summary,"{""block"": ""A"", ""dim"": 30, ""method"": ""frozen_reference_scanvi"", ""metric"": ""within_label_silhouette__study"", ""population"": ""query"", ""stat"": ""mean""}"
Table S7-01952,si,Table S7,–,summary,"{""block"": ""A"", ""dim"": 30, ""method"": ""frozen_reference_scanvi"", ""metric"": ""within_label_silhouette__study"", ""population"": ""query"", ""stat"": ""sd""}"
Table S7-01953,si,Table S7,0/1,summary,"{""block"": ""A"", ""dim"": 30, ""method"": ""frozen_reference_scanvi"", ""metric"": ""within_label_silhouette__study"", ""population"": ""query"", ""stat"": ""D""}"
Table S7-01954,si,Table S7,0/3,summary,"{""block"": ""A"", ""dim"": 30, ""method"": ""frozen_reference_scanvi"", ""metric"": ""within_label_silhouette__study"", ""population"": ""query"", ""stat"": ""B""}"
Table S7-01955,si,Table S7,0/15,summary,"{""block"": ""A"", ""dim"": 30, ""method"": ""frozen_reference_scanvi"", ""metric"": ""within_label_silhouette__study"", ""population"": ""query"", ""stat"": ""F""}"
Table S7-01956,si,Table S7,"C,S",summary,"{""block"": ""A"", ""dim"": 30, ""method"": ""frozen_reference_scanvi"", ""metric"": ""within_label_silhouette__study"", ""population"": ""query"", ""stat"": ""na_code""}"
Table S7-01957,si,Table S7,-0.007,summary,"{""block"": ""A"", ""dim"": 30, ""method"": ""frozen_reference_scanvi"", ""metric"": ""within_label_silhouette__study"", ""population"": ""reference"", ""stat"": ""mean""}"
Table S7-01958,si,Table S7,0.015,summary,"{""block"": ""A"", ""dim"": 30, ""method"": ""frozen_reference_scanvi"", ""metric"": ""within_label_silhouette__study"", ""population"": ""reference"", ""stat"": ""sd""}"
Table S7-01959,si,Table S7,1/1,summary,"{""block"": ""A"", ""dim"": 30, ""method"": ""frozen_reference_scanvi"", ""metric"": ""within_label_silhouette__study"", ""population"": ""reference"", ""stat"": ""D""}"
Table S7-01960,si,Table S7,3/3,summary,"{""block"": ""A"", ""dim"": 30, ""method"": ""frozen_reference_scanvi"", ""metric"": ""within_label_silhouette__study"", ""population"": ""reference"", ""stat"": ""B""}"
Table S7-01961,si,Table S7,15/15,summary,"{""block"": ""A"", ""dim"": 30, ""method"": ""frozen_reference_scanvi"", ""metric"": ""within_label_silhouette__study"", ""population"": ""reference"", ""stat"": ""F""}"
Table S7-01962,si,Table S7,S,summary,"{""block"": ""A"", ""dim"": 30, ""method"": ""frozen_reference_scanvi"", ""metric"": ""within_label_silhouette__study"", ""population"": ""reference"", ""stat"": ""na_code""}"
Table S7-01963,si,Table S7,0.350,summary,"{""block"": ""A"", ""dim"": 16, ""method"": ""sclsc_refonly"", ""metric"": ""ARI_cluster/label"", ""population"": ""joint"", ""stat"": ""mean""}"
Table S7-01964,si,Table S7,0.111,summary,"{""block"": ""A"", ""dim"": 16, ""method"": ""sclsc_refonly"", ""metric"": ""ARI_cluster/label"", ""population"": ""joint"", ""stat"": ""sd""}"
Table S7-01965,si,Table S7,3/3,summary,"{""block"": ""A"", ""dim"": 16, ""method"": ""sclsc_refonly"", ""metric"": ""ARI_cluster/label"", ""population"": ""joint"", ""stat"": ""D""}"
Table S7-01966,si,Table S7,9/9,summary,"{""block"": ""A"", ""dim"": 16, ""method"": ""sclsc_refonly"", ""metric"": ""ARI_cluster/label"", ""population"": ""joint"", ""stat"": ""B""}"
Table S7-01967,si,Table S7,45/45,summary,"{""block"": ""A"", ""dim"": 16, ""method"": ""sclsc_refonly"", ""metric"": ""ARI_cluster/label"", ""population"": ""joint"", ""stat"": ""F""}"
Table S7-01968,si,Table S7,–,summary,"{""block"": ""A"", ""dim"": 16, ""method"": ""sclsc_refonly"", ""metric"": ""ARI_cluster/label"", ""population"": ""joint"", ""stat"": ""na_code""}"
Table S7-01969,si,Table S7,0.950,summary,"{""block"": ""A"", ""dim"": 16, ""method"": ""sclsc_refonly"", ""metric"": ""ASW_label"", ""population"": ""joint"", ""stat"": ""mean""}"
Table S7-01970,si,Table S7,0.013,summary,"{""block"": ""A"", ""dim"": 16, ""method"": ""sclsc_refonly"", ""metric"": ""ASW_label"", ""population"": ""joint"", ""stat"": ""sd""}"
Table S7-01971,si,Table S7,3/3,summary,"{""block"": ""A"", ""dim"": 16, ""method"": ""sclsc_refonly"", ""metric"": ""ASW_label"", ""population"": ""joint"", ""stat"": ""D""}"
Table S7-01972,si,Table S7,9/9,summary,"{""block"": ""A"", ""dim"": 16, ""method"": ""sclsc_refonly"", ""metric"": ""ASW_label"", ""population"": ""joint"", ""stat"": ""B""}"
Table S7-01973,si,Table S7,45/45,summary,"{""block"": ""A"", ""dim"": 16, ""method"": ""sclsc_refonly"", ""metric"": ""ASW_label"", ""population"": ""joint"", ""stat"": ""F""}"
Table S7-01974,si,Table S7,–,summary,"{""block"": ""A"", ""dim"": 16, ""method"": ""sclsc_refonly"", ""metric"": ""ASW_label"", ""population"": ""joint"", ""stat"": ""na_code""}"
Table S7-01975,si,Table S7,0.739,summary,"{""block"": ""A"", ""dim"": 16, ""method"": ""sclsc_refonly"", ""metric"": ""ASW_label/batch"", ""population"": ""joint"", ""stat"": ""mean""}"
Table S7-01976,si,Table S7,0.024,summary,"{""block"": ""A"", ""dim"": 16, ""method"": ""sclsc_refonly"", ""metric"": ""ASW_label/batch"", ""population"": ""joint"", ""stat"": ""sd""}"
Table S7-01977,si,Table S7,3/3,summary,"{""block"": ""A"", ""dim"": 16, ""method"": ""sclsc_refonly"", ""metric"": ""ASW_label/batch"", ""population"": ""joint"", ""stat"": ""D""}"
Table S7-01978,si,Table S7,9/9,summary,"{""block"": ""A"", ""dim"": 16, ""method"": ""sclsc_refonly"", ""metric"": ""ASW_label/batch"", ""population"": ""joint"", ""stat"": ""B""}"
Table S7-01979,si,Table S7,45/45,summary,"{""block"": ""A"", ""dim"": 16, ""method"": ""sclsc_refonly"", ""metric"": ""ASW_label/batch"", ""population"": ""joint"", ""stat"": ""F""}"
Table S7-01980,si,Table S7,–,summary,"{""block"": ""A"", ""dim"": 16, ""method"": ""sclsc_refonly"", ""metric"": ""ASW_label/batch"", ""population"": ""joint"", ""stat"": ""na_code""}"
Table S7-01981,si,Table S7,0.756,summary,"{""block"": ""A"", ""dim"": 16, ""method"": ""sclsc_refonly"", ""metric"": ""NMI_cluster/label"", ""population"": ""joint"", ""stat"": ""mean""}"
Table S7-01982,si,Table S7,0.061,summary,"{""block"": ""A"", ""dim"": 16, ""method"": ""sclsc_refonly"", ""metric"": ""NMI_cluster/label"", ""population"": ""joint"", ""stat"": ""sd""}"
Table S7-01983,si,Table S7,3/3,summary,"{""block"": ""A"", ""dim"": 16, ""method"": ""sclsc_refonly"", ""metric"": ""NMI_cluster/label"", ""population"": ""joint"", ""stat"": ""D""}"
Table S7-01984,si,Table S7,9/9,summary,"{""block"": ""A"", ""dim"": 16, ""method"": ""sclsc_refonly"", ""metric"": ""NMI_cluster/label"", ""population"": ""joint"", ""stat"": ""B""}"
Table S7-01985,si,Table S7,45/45,summary,"{""block"": ""A"", ""dim"": 16, ""method"": ""sclsc_refonly"", ""metric"": ""NMI_cluster/label"", ""population"": ""joint"", ""stat"": ""F""}"
Table S7-01986,si,Table S7,–,summary,"{""block"": ""A"", ""dim"": 16, ""method"": ""sclsc_refonly"", ""metric"": ""NMI_cluster/label"", ""population"": ""joint"", ""stat"": ""na_code""}"
Table S7-01987,si,Table S7,0.787,summary,"{""block"": ""A"", ""dim"": 16, ""method"": ""sclsc_refonly"", ""metric"": ""PCR_batch"", ""population"": ""joint"", ""stat"": ""mean""}"
Table S7-01988,si,Table S7,0.111,summary,"{""block"": ""A"", ""dim"": 16, ""method"": ""sclsc_refonly"", ""metric"": ""PCR_batch"", ""population"": ""joint"", ""stat"": ""sd""}"
Table S7-01989,si,Table S7,3/3,summary,"{""block"": ""A"", ""dim"": 16, ""method"": ""sclsc_refonly"", ""metric"": ""PCR_batch"", ""population"": ""joint"", ""stat"": ""D""}"
Table S7-01990,si,Table S7,9/9,summary,"{""block"": ""A"", ""dim"": 16, ""method"": ""sclsc_refonly"", ""metric"": ""PCR_batch"", ""population"": ""joint"", ""stat"": ""B""}"
Table S7-01991,si,Table S7,45/45,summary,"{""block"": ""A"", ""dim"": 16, ""method"": ""sclsc_refonly"", ""metric"": ""PCR_batch"", ""population"": ""joint"", ""stat"": ""F""}"
Table S7-01992,si,Table S7,–,summary,"{""block"": ""A"", ""dim"": 16, ""method"": ""sclsc_refonly"", ""metric"": ""PCR_batch"", ""population"": ""joint"", ""stat"": ""na_code""}"
Table S7-01993,si,Table S7,0.853,summary,"{""block"": ""A"", ""dim"": 16, ""method"": ""sclsc_refonly"", ""metric"": ""balanced_accuracy"", ""population"": ""query"", ""stat"": ""mean""}"
Table S7-01994,si,Table S7,0.053,summary,"{""block"": ""A"", ""dim"": 16, ""method"": ""sclsc_refonly"", ""metric"": ""balanced_accuracy"", ""population"": ""query"", ""stat"": ""sd""}"
Table S7-01995,si,Table S7,3/3,summary,"{""block"": ""A"", ""dim"": 16, ""method"": ""sclsc_refonly"", ""metric"": ""balanced_accuracy"", ""population"": ""query"", ""stat"": ""D""}"
Table S7-01996,si,Table S7,9/9,summary,"{""block"": ""A"", ""dim"": 16, ""method"": ""sclsc_refonly"", ""metric"": ""balanced_accuracy"", ""population"": ""query"", ""stat"": ""B""}"
Table S7-01997,si,Table S7,45/45,summary,"{""block"": ""A"", ""dim"": 16, ""method"": ""sclsc_refonly"", ""metric"": ""balanced_accuracy"", ""population"": ""query"", ""stat"": ""F""}"
Table S7-01998,si,Table S7,–,summary,"{""block"": ""A"", ""dim"": 16, ""method"": ""sclsc_refonly"", ""metric"": ""balanced_accuracy"", ""population"": ""query"", ""stat"": ""na_code""}"
Table S7-01999,si,Table S7,1.000,summary,"{""block"": ""A"", ""dim"": 16, ""method"": ""sclsc_refonly"", ""metric"": ""cLISI"", ""population"": ""joint"", ""stat"": ""mean""}"
Table S7-02000,si,Table S7,0.000,summary,"{""block"": ""A"", ""dim"": 16, ""method"": ""sclsc_refonly"", ""metric"": ""cLISI"", ""population"": ""joint"", ""stat"": ""sd""}"
Table S7-02001,si,Table S7,3/3,summary,"{""block"": ""A"", ""dim"": 16, ""method"": ""sclsc_refonly"", ""metric"": ""cLISI"", ""population"": ""joint"", ""stat"": ""D""}"
Table S7-02002,si,Table S7,9/9,summary,"{""block"": ""A"", ""dim"": 16, ""method"": ""sclsc_refonly"", ""metric"": ""cLISI"", ""population"": ""joint"", ""stat"": ""B""}"
Table S7-02003,si,Table S7,45/45,summary,"{""block"": ""A"", ""dim"": 16, ""method"": ""sclsc_refonly"", ""metric"": ""cLISI"", ""population"": ""joint"", ""stat"": ""F""}"
Table S7-02004,si,Table S7,–,summary,"{""block"": ""A"", ""dim"": 16, ""method"": ""sclsc_refonly"", ""metric"": ""cLISI"", ""population"": ""joint"", ""stat"": ""na_code""}"
Table S7-02005,si,Table S7,0.501,summary,"{""block"": ""A"", ""dim"": 16, ""method"": ""sclsc_refonly"", ""metric"": ""cell_cycle_conservation"", ""population"": ""joint"", ""stat"": ""mean""}"
Table S7-02006,si,Table S7,0.141,summary,"{""block"": ""A"", ""dim"": 16, ""method"": ""sclsc_refonly"", ""metric"": ""cell_cycle_conservation"", ""population"": ""joint"", ""stat"": ""sd""}"
Table S7-02007,si,Table S7,3/3,summary,"{""block"": ""A"", ""dim"": 16, ""method"": ""sclsc_refonly"", ""metric"": ""cell_cycle_conservation"", ""population"": ""joint"", ""stat"": ""D""}"
Table S7-02008,si,Table S7,9/9,summary,"{""block"": ""A"", ""dim"": 16, ""method"": ""sclsc_refonly"", ""metric"": ""cell_cycle_conservation"", ""population"": ""joint"", ""stat"": ""B""}"
Table S7-02009,si,Table S7,45/45,summary,"{""block"": ""A"", ""dim"": 16, ""method"": ""sclsc_refonly"", ""metric"": ""cell_cycle_conservation"", ""population"": ""joint"", ""stat"": ""F""}"
Table S7-02010,si,Table S7,–,summary,"{""block"": ""A"", ""dim"": 16, ""method"": ""sclsc_refonly"", ""metric"": ""cell_cycle_conservation"", ""population"": ""joint"", ""stat"": ""na_code""}"
Table S7-02011,si,Table S7,NA,summary,"{""block"": ""A"", ""dim"": 16, ""method"": ""sclsc_refonly"", ""metric"": ""hvg_overlap"", ""population"": ""joint"", ""stat"": ""mean""}"
Table S7-02012,si,Table S7,–,summary,"{""block"": ""A"", ""dim"": 16, ""method"": ""sclsc_refonly"", ""metric"": ""hvg_overlap"", ""population"": ""joint"", ""stat"": ""sd""}"
Table S7-02013,si,Table S7,0/3,summary,"{""block"": ""A"", ""dim"": 16, ""method"": ""sclsc_refonly"", ""metric"": ""hvg_overlap"", ""population"": ""joint"", ""stat"": ""D""}"
Table S7-02014,si,Table S7,0/9,summary,"{""block"": ""A"", ""dim"": 16, ""method"": ""sclsc_refonly"", ""metric"": ""hvg_overlap"", ""population"": ""joint"", ""stat"": ""B""}"
Table S7-02015,si,Table S7,0/45,summary,"{""block"": ""A"", ""dim"": 16, ""method"": ""sclsc_refonly"", ""metric"": ""hvg_overlap"", ""population"": ""joint"", ""stat"": ""F""}"
Table S7-02016,si,Table S7,H,summary,"{""block"": ""A"", ""dim"": 16, ""method"": ""sclsc_refonly"", ""metric"": ""hvg_overlap"", ""population"": ""joint"", ""stat"": ""na_code""}"
Table S7-02017,si,Table S7,2.291,summary,"{""block"": ""A"", ""dim"": 16, ""method"": ""sclsc_refonly"", ""metric"": ""iLISI"", ""population"": ""joint"", ""stat"": ""mean""}"
Table S7-02018,si,Table S7,0.545,summary,"{""block"": ""A"", ""dim"": 16, ""method"": ""sclsc_refonly"", ""metric"": ""iLISI"", ""population"": ""joint"", ""stat"": ""sd""}"
Table S7-02019,si,Table S7,3/3,summary,"{""block"": ""A"", ""dim"": 16, ""method"": ""sclsc_refonly"", ""metric"": ""iLISI"", ""population"": ""joint"", ""stat"": ""D""}"
Table S7-02020,si,Table S7,9/9,summary,"{""block"": ""A"", ""dim"": 16, ""method"": ""sclsc_refonly"", ""metric"": ""iLISI"", ""population"": ""joint"", ""stat"": ""B""}"
Table S7-02021,si,Table S7,45/45,summary,"{""block"": ""A"", ""dim"": 16, ""method"": ""sclsc_refonly"", ""metric"": ""iLISI"", ""population"": ""joint"", ""stat"": ""F""}"
Table S7-02022,si,Table S7,–,summary,"{""block"": ""A"", ""dim"": 16, ""method"": ""sclsc_refonly"", ""metric"": ""iLISI"", ""population"": ""joint"", ""stat"": ""na_code""}"
Table S7-02023,si,Table S7,0.501,summary,"{""block"": ""A"", ""dim"": 16, ""method"": ""sclsc_refonly"", ""metric"": ""isolated_label_silhouette"", ""population"": ""joint"", ""stat"": ""mean""}"
Table S7-02024,si,Table S7,0.010,summary,"{""block"": ""A"", ""dim"": 16, ""method"": ""sclsc_refonly"", ""metric"": ""isolated_label_silhouette"", ""population"": ""joint"", ""stat"": ""sd""}"
Table S7-02025,si,Table S7,3/3,summary,"{""block"": ""A"", ""dim"": 16, ""method"": ""sclsc_refonly"", ""metric"": ""isolated_label_silhouette"", ""population"": ""joint"", ""stat"": ""D""}"
Table S7-02026,si,Table S7,9/9,summary,"{""block"": ""A"", ""dim"": 16, ""method"": ""sclsc_refonly"", ""metric"": ""isolated_label_silhouette"", ""population"": ""joint"", ""stat"": ""B""}"
Table S7-02027,si,Table S7,45/45,summary,"{""block"": ""A"", ""dim"": 16, ""method"": ""sclsc_refonly"", ""metric"": ""isolated_label_silhouette"", ""population"": ""joint"", ""stat"": ""F""}"
Table S7-02028,si,Table S7,–,summary,"{""block"": ""A"", ""dim"": 16, ""method"": ""sclsc_refonly"", ""metric"": ""isolated_label_silhouette"", ""population"": ""joint"", ""stat"": ""na_code""}"
Table S7-02029,si,Table S7,0.821,summary,"{""block"": ""A"", ""dim"": 16, ""method"": ""sclsc_refonly"", ""metric"": ""macro_f1"", ""population"": ""query"", ""stat"": ""mean""}"
Table S7-02030,si,Table S7,0.074,summary,"{""block"": ""A"", ""dim"": 16, ""method"": ""sclsc_refonly"", ""metric"": ""macro_f1"", ""population"": ""query"", ""stat"": ""sd""}"
Table S7-02031,si,Table S7,3/3,summary,"{""block"": ""A"", ""dim"": 16, ""method"": ""sclsc_refonly"", ""metric"": ""macro_f1"", ""population"": ""query"", ""stat"": ""D""}"
Table S7-02032,si,Table S7,9/9,summary,"{""block"": ""A"", ""dim"": 16, ""method"": ""sclsc_refonly"", ""metric"": ""macro_f1"", ""population"": ""query"", ""stat"": ""B""}"
Table S7-02033,si,Table S7,45/45,summary,"{""block"": ""A"", ""dim"": 16, ""method"": ""sclsc_refonly"", ""metric"": ""macro_f1"", ""population"": ""query"", ""stat"": ""F""}"
Table S7-02034,si,Table S7,–,summary,"{""block"": ""A"", ""dim"": 16, ""method"": ""sclsc_refonly"", ""metric"": ""macro_f1"", ""population"": ""query"", ""stat"": ""na_code""}"
Table S7-02035,si,Table S7,0.815,summary,"{""block"": ""A"", ""dim"": 16, ""method"": ""sclsc_refonly"", ""metric"": ""pseudotime_smoothness"", ""population"": ""joint"", ""stat"": ""mean""}"
Table S7-02036,si,Table S7,0.002,summary,"{""block"": ""A"", ""dim"": 16, ""method"": ""sclsc_refonly"", ""metric"": ""pseudotime_smoothness"", ""population"": ""joint"", ""stat"": ""sd""}"
Table S7-02037,si,Table S7,1/1,summary,"{""block"": ""A"", ""dim"": 16, ""method"": ""sclsc_refonly"", ""metric"": ""pseudotime_smoothness"", ""population"": ""joint"", ""stat"": ""D""}"
Table S7-02038,si,Table S7,3/3,summary,"{""block"": ""A"", ""dim"": 16, ""method"": ""sclsc_refonly"", ""metric"": ""pseudotime_smoothness"", ""population"": ""joint"", ""stat"": ""B""}"
Table S7-02039,si,Table S7,15/15,summary,"{""block"": ""A"", ""dim"": 16, ""method"": ""sclsc_refonly"", ""metric"": ""pseudotime_smoothness"", ""population"": ""joint"", ""stat"": ""F""}"
Table S7-02040,si,Table S7,S,summary,"{""block"": ""A"", ""dim"": 16, ""method"": ""sclsc_refonly"", ""metric"": ""pseudotime_smoothness"", ""population"": ""joint"", ""stat"": ""na_code""}"
Table S7-02041,si,Table S7,0.930,summary,"{""block"": ""A"", ""dim"": 16, ""method"": ""sclsc_refonly"", ""metric"": ""pseudotime_smoothness"", ""population"": ""query"", ""stat"": ""mean""}"
Table S7-02042,si,Table S7,–,summary,"{""block"": ""A"", ""dim"": 16, ""method"": ""sclsc_refonly"", ""metric"": ""pseudotime_smoothness"", ""population"": ""query"", ""stat"": ""sd""}"
Table S7-02043,si,Table S7,1/1,summary,"{""block"": ""A"", ""dim"": 16, ""method"": ""sclsc_refonly"", ""metric"": ""pseudotime_smoothness"", ""population"": ""query"", ""stat"": ""D""}"
Table S7-02044,si,Table S7,1/3,summary,"{""block"": ""A"", ""dim"": 16, ""method"": ""sclsc_refonly"", ""metric"": ""pseudotime_smoothness"", ""population"": ""query"", ""stat"": ""B""}"
Table S7-02045,si,Table S7,5/15,summary,"{""block"": ""A"", ""dim"": 16, ""method"": ""sclsc_refonly"", ""metric"": ""pseudotime_smoothness"", ""population"": ""query"", ""stat"": ""F""}"
Table S7-02046,si,Table S7,"P,S",summary,"{""block"": ""A"", ""dim"": 16, ""method"": ""sclsc_refonly"", ""metric"": ""pseudotime_smoothness"", ""population"": ""query"", ""stat"": ""na_code""}"
Table S7-02047,si,Table S7,0.792,summary,"{""block"": ""A"", ""dim"": 16, ""method"": ""sclsc_refonly"", ""metric"": ""pseudotime_smoothness"", ""population"": ""reference"", ""stat"": ""mean""}"
Table S7-02048,si,Table S7,0.039,summary,"{""block"": ""A"", ""dim"": 16, ""method"": ""sclsc_refonly"", ""metric"": ""pseudotime_smoothness"", ""population"": ""reference"", ""stat"": ""sd""}"
Table S7-02049,si,Table S7,1/1,summary,"{""block"": ""A"", ""dim"": 16, ""method"": ""sclsc_refonly"", ""metric"": ""pseudotime_smoothness"", ""population"": ""reference"", ""stat"": ""D""}"
Table S7-02050,si,Table S7,3/3,summary,"{""block"": ""A"", ""dim"": 16, ""method"": ""sclsc_refonly"", ""metric"": ""pseudotime_smoothness"", ""population"": ""reference"", ""stat"": ""B""}"
Table S7-02051,si,Table S7,15/15,summary,"{""block"": ""A"", ""dim"": 16, ""method"": ""sclsc_refonly"", ""metric"": ""pseudotime_smoothness"", ""population"": ""reference"", ""stat"": ""F""}"
Table S7-02052,si,Table S7,S,summary,"{""block"": ""A"", ""dim"": 16, ""method"": ""sclsc_refonly"", ""metric"": ""pseudotime_smoothness"", ""population"": ""reference"", ""stat"": ""na_code""}"
Table S7-02053,si,Table S7,0.524,summary,"{""block"": ""A"", ""dim"": 16, ""method"": ""sclsc_refonly"", ""metric"": ""trajectory"", ""population"": ""joint"", ""stat"": ""mean""}"
Table S7-02054,si,Table S7,0.027,summary,"{""block"": ""A"", ""dim"": 16, ""method"": ""sclsc_refonly"", ""metric"": ""trajectory"", ""population"": ""joint"", ""stat"": ""sd""}"
Table S7-02055,si,Table S7,1/1,summary,"{""block"": ""A"", ""dim"": 16, ""method"": ""sclsc_refonly"", ""metric"": ""trajectory"", ""population"": ""joint"", ""stat"": ""D""}"
Table S7-02056,si,Table S7,2/3,summary,"{""block"": ""A"", ""dim"": 16, ""method"": ""sclsc_refonly"", ""metric"": ""trajectory"", ""population"": ""joint"", ""stat"": ""B""}"
Table S7-02057,si,Table S7,10/15,summary,"{""block"": ""A"", ""dim"": 16, ""method"": ""sclsc_refonly"", ""metric"": ""trajectory"", ""population"": ""joint"", ""stat"": ""F""}"
Table S7-02058,si,Table S7,T,summary,"{""block"": ""A"", ""dim"": 16, ""method"": ""sclsc_refonly"", ""metric"": ""trajectory"", ""population"": ""joint"", ""stat"": ""na_code""}"
Table S7-02059,si,Table S7,0.903,summary,"{""block"": ""A"", ""dim"": 16, ""method"": ""sclsc_refonly"", ""metric"": ""trustworthiness"", ""population"": ""joint"", ""stat"": ""mean""}"
Table S7-02060,si,Table S7,0.021,summary,"{""block"": ""A"", ""dim"": 16, ""method"": ""sclsc_refonly"", ""metric"": ""trustworthiness"", ""population"": ""joint"", ""stat"": ""sd""}"
Table S7-02061,si,Table S7,2/2,summary,"{""block"": ""A"", ""dim"": 16, ""method"": ""sclsc_refonly"", ""metric"": ""trustworthiness"", ""population"": ""joint"", ""stat"": ""D""}"
Table S7-02062,si,Table S7,6/6,summary,"{""block"": ""A"", ""dim"": 16, ""method"": ""sclsc_refonly"", ""metric"": ""trustworthiness"", ""population"": ""joint"", ""stat"": ""B""}"
Table S7-02063,si,Table S7,30/30,summary,"{""block"": ""A"", ""dim"": 16, ""method"": ""sclsc_refonly"", ""metric"": ""trustworthiness"", ""population"": ""joint"", ""stat"": ""F""}"
Table S7-02064,si,Table S7,S,summary,"{""block"": ""A"", ""dim"": 16, ""method"": ""sclsc_refonly"", ""metric"": ""trustworthiness"", ""population"": ""joint"", ""stat"": ""na_code""}"
Table S7-02065,si,Table S7,0.903,summary,"{""block"": ""A"", ""dim"": 16, ""method"": ""sclsc_refonly"", ""metric"": ""trustworthiness"", ""population"": ""query"", ""stat"": ""mean""}"
Table S7-02066,si,Table S7,0.024,summary,"{""block"": ""A"", ""dim"": 16, ""method"": ""sclsc_refonly"", ""metric"": ""trustworthiness"", ""population"": ""query"", ""stat"": ""sd""}"
Table S7-02067,si,Table S7,2/2,summary,"{""block"": ""A"", ""dim"": 16, ""method"": ""sclsc_refonly"", ""metric"": ""trustworthiness"", ""population"": ""query"", ""stat"": ""D""}"
Table S7-02068,si,Table S7,6/6,summary,"{""block"": ""A"", ""dim"": 16, ""method"": ""sclsc_refonly"", ""metric"": ""trustworthiness"", ""population"": ""query"", ""stat"": ""B""}"
Table S7-02069,si,Table S7,30/30,summary,"{""block"": ""A"", ""dim"": 16, ""method"": ""sclsc_refonly"", ""metric"": ""trustworthiness"", ""population"": ""query"", ""stat"": ""F""}"
Table S7-02070,si,Table S7,S,summary,"{""block"": ""A"", ""dim"": 16, ""method"": ""sclsc_refonly"", ""metric"": ""trustworthiness"", ""population"": ""query"", ""stat"": ""na_code""}"
Table S7-02071,si,Table S7,0.897,summary,"{""block"": ""A"", ""dim"": 16, ""method"": ""sclsc_refonly"", ""metric"": ""trustworthiness"", ""population"": ""reference"", ""stat"": ""mean""}"
Table S7-02072,si,Table S7,0.027,summary,"{""block"": ""A"", ""dim"": 16, ""method"": ""sclsc_refonly"", ""metric"": ""trustworthiness"", ""population"": ""reference"", ""stat"": ""sd""}"
Table S7-02073,si,Table S7,2/2,summary,"{""block"": ""A"", ""dim"": 16, ""method"": ""sclsc_refonly"", ""metric"": ""trustworthiness"", ""population"": ""reference"", ""stat"": ""D""}"
Table S7-02074,si,Table S7,6/6,summary,"{""block"": ""A"", ""dim"": 16, ""method"": ""sclsc_refonly"", ""metric"": ""trustworthiness"", ""population"": ""reference"", ""stat"": ""B""}"
Table S7-02075,si,Table S7,30/30,summary,"{""block"": ""A"", ""dim"": 16, ""method"": ""sclsc_refonly"", ""metric"": ""trustworthiness"", ""population"": ""reference"", ""stat"": ""F""}"
Table S7-02076,si,Table S7,S,summary,"{""block"": ""A"", ""dim"": 16, ""method"": ""sclsc_refonly"", ""metric"": ""trustworthiness"", ""population"": ""reference"", ""stat"": ""na_code""}"
Table S7-02077,si,Table S7,-0.246,summary,"{""block"": ""A"", ""dim"": 16, ""method"": ""sclsc_refonly"", ""metric"": ""within_label_silhouette__donor"", ""population"": ""joint"", ""stat"": ""mean""}"
Table S7-02078,si,Table S7,0.006,summary,"{""block"": ""A"", ""dim"": 16, ""method"": ""sclsc_refonly"", ""metric"": ""within_label_silhouette__donor"", ""population"": ""joint"", ""stat"": ""sd""}"
Table S7-02079,si,Table S7,1/1,summary,"{""block"": ""A"", ""dim"": 16, ""method"": ""sclsc_refonly"", ""metric"": ""within_label_silhouette__donor"", ""population"": ""joint"", ""stat"": ""D""}"
Table S7-02080,si,Table S7,3/3,summary,"{""block"": ""A"", ""dim"": 16, ""method"": ""sclsc_refonly"", ""metric"": ""within_label_silhouette__donor"", ""population"": ""joint"", ""stat"": ""B""}"
Table S7-02081,si,Table S7,15/15,summary,"{""block"": ""A"", ""dim"": 16, ""method"": ""sclsc_refonly"", ""metric"": ""within_label_silhouette__donor"", ""population"": ""joint"", ""stat"": ""F""}"
Table S7-02082,si,Table S7,S,summary,"{""block"": ""A"", ""dim"": 16, ""method"": ""sclsc_refonly"", ""metric"": ""within_label_silhouette__donor"", ""population"": ""joint"", ""stat"": ""na_code""}"
Table S7-02083,si,Table S7,NA,summary,"{""block"": ""A"", ""dim"": 16, ""method"": ""sclsc_refonly"", ""metric"": ""within_label_silhouette__donor"", ""population"": ""query"", ""stat"": ""mean""}"
Table S7-02084,si,Table S7,–,summary,"{""block"": ""A"", ""dim"": 16, ""method"": ""sclsc_refonly"", ""metric"": ""within_label_silhouette__donor"", ""population"": ""query"", ""stat"": ""sd""}"
Table S7-02085,si,Table S7,0/1,summary,"{""block"": ""A"", ""dim"": 16, ""method"": ""sclsc_refonly"", ""metric"": ""within_label_silhouette__donor"", ""population"": ""query"", ""stat"": ""D""}"
Table S7-02086,si,Table S7,0/3,summary,"{""block"": ""A"", ""dim"": 16, ""method"": ""sclsc_refonly"", ""metric"": ""within_label_silhouette__donor"", ""population"": ""query"", ""stat"": ""B""}"
Table S7-02087,si,Table S7,0/15,summary,"{""block"": ""A"", ""dim"": 16, ""method"": ""sclsc_refonly"", ""metric"": ""within_label_silhouette__donor"", ""population"": ""query"", ""stat"": ""F""}"
Table S7-02088,si,Table S7,"C,S",summary,"{""block"": ""A"", ""dim"": 16, ""method"": ""sclsc_refonly"", ""metric"": ""within_label_silhouette__donor"", ""population"": ""query"", ""stat"": ""na_code""}"
Table S7-02089,si,Table S7,-0.233,summary,"{""block"": ""A"", ""dim"": 16, ""method"": ""sclsc_refonly"", ""metric"": ""within_label_silhouette__donor"", ""population"": ""reference"", ""stat"": ""mean""}"
Table S7-02090,si,Table S7,0.005,summary,"{""block"": ""A"", ""dim"": 16, ""method"": ""sclsc_refonly"", ""metric"": ""within_label_silhouette__donor"", ""population"": ""reference"", ""stat"": ""sd""}"
Table S7-02091,si,Table S7,1/1,summary,"{""block"": ""A"", ""dim"": 16, ""method"": ""sclsc_refonly"", ""metric"": ""within_label_silhouette__donor"", ""population"": ""reference"", ""stat"": ""D""}"
Table S7-02092,si,Table S7,3/3,summary,"{""block"": ""A"", ""dim"": 16, ""method"": ""sclsc_refonly"", ""metric"": ""within_label_silhouette__donor"", ""population"": ""reference"", ""stat"": ""B""}"
Table S7-02093,si,Table S7,15/15,summary,"{""block"": ""A"", ""dim"": 16, ""method"": ""sclsc_refonly"", ""metric"": ""within_label_silhouette__donor"", ""population"": ""reference"", ""stat"": ""F""}"
Table S7-02094,si,Table S7,S,summary,"{""block"": ""A"", ""dim"": 16, ""method"": ""sclsc_refonly"", ""metric"": ""within_label_silhouette__donor"", ""population"": ""reference"", ""stat"": ""na_code""}"
Table S7-02095,si,Table S7,0.234,summary,"{""block"": ""A"", ""dim"": 16, ""method"": ""sclsc_refonly"", ""metric"": ""within_label_silhouette__patientGroup"", ""population"": ""joint"", ""stat"": ""mean""}"
Table S7-02096,si,Table S7,0.054,summary,"{""block"": ""A"", ""dim"": 16, ""method"": ""sclsc_refonly"", ""metric"": ""within_label_silhouette__patientGroup"", ""population"": ""joint"", ""stat"": ""sd""}"
Table S7-02097,si,Table S7,1/1,summary,"{""block"": ""A"", ""dim"": 16, ""method"": ""sclsc_refonly"", ""metric"": ""within_label_silhouette__patientGroup"", ""population"": ""joint"", ""stat"": ""D""}"
Table S7-02098,si,Table S7,3/3,summary,"{""block"": ""A"", ""dim"": 16, ""method"": ""sclsc_refonly"", ""metric"": ""within_label_silhouette__patientGroup"", ""population"": ""joint"", ""stat"": ""B""}"
Table S7-02099,si,Table S7,15/15,summary,"{""block"": ""A"", ""dim"": 16, ""method"": ""sclsc_refonly"", ""metric"": ""within_label_silhouette__patientGroup"", ""population"": ""joint"", ""stat"": ""F""}"
Table S7-02100,si,Table S7,S,summary,"{""block"": ""A"", ""dim"": 16, ""method"": ""sclsc_refonly"", ""metric"": ""within_label_silhouette__patientGroup"", ""population"": ""joint"", ""stat"": ""na_code""}"
Table S7-02101,si,Table S7,NA,summary,"{""block"": ""A"", ""dim"": 16, ""method"": ""sclsc_refonly"", ""metric"": ""within_label_silhouette__patientGroup"", ""population"": ""query"", ""stat"": ""mean""}"
Table S7-02102,si,Table S7,–,summary,"{""block"": ""A"", ""dim"": 16, ""method"": ""sclsc_refonly"", ""metric"": ""within_label_silhouette__patientGroup"", ""population"": ""query"", ""stat"": ""sd""}"
Table S7-02103,si,Table S7,0/1,summary,"{""block"": ""A"", ""dim"": 16, ""method"": ""sclsc_refonly"", ""metric"": ""within_label_silhouette__patientGroup"", ""population"": ""query"", ""stat"": ""D""}"
Table S7-02104,si,Table S7,0/3,summary,"{""block"": ""A"", ""dim"": 16, ""method"": ""sclsc_refonly"", ""metric"": ""within_label_silhouette__patientGroup"", ""population"": ""query"", ""stat"": ""B""}"
Table S7-02105,si,Table S7,0/15,summary,"{""block"": ""A"", ""dim"": 16, ""method"": ""sclsc_refonly"", ""metric"": ""within_label_silhouette__patientGroup"", ""population"": ""query"", ""stat"": ""F""}"
Table S7-02106,si,Table S7,"C,S",summary,"{""block"": ""A"", ""dim"": 16, ""method"": ""sclsc_refonly"", ""metric"": ""within_label_silhouette__patientGroup"", ""population"": ""query"", ""stat"": ""na_code""}"
Table S7-02107,si,Table S7,0.264,summary,"{""block"": ""A"", ""dim"": 16, ""method"": ""sclsc_refonly"", ""metric"": ""within_label_silhouette__patientGroup"", ""population"": ""reference"", ""stat"": ""mean""}"
Table S7-02108,si,Table S7,0.061,summary,"{""block"": ""A"", ""dim"": 16, ""method"": ""sclsc_refonly"", ""metric"": ""within_label_silhouette__patientGroup"", ""population"": ""reference"", ""stat"": ""sd""}"
Table S7-02109,si,Table S7,1/1,summary,"{""block"": ""A"", ""dim"": 16, ""method"": ""sclsc_refonly"", ""metric"": ""within_label_silhouette__patientGroup"", ""population"": ""reference"", ""stat"": ""D""}"
Table S7-02110,si,Table S7,3/3,summary,"{""block"": ""A"", ""dim"": 16, ""method"": ""sclsc_refonly"", ""metric"": ""within_label_silhouette__patientGroup"", ""population"": ""reference"", ""stat"": ""B""}"
Table S7-02111,si,Table S7,15/15,summary,"{""block"": ""A"", ""dim"": 16, ""method"": ""sclsc_refonly"", ""metric"": ""within_label_silhouette__patientGroup"", ""population"": ""reference"", ""stat"": ""F""}"
Table S7-02112,si,Table S7,S,summary,"{""block"": ""A"", ""dim"": 16, ""method"": ""sclsc_refonly"", ""metric"": ""within_label_silhouette__patientGroup"", ""population"": ""reference"", ""stat"": ""na_code""}"
Table S7-02113,si,Table S7,-0.018,summary,"{""block"": ""A"", ""dim"": 16, ""method"": ""sclsc_refonly"", ""metric"": ""within_label_silhouette__sample_ID"", ""population"": ""joint"", ""stat"": ""mean""}"
Table S7-02114,si,Table S7,0.025,summary,"{""block"": ""A"", ""dim"": 16, ""method"": ""sclsc_refonly"", ""metric"": ""within_label_silhouette__sample_ID"", ""population"": ""joint"", ""stat"": ""sd""}"
Table S7-02115,si,Table S7,1/1,summary,"{""block"": ""A"", ""dim"": 16, ""method"": ""sclsc_refonly"", ""metric"": ""within_label_silhouette__sample_ID"", ""population"": ""joint"", ""stat"": ""D""}"
Table S7-02116,si,Table S7,3/3,summary,"{""block"": ""A"", ""dim"": 16, ""method"": ""sclsc_refonly"", ""metric"": ""within_label_silhouette__sample_ID"", ""population"": ""joint"", ""stat"": ""B""}"
Table S7-02117,si,Table S7,15/15,summary,"{""block"": ""A"", ""dim"": 16, ""method"": ""sclsc_refonly"", ""metric"": ""within_label_silhouette__sample_ID"", ""population"": ""joint"", ""stat"": ""F""}"
Table S7-02118,si,Table S7,S,summary,"{""block"": ""A"", ""dim"": 16, ""method"": ""sclsc_refonly"", ""metric"": ""within_label_silhouette__sample_ID"", ""population"": ""joint"", ""stat"": ""na_code""}"
Table S7-02119,si,Table S7,NA,summary,"{""block"": ""A"", ""dim"": 16, ""method"": ""sclsc_refonly"", ""metric"": ""within_label_silhouette__sample_ID"", ""population"": ""query"", ""stat"": ""mean""}"
Table S7-02120,si,Table S7,–,summary,"{""block"": ""A"", ""dim"": 16, ""method"": ""sclsc_refonly"", ""metric"": ""within_label_silhouette__sample_ID"", ""population"": ""query"", ""stat"": ""sd""}"
Table S7-02121,si,Table S7,0/1,summary,"{""block"": ""A"", ""dim"": 16, ""method"": ""sclsc_refonly"", ""metric"": ""within_label_silhouette__sample_ID"", ""population"": ""query"", ""stat"": ""D""}"
Table S7-02122,si,Table S7,0/3,summary,"{""block"": ""A"", ""dim"": 16, ""method"": ""sclsc_refonly"", ""metric"": ""within_label_silhouette__sample_ID"", ""population"": ""query"", ""stat"": ""B""}"
Table S7-02123,si,Table S7,0/15,summary,"{""block"": ""A"", ""dim"": 16, ""method"": ""sclsc_refonly"", ""metric"": ""within_label_silhouette__sample_ID"", ""population"": ""query"", ""stat"": ""F""}"
Table S7-02124,si,Table S7,"C,S",summary,"{""block"": ""A"", ""dim"": 16, ""method"": ""sclsc_refonly"", ""metric"": ""within_label_silhouette__sample_ID"", ""population"": ""query"", ""stat"": ""na_code""}"
Table S7-02125,si,Table S7,-0.001,summary,"{""block"": ""A"", ""dim"": 16, ""method"": ""sclsc_refonly"", ""metric"": ""within_label_silhouette__sample_ID"", ""population"": ""reference"", ""stat"": ""mean""}"
Table S7-02126,si,Table S7,0.004,summary,"{""block"": ""A"", ""dim"": 16, ""method"": ""sclsc_refonly"", ""metric"": ""within_label_silhouette__sample_ID"", ""population"": ""reference"", ""stat"": ""sd""}"
Table S7-02127,si,Table S7,1/1,summary,"{""block"": ""A"", ""dim"": 16, ""method"": ""sclsc_refonly"", ""metric"": ""within_label_silhouette__sample_ID"", ""population"": ""reference"", ""stat"": ""D""}"
Table S7-02128,si,Table S7,3/3,summary,"{""block"": ""A"", ""dim"": 16, ""method"": ""sclsc_refonly"", ""metric"": ""within_label_silhouette__sample_ID"", ""population"": ""reference"", ""stat"": ""B""}"
Table S7-02129,si,Table S7,15/15,summary,"{""block"": ""A"", ""dim"": 16, ""method"": ""sclsc_refonly"", ""metric"": ""within_label_silhouette__sample_ID"", ""population"": ""reference"", ""stat"": ""F""}"
Table S7-02130,si,Table S7,S,summary,"{""block"": ""A"", ""dim"": 16, ""method"": ""sclsc_refonly"", ""metric"": ""within_label_silhouette__sample_ID"", ""population"": ""reference"", ""stat"": ""na_code""}"
Table S7-02131,si,Table S7,-0.018,summary,"{""block"": ""A"", ""dim"": 16, ""method"": ""sclsc_refonly"", ""metric"": ""within_label_silhouette__study"", ""population"": ""joint"", ""stat"": ""mean""}"
Table S7-02132,si,Table S7,0.025,summary,"{""block"": ""A"", ""dim"": 16, ""method"": ""sclsc_refonly"", ""metric"": ""within_label_silhouette__study"", ""population"": ""joint"", ""stat"": ""sd""}"
Table S7-02133,si,Table S7,1/1,summary,"{""block"": ""A"", ""dim"": 16, ""method"": ""sclsc_refonly"", ""metric"": ""within_label_silhouette__study"", ""population"": ""joint"", ""stat"": ""D""}"
Table S7-02134,si,Table S7,3/3,summary,"{""block"": ""A"", ""dim"": 16, ""method"": ""sclsc_refonly"", ""metric"": ""within_label_silhouette__study"", ""population"": ""joint"", ""stat"": ""B""}"
Table S7-02135,si,Table S7,15/15,summary,"{""block"": ""A"", ""dim"": 16, ""method"": ""sclsc_refonly"", ""metric"": ""within_label_silhouette__study"", ""population"": ""joint"", ""stat"": ""F""}"
Table S7-02136,si,Table S7,S,summary,"{""block"": ""A"", ""dim"": 16, ""method"": ""sclsc_refonly"", ""metric"": ""within_label_silhouette__study"", ""population"": ""joint"", ""stat"": ""na_code""}"
Table S7-02137,si,Table S7,NA,summary,"{""block"": ""A"", ""dim"": 16, ""method"": ""sclsc_refonly"", ""metric"": ""within_label_silhouette__study"", ""population"": ""query"", ""stat"": ""mean""}"
Table S7-02138,si,Table S7,–,summary,"{""block"": ""A"", ""dim"": 16, ""method"": ""sclsc_refonly"", ""metric"": ""within_label_silhouette__study"", ""population"": ""query"", ""stat"": ""sd""}"
Table S7-02139,si,Table S7,0/1,summary,"{""block"": ""A"", ""dim"": 16, ""method"": ""sclsc_refonly"", ""metric"": ""within_label_silhouette__study"", ""population"": ""query"", ""stat"": ""D""}"
Table S7-02140,si,Table S7,0/3,summary,"{""block"": ""A"", ""dim"": 16, ""method"": ""sclsc_refonly"", ""metric"": ""within_label_silhouette__study"", ""population"": ""query"", ""stat"": ""B""}"
Table S7-02141,si,Table S7,0/15,summary,"{""block"": ""A"", ""dim"": 16, ""method"": ""sclsc_refonly"", ""metric"": ""within_label_silhouette__study"", ""population"": ""query"", ""stat"": ""F""}"
Table S7-02142,si,Table S7,"C,S",summary,"{""block"": ""A"", ""dim"": 16, ""method"": ""sclsc_refonly"", ""metric"": ""within_label_silhouette__study"", ""population"": ""query"", ""stat"": ""na_code""}"
Table S7-02143,si,Table S7,-0.001,summary,"{""block"": ""A"", ""dim"": 16, ""method"": ""sclsc_refonly"", ""metric"": ""within_label_silhouette__study"", ""population"": ""reference"", ""stat"": ""mean""}"
Table S7-02144,si,Table S7,0.004,summary,"{""block"": ""A"", ""dim"": 16, ""method"": ""sclsc_refonly"", ""metric"": ""within_label_silhouette__study"", ""population"": ""reference"", ""stat"": ""sd""}"
Table S7-02145,si,Table S7,1/1,summary,"{""block"": ""A"", ""dim"": 16, ""method"": ""sclsc_refonly"", ""metric"": ""within_label_silhouette__study"", ""population"": ""reference"", ""stat"": ""D""}"
Table S7-02146,si,Table S7,3/3,summary,"{""block"": ""A"", ""dim"": 16, ""method"": ""sclsc_refonly"", ""metric"": ""within_label_silhouette__study"", ""population"": ""reference"", ""stat"": ""B""}"
Table S7-02147,si,Table S7,15/15,summary,"{""block"": ""A"", ""dim"": 16, ""method"": ""sclsc_refonly"", ""metric"": ""within_label_silhouette__study"", ""population"": ""reference"", ""stat"": ""F""}"
Table S7-02148,si,Table S7,S,summary,"{""block"": ""A"", ""dim"": 16, ""method"": ""sclsc_refonly"", ""metric"": ""within_label_silhouette__study"", ""population"": ""reference"", ""stat"": ""na_code""}"
Table S7-02149,si,Table S7,0.441,summary,"{""block"": ""B"", ""dim"": 30, ""method"": ""solar_orthogonal"", ""metric"": ""ARI_cluster/label"", ""population"": ""joint"", ""stat"": ""mean""}"
Table S7-02150,si,Table S7,0.077,summary,"{""block"": ""B"", ""dim"": 30, ""method"": ""solar_orthogonal"", ""metric"": ""ARI_cluster/label"", ""population"": ""joint"", ""stat"": ""sd""}"
Table S7-02151,si,Table S7,3/3,summary,"{""block"": ""B"", ""dim"": 30, ""method"": ""solar_orthogonal"", ""metric"": ""ARI_cluster/label"", ""population"": ""joint"", ""stat"": ""D""}"
Table S7-02152,si,Table S7,9/9,summary,"{""block"": ""B"", ""dim"": 30, ""method"": ""solar_orthogonal"", ""metric"": ""ARI_cluster/label"", ""population"": ""joint"", ""stat"": ""B""}"
Table S7-02153,si,Table S7,45/45,summary,"{""block"": ""B"", ""dim"": 30, ""method"": ""solar_orthogonal"", ""metric"": ""ARI_cluster/label"", ""population"": ""joint"", ""stat"": ""F""}"
Table S7-02154,si,Table S7,–,summary,"{""block"": ""B"", ""dim"": 30, ""method"": ""solar_orthogonal"", ""metric"": ""ARI_cluster/label"", ""population"": ""joint"", ""stat"": ""na_code""}"
Table S7-02155,si,Table S7,0.873,summary,"{""block"": ""B"", ""dim"": 30, ""method"": ""solar_orthogonal"", ""metric"": ""ASW_label"", ""population"": ""joint"", ""stat"": ""mean""}"
Table S7-02156,si,Table S7,0.036,summary,"{""block"": ""B"", ""dim"": 30, ""method"": ""solar_orthogonal"", ""metric"": ""ASW_label"", ""population"": ""joint"", ""stat"": ""sd""}"
Table S7-02157,si,Table S7,3/3,summary,"{""block"": ""B"", ""dim"": 30, ""method"": ""solar_orthogonal"", ""metric"": ""ASW_label"", ""population"": ""joint"", ""stat"": ""D""}"
Table S7-02158,si,Table S7,9/9,summary,"{""block"": ""B"", ""dim"": 30, ""method"": ""solar_orthogonal"", ""metric"": ""ASW_label"", ""population"": ""joint"", ""stat"": ""B""}"
Table S7-02159,si,Table S7,45/45,summary,"{""block"": ""B"", ""dim"": 30, ""method"": ""solar_orthogonal"", ""metric"": ""ASW_label"", ""population"": ""joint"", ""stat"": ""F""}"
Table S7-02160,si,Table S7,–,summary,"{""block"": ""B"", ""dim"": 30, ""method"": ""solar_orthogonal"", ""metric"": ""ASW_label"", ""population"": ""joint"", ""stat"": ""na_code""}"
Table S7-02161,si,Table S7,0.836,summary,"{""block"": ""B"", ""dim"": 30, ""method"": ""solar_orthogonal"", ""metric"": ""ASW_label/batch"", ""population"": ""joint"", ""stat"": ""mean""}"
Table S7-02162,si,Table S7,0.020,summary,"{""block"": ""B"", ""dim"": 30, ""method"": ""solar_orthogonal"", ""metric"": ""ASW_label/batch"", ""population"": ""joint"", ""stat"": ""sd""}"
Table S7-02163,si,Table S7,3/3,summary,"{""block"": ""B"", ""dim"": 30, ""method"": ""solar_orthogonal"", ""metric"": ""ASW_label/batch"", ""population"": ""joint"", ""stat"": ""D""}"
Table S7-02164,si,Table S7,9/9,summary,"{""block"": ""B"", ""dim"": 30, ""method"": ""solar_orthogonal"", ""metric"": ""ASW_label/batch"", ""population"": ""joint"", ""stat"": ""B""}"
Table S7-02165,si,Table S7,45/45,summary,"{""block"": ""B"", ""dim"": 30, ""method"": ""solar_orthogonal"", ""metric"": ""ASW_label/batch"", ""population"": ""joint"", ""stat"": ""F""}"
Table S7-02166,si,Table S7,–,summary,"{""block"": ""B"", ""dim"": 30, ""method"": ""solar_orthogonal"", ""metric"": ""ASW_label/batch"", ""population"": ""joint"", ""stat"": ""na_code""}"
Table S7-02167,si,Table S7,0.774,summary,"{""block"": ""B"", ""dim"": 30, ""method"": ""solar_orthogonal"", ""metric"": ""NMI_cluster/label"", ""population"": ""joint"", ""stat"": ""mean""}"
Table S7-02168,si,Table S7,0.032,summary,"{""block"": ""B"", ""dim"": 30, ""method"": ""solar_orthogonal"", ""metric"": ""NMI_cluster/label"", ""population"": ""joint"", ""stat"": ""sd""}"
Table S7-02169,si,Table S7,3/3,summary,"{""block"": ""B"", ""dim"": 30, ""method"": ""solar_orthogonal"", ""metric"": ""NMI_cluster/label"", ""population"": ""joint"", ""stat"": ""D""}"
Table S7-02170,si,Table S7,9/9,summary,"{""block"": ""B"", ""dim"": 30, ""method"": ""solar_orthogonal"", ""metric"": ""NMI_cluster/label"", ""population"": ""joint"", ""stat"": ""B""}"
Table S7-02171,si,Table S7,45/45,summary,"{""block"": ""B"", ""dim"": 30, ""method"": ""solar_orthogonal"", ""metric"": ""NMI_cluster/label"", ""population"": ""joint"", ""stat"": ""F""}"
Table S7-02172,si,Table S7,–,summary,"{""block"": ""B"", ""dim"": 30, ""method"": ""solar_orthogonal"", ""metric"": ""NMI_cluster/label"", ""population"": ""joint"", ""stat"": ""na_code""}"
Table S7-02173,si,Table S7,0.777,summary,"{""block"": ""B"", ""dim"": 30, ""method"": ""solar_orthogonal"", ""metric"": ""PCR_batch"", ""population"": ""joint"", ""stat"": ""mean""}"
Table S7-02174,si,Table S7,0.115,summary,"{""block"": ""B"", ""dim"": 30, ""method"": ""solar_orthogonal"", ""metric"": ""PCR_batch"", ""population"": ""joint"", ""stat"": ""sd""}"
Table S7-02175,si,Table S7,3/3,summary,"{""block"": ""B"", ""dim"": 30, ""method"": ""solar_orthogonal"", ""metric"": ""PCR_batch"", ""population"": ""joint"", ""stat"": ""D""}"
Table S7-02176,si,Table S7,9/9,summary,"{""block"": ""B"", ""dim"": 30, ""method"": ""solar_orthogonal"", ""metric"": ""PCR_batch"", ""population"": ""joint"", ""stat"": ""B""}"
Table S7-02177,si,Table S7,45/45,summary,"{""block"": ""B"", ""dim"": 30, ""method"": ""solar_orthogonal"", ""metric"": ""PCR_batch"", ""population"": ""joint"", ""stat"": ""F""}"
Table S7-02178,si,Table S7,–,summary,"{""block"": ""B"", ""dim"": 30, ""method"": ""solar_orthogonal"", ""metric"": ""PCR_batch"", ""population"": ""joint"", ""stat"": ""na_code""}"
Table S7-02179,si,Table S7,0.837,summary,"{""block"": ""B"", ""dim"": 30, ""method"": ""solar_orthogonal"", ""metric"": ""balanced_accuracy"", ""population"": ""query"", ""stat"": ""mean""}"
Table S7-02180,si,Table S7,0.082,summary,"{""block"": ""B"", ""dim"": 30, ""method"": ""solar_orthogonal"", ""metric"": ""balanced_accuracy"", ""population"": ""query"", ""stat"": ""sd""}"
Table S7-02181,si,Table S7,3/3,summary,"{""block"": ""B"", ""dim"": 30, ""method"": ""solar_orthogonal"", ""metric"": ""balanced_accuracy"", ""population"": ""query"", ""stat"": ""D""}"
Table S7-02182,si,Table S7,9/9,summary,"{""block"": ""B"", ""dim"": 30, ""method"": ""solar_orthogonal"", ""metric"": ""balanced_accuracy"", ""population"": ""query"", ""stat"": ""B""}"
Table S7-02183,si,Table S7,45/45,summary,"{""block"": ""B"", ""dim"": 30, ""method"": ""solar_orthogonal"", ""metric"": ""balanced_accuracy"", ""population"": ""query"", ""stat"": ""F""}"
Table S7-02184,si,Table S7,–,summary,"{""block"": ""B"", ""dim"": 30, ""method"": ""solar_orthogonal"", ""metric"": ""balanced_accuracy"", ""population"": ""query"", ""stat"": ""na_code""}"
Table S7-02185,si,Table S7,1.000,summary,"{""block"": ""B"", ""dim"": 30, ""method"": ""solar_orthogonal"", ""metric"": ""cLISI"", ""population"": ""joint"", ""stat"": ""mean""}"
Table S7-02186,si,Table S7,0.000,summary,"{""block"": ""B"", ""dim"": 30, ""method"": ""solar_orthogonal"", ""metric"": ""cLISI"", ""population"": ""joint"", ""stat"": ""sd""}"
Table S7-02187,si,Table S7,3/3,summary,"{""block"": ""B"", ""dim"": 30, ""method"": ""solar_orthogonal"", ""metric"": ""cLISI"", ""population"": ""joint"", ""stat"": ""D""}"
Table S7-02188,si,Table S7,9/9,summary,"{""block"": ""B"", ""dim"": 30, ""method"": ""solar_orthogonal"", ""metric"": ""cLISI"", ""population"": ""joint"", ""stat"": ""B""}"
Table S7-02189,si,Table S7,45/45,summary,"{""block"": ""B"", ""dim"": 30, ""method"": ""solar_orthogonal"", ""metric"": ""cLISI"", ""population"": ""joint"", ""stat"": ""F""}"
Table S7-02190,si,Table S7,–,summary,"{""block"": ""B"", ""dim"": 30, ""method"": ""solar_orthogonal"", ""metric"": ""cLISI"", ""population"": ""joint"", ""stat"": ""na_code""}"
Table S7-02191,si,Table S7,0.527,summary,"{""block"": ""B"", ""dim"": 30, ""method"": ""solar_orthogonal"", ""metric"": ""cell_cycle_conservation"", ""population"": ""joint"", ""stat"": ""mean""}"
Table S7-02192,si,Table S7,0.171,summary,"{""block"": ""B"", ""dim"": 30, ""method"": ""solar_orthogonal"", ""metric"": ""cell_cycle_conservation"", ""population"": ""joint"", ""stat"": ""sd""}"
Table S7-02193,si,Table S7,3/3,summary,"{""block"": ""B"", ""dim"": 30, ""method"": ""solar_orthogonal"", ""metric"": ""cell_cycle_conservation"", ""population"": ""joint"", ""stat"": ""D""}"
Table S7-02194,si,Table S7,9/9,summary,"{""block"": ""B"", ""dim"": 30, ""method"": ""solar_orthogonal"", ""metric"": ""cell_cycle_conservation"", ""population"": ""joint"", ""stat"": ""B""}"
Table S7-02195,si,Table S7,45/45,summary,"{""block"": ""B"", ""dim"": 30, ""method"": ""solar_orthogonal"", ""metric"": ""cell_cycle_conservation"", ""population"": ""joint"", ""stat"": ""F""}"
Table S7-02196,si,Table S7,–,summary,"{""block"": ""B"", ""dim"": 30, ""method"": ""solar_orthogonal"", ""metric"": ""cell_cycle_conservation"", ""population"": ""joint"", ""stat"": ""na_code""}"
Table S7-02197,si,Table S7,NA,summary,"{""block"": ""B"", ""dim"": 30, ""method"": ""solar_orthogonal"", ""metric"": ""hvg_overlap"", ""population"": ""joint"", ""stat"": ""mean""}"
Table S7-02198,si,Table S7,–,summary,"{""block"": ""B"", ""dim"": 30, ""method"": ""solar_orthogonal"", ""metric"": ""hvg_overlap"", ""population"": ""joint"", ""stat"": ""sd""}"
Table S7-02199,si,Table S7,0/3,summary,"{""block"": ""B"", ""dim"": 30, ""method"": ""solar_orthogonal"", ""metric"": ""hvg_overlap"", ""population"": ""joint"", ""stat"": ""D""}"
Table S7-02200,si,Table S7,0/9,summary,"{""block"": ""B"", ""dim"": 30, ""method"": ""solar_orthogonal"", ""metric"": ""hvg_overlap"", ""population"": ""joint"", ""stat"": ""B""}"
Table S7-02201,si,Table S7,0/45,summary,"{""block"": ""B"", ""dim"": 30, ""method"": ""solar_orthogonal"", ""metric"": ""hvg_overlap"", ""population"": ""joint"", ""stat"": ""F""}"
Table S7-02202,si,Table S7,H,summary,"{""block"": ""B"", ""dim"": 30, ""method"": ""solar_orthogonal"", ""metric"": ""hvg_overlap"", ""population"": ""joint"", ""stat"": ""na_code""}"
Table S7-02203,si,Table S7,1.740,summary,"{""block"": ""B"", ""dim"": 30, ""method"": ""solar_orthogonal"", ""metric"": ""iLISI"", ""population"": ""joint"", ""stat"": ""mean""}"
Table S7-02204,si,Table S7,0.361,summary,"{""block"": ""B"", ""dim"": 30, ""method"": ""solar_orthogonal"", ""metric"": ""iLISI"", ""population"": ""joint"", ""stat"": ""sd""}"
Table S7-02205,si,Table S7,3/3,summary,"{""block"": ""B"", ""dim"": 30, ""method"": ""solar_orthogonal"", ""metric"": ""iLISI"", ""population"": ""joint"", ""stat"": ""D""}"
Table S7-02206,si,Table S7,9/9,summary,"{""block"": ""B"", ""dim"": 30, ""method"": ""solar_orthogonal"", ""metric"": ""iLISI"", ""population"": ""joint"", ""stat"": ""B""}"
Table S7-02207,si,Table S7,45/45,summary,"{""block"": ""B"", ""dim"": 30, ""method"": ""solar_orthogonal"", ""metric"": ""iLISI"", ""population"": ""joint"", ""stat"": ""F""}"
Table S7-02208,si,Table S7,–,summary,"{""block"": ""B"", ""dim"": 30, ""method"": ""solar_orthogonal"", ""metric"": ""iLISI"", ""population"": ""joint"", ""stat"": ""na_code""}"
Table S7-02209,si,Table S7,0.501,summary,"{""block"": ""B"", ""dim"": 30, ""method"": ""solar_orthogonal"", ""metric"": ""isolated_label_silhouette"", ""population"": ""joint"", ""stat"": ""mean""}"
Table S7-02210,si,Table S7,0.010,summary,"{""block"": ""B"", ""dim"": 30, ""method"": ""solar_orthogonal"", ""metric"": ""isolated_label_silhouette"", ""population"": ""joint"", ""stat"": ""sd""}"
Table S7-02211,si,Table S7,3/3,summary,"{""block"": ""B"", ""dim"": 30, ""method"": ""solar_orthogonal"", ""metric"": ""isolated_label_silhouette"", ""population"": ""joint"", ""stat"": ""D""}"
Table S7-02212,si,Table S7,9/9,summary,"{""block"": ""B"", ""dim"": 30, ""method"": ""solar_orthogonal"", ""metric"": ""isolated_label_silhouette"", ""population"": ""joint"", ""stat"": ""B""}"
Table S7-02213,si,Table S7,45/45,summary,"{""block"": ""B"", ""dim"": 30, ""method"": ""solar_orthogonal"", ""metric"": ""isolated_label_silhouette"", ""population"": ""joint"", ""stat"": ""F""}"
Table S7-02214,si,Table S7,–,summary,"{""block"": ""B"", ""dim"": 30, ""method"": ""solar_orthogonal"", ""metric"": ""isolated_label_silhouette"", ""population"": ""joint"", ""stat"": ""na_code""}"
Table S7-02215,si,Table S7,0.811,summary,"{""block"": ""B"", ""dim"": 30, ""method"": ""solar_orthogonal"", ""metric"": ""macro_f1"", ""population"": ""query"", ""stat"": ""mean""}"
Table S7-02216,si,Table S7,0.114,summary,"{""block"": ""B"", ""dim"": 30, ""method"": ""solar_orthogonal"", ""metric"": ""macro_f1"", ""population"": ""query"", ""stat"": ""sd""}"
Table S7-02217,si,Table S7,3/3,summary,"{""block"": ""B"", ""dim"": 30, ""method"": ""solar_orthogonal"", ""metric"": ""macro_f1"", ""population"": ""query"", ""stat"": ""D""}"
Table S7-02218,si,Table S7,9/9,summary,"{""block"": ""B"", ""dim"": 30, ""method"": ""solar_orthogonal"", ""metric"": ""macro_f1"", ""population"": ""query"", ""stat"": ""B""}"
Table S7-02219,si,Table S7,45/45,summary,"{""block"": ""B"", ""dim"": 30, ""method"": ""solar_orthogonal"", ""metric"": ""macro_f1"", ""population"": ""query"", ""stat"": ""F""}"
Table S7-02220,si,Table S7,–,summary,"{""block"": ""B"", ""dim"": 30, ""method"": ""solar_orthogonal"", ""metric"": ""macro_f1"", ""population"": ""query"", ""stat"": ""na_code""}"
Table S7-02221,si,Table S7,0.861,summary,"{""block"": ""B"", ""dim"": 30, ""method"": ""solar_orthogonal"", ""metric"": ""pseudotime_smoothness"", ""population"": ""joint"", ""stat"": ""mean""}"
Table S7-02222,si,Table S7,0.006,summary,"{""block"": ""B"", ""dim"": 30, ""method"": ""solar_orthogonal"", ""metric"": ""pseudotime_smoothness"", ""population"": ""joint"", ""stat"": ""sd""}"
Table S7-02223,si,Table S7,1/1,summary,"{""block"": ""B"", ""dim"": 30, ""method"": ""solar_orthogonal"", ""metric"": ""pseudotime_smoothness"", ""population"": ""joint"", ""stat"": ""D""}"
Table S7-02224,si,Table S7,3/3,summary,"{""block"": ""B"", ""dim"": 30, ""method"": ""solar_orthogonal"", ""metric"": ""pseudotime_smoothness"", ""population"": ""joint"", ""stat"": ""B""}"
Table S7-02225,si,Table S7,15/15,summary,"{""block"": ""B"", ""dim"": 30, ""method"": ""solar_orthogonal"", ""metric"": ""pseudotime_smoothness"", ""population"": ""joint"", ""stat"": ""F""}"
Table S7-02226,si,Table S7,S,summary,"{""block"": ""B"", ""dim"": 30, ""method"": ""solar_orthogonal"", ""metric"": ""pseudotime_smoothness"", ""population"": ""joint"", ""stat"": ""na_code""}"
Table S7-02227,si,Table S7,0.947,summary,"{""block"": ""B"", ""dim"": 30, ""method"": ""solar_orthogonal"", ""metric"": ""pseudotime_smoothness"", ""population"": ""query"", ""stat"": ""mean""}"
Table S7-02228,si,Table S7,–,summary,"{""block"": ""B"", ""dim"": 30, ""method"": ""solar_orthogonal"", ""metric"": ""pseudotime_smoothness"", ""population"": ""query"", ""stat"": ""sd""}"
Table S7-02229,si,Table S7,1/1,summary,"{""block"": ""B"", ""dim"": 30, ""method"": ""solar_orthogonal"", ""metric"": ""pseudotime_smoothness"", ""population"": ""query"", ""stat"": ""D""}"
Table S7-02230,si,Table S7,1/3,summary,"{""block"": ""B"", ""dim"": 30, ""method"": ""solar_orthogonal"", ""metric"": ""pseudotime_smoothness"", ""population"": ""query"", ""stat"": ""B""}"
Table S7-02231,si,Table S7,5/15,summary,"{""block"": ""B"", ""dim"": 30, ""method"": ""solar_orthogonal"", ""metric"": ""pseudotime_smoothness"", ""population"": ""query"", ""stat"": ""F""}"
Table S7-02232,si,Table S7,"P,S",summary,"{""block"": ""B"", ""dim"": 30, ""method"": ""solar_orthogonal"", ""metric"": ""pseudotime_smoothness"", ""population"": ""query"", ""stat"": ""na_code""}"
Table S7-02233,si,Table S7,0.837,summary,"{""block"": ""B"", ""dim"": 30, ""method"": ""solar_orthogonal"", ""metric"": ""pseudotime_smoothness"", ""population"": ""reference"", ""stat"": ""mean""}"
Table S7-02234,si,Table S7,0.046,summary,"{""block"": ""B"", ""dim"": 30, ""method"": ""solar_orthogonal"", ""metric"": ""pseudotime_smoothness"", ""population"": ""reference"", ""stat"": ""sd""}"
Table S7-02235,si,Table S7,1/1,summary,"{""block"": ""B"", ""dim"": 30, ""method"": ""solar_orthogonal"", ""metric"": ""pseudotime_smoothness"", ""population"": ""reference"", ""stat"": ""D""}"
Table S7-02236,si,Table S7,3/3,summary,"{""block"": ""B"", ""dim"": 30, ""method"": ""solar_orthogonal"", ""metric"": ""pseudotime_smoothness"", ""population"": ""reference"", ""stat"": ""B""}"
Table S7-02237,si,Table S7,15/15,summary,"{""block"": ""B"", ""dim"": 30, ""method"": ""solar_orthogonal"", ""metric"": ""pseudotime_smoothness"", ""population"": ""reference"", ""stat"": ""F""}"
Table S7-02238,si,Table S7,S,summary,"{""block"": ""B"", ""dim"": 30, ""method"": ""solar_orthogonal"", ""metric"": ""pseudotime_smoothness"", ""population"": ""reference"", ""stat"": ""na_code""}"
Table S7-02239,si,Table S7,0.654,summary,"{""block"": ""B"", ""dim"": 30, ""method"": ""solar_orthogonal"", ""metric"": ""trajectory"", ""population"": ""joint"", ""stat"": ""mean""}"
Table S7-02240,si,Table S7,0.075,summary,"{""block"": ""B"", ""dim"": 30, ""method"": ""solar_orthogonal"", ""metric"": ""trajectory"", ""population"": ""joint"", ""stat"": ""sd""}"
Table S7-02241,si,Table S7,1/1,summary,"{""block"": ""B"", ""dim"": 30, ""method"": ""solar_orthogonal"", ""metric"": ""trajectory"", ""population"": ""joint"", ""stat"": ""D""}"
Table S7-02242,si,Table S7,3/3,summary,"{""block"": ""B"", ""dim"": 30, ""method"": ""solar_orthogonal"", ""metric"": ""trajectory"", ""population"": ""joint"", ""stat"": ""B""}"
Table S7-02243,si,Table S7,15/15,summary,"{""block"": ""B"", ""dim"": 30, ""method"": ""solar_orthogonal"", ""metric"": ""trajectory"", ""population"": ""joint"", ""stat"": ""F""}"
Table S7-02244,si,Table S7,T,summary,"{""block"": ""B"", ""dim"": 30, ""method"": ""solar_orthogonal"", ""metric"": ""trajectory"", ""population"": ""joint"", ""stat"": ""na_code""}"
Table S7-02245,si,Table S7,0.912,summary,"{""block"": ""B"", ""dim"": 30, ""method"": ""solar_orthogonal"", ""metric"": ""trustworthiness"", ""population"": ""joint"", ""stat"": ""mean""}"
Table S7-02246,si,Table S7,0.022,summary,"{""block"": ""B"", ""dim"": 30, ""method"": ""solar_orthogonal"", ""metric"": ""trustworthiness"", ""population"": ""joint"", ""stat"": ""sd""}"
Table S7-02247,si,Table S7,2/2,summary,"{""block"": ""B"", ""dim"": 30, ""method"": ""solar_orthogonal"", ""metric"": ""trustworthiness"", ""population"": ""joint"", ""stat"": ""D""}"
Table S7-02248,si,Table S7,6/6,summary,"{""block"": ""B"", ""dim"": 30, ""method"": ""solar_orthogonal"", ""metric"": ""trustworthiness"", ""population"": ""joint"", ""stat"": ""B""}"
Table S7-02249,si,Table S7,30/30,summary,"{""block"": ""B"", ""dim"": 30, ""method"": ""solar_orthogonal"", ""metric"": ""trustworthiness"", ""population"": ""joint"", ""stat"": ""F""}"
Table S7-02250,si,Table S7,S,summary,"{""block"": ""B"", ""dim"": 30, ""method"": ""solar_orthogonal"", ""metric"": ""trustworthiness"", ""population"": ""joint"", ""stat"": ""na_code""}"
Table S7-02251,si,Table S7,0.936,summary,"{""block"": ""B"", ""dim"": 30, ""method"": ""solar_orthogonal"", ""metric"": ""trustworthiness"", ""population"": ""query"", ""stat"": ""mean""}"
Table S7-02252,si,Table S7,0.013,summary,"{""block"": ""B"", ""dim"": 30, ""method"": ""solar_orthogonal"", ""metric"": ""trustworthiness"", ""population"": ""query"", ""stat"": ""sd""}"
Table S7-02253,si,Table S7,2/2,summary,"{""block"": ""B"", ""dim"": 30, ""method"": ""solar_orthogonal"", ""metric"": ""trustworthiness"", ""population"": ""query"", ""stat"": ""D""}"
Table S7-02254,si,Table S7,6/6,summary,"{""block"": ""B"", ""dim"": 30, ""method"": ""solar_orthogonal"", ""metric"": ""trustworthiness"", ""population"": ""query"", ""stat"": ""B""}"
Table S7-02255,si,Table S7,30/30,summary,"{""block"": ""B"", ""dim"": 30, ""method"": ""solar_orthogonal"", ""metric"": ""trustworthiness"", ""population"": ""query"", ""stat"": ""F""}"
Table S7-02256,si,Table S7,S,summary,"{""block"": ""B"", ""dim"": 30, ""method"": ""solar_orthogonal"", ""metric"": ""trustworthiness"", ""population"": ""query"", ""stat"": ""na_code""}"
Table S7-02257,si,Table S7,0.907,summary,"{""block"": ""B"", ""dim"": 30, ""method"": ""solar_orthogonal"", ""metric"": ""trustworthiness"", ""population"": ""reference"", ""stat"": ""mean""}"
Table S7-02258,si,Table S7,0.023,summary,"{""block"": ""B"", ""dim"": 30, ""method"": ""solar_orthogonal"", ""metric"": ""trustworthiness"", ""population"": ""reference"", ""stat"": ""sd""}"
Table S7-02259,si,Table S7,2/2,summary,"{""block"": ""B"", ""dim"": 30, ""method"": ""solar_orthogonal"", ""metric"": ""trustworthiness"", ""population"": ""reference"", ""stat"": ""D""}"
Table S7-02260,si,Table S7,6/6,summary,"{""block"": ""B"", ""dim"": 30, ""method"": ""solar_orthogonal"", ""metric"": ""trustworthiness"", ""population"": ""reference"", ""stat"": ""B""}"
Table S7-02261,si,Table S7,30/30,summary,"{""block"": ""B"", ""dim"": 30, ""method"": ""solar_orthogonal"", ""metric"": ""trustworthiness"", ""population"": ""reference"", ""stat"": ""F""}"
Table S7-02262,si,Table S7,S,summary,"{""block"": ""B"", ""dim"": 30, ""method"": ""solar_orthogonal"", ""metric"": ""trustworthiness"", ""population"": ""reference"", ""stat"": ""na_code""}"
Table S7-02263,si,Table S7,-0.108,summary,"{""block"": ""B"", ""dim"": 30, ""method"": ""solar_orthogonal"", ""metric"": ""within_label_silhouette__donor"", ""population"": ""joint"", ""stat"": ""mean""}"
Table S7-02264,si,Table S7,0.007,summary,"{""block"": ""B"", ""dim"": 30, ""method"": ""solar_orthogonal"", ""metric"": ""within_label_silhouette__donor"", ""population"": ""joint"", ""stat"": ""sd""}"
Table S7-02265,si,Table S7,1/1,summary,"{""block"": ""B"", ""dim"": 30, ""method"": ""solar_orthogonal"", ""metric"": ""within_label_silhouette__donor"", ""population"": ""joint"", ""stat"": ""D""}"
Table S7-02266,si,Table S7,3/3,summary,"{""block"": ""B"", ""dim"": 30, ""method"": ""solar_orthogonal"", ""metric"": ""within_label_silhouette__donor"", ""population"": ""joint"", ""stat"": ""B""}"
Table S7-02267,si,Table S7,15/15,summary,"{""block"": ""B"", ""dim"": 30, ""method"": ""solar_orthogonal"", ""metric"": ""within_label_silhouette__donor"", ""population"": ""joint"", ""stat"": ""F""}"
Table S7-02268,si,Table S7,S,summary,"{""block"": ""B"", ""dim"": 30, ""method"": ""solar_orthogonal"", ""metric"": ""within_label_silhouette__donor"", ""population"": ""joint"", ""stat"": ""na_code""}"
Table S7-02269,si,Table S7,NA,summary,"{""block"": ""B"", ""dim"": 30, ""method"": ""solar_orthogonal"", ""metric"": ""within_label_silhouette__donor"", ""population"": ""query"", ""stat"": ""mean""}"
Table S7-02270,si,Table S7,–,summary,"{""block"": ""B"", ""dim"": 30, ""method"": ""solar_orthogonal"", ""metric"": ""within_label_silhouette__donor"", ""population"": ""query"", ""stat"": ""sd""}"
Table S7-02271,si,Table S7,0/1,summary,"{""block"": ""B"", ""dim"": 30, ""method"": ""solar_orthogonal"", ""metric"": ""within_label_silhouette__donor"", ""population"": ""query"", ""stat"": ""D""}"
Table S7-02272,si,Table S7,0/3,summary,"{""block"": ""B"", ""dim"": 30, ""method"": ""solar_orthogonal"", ""metric"": ""within_label_silhouette__donor"", ""population"": ""query"", ""stat"": ""B""}"
Table S7-02273,si,Table S7,0/15,summary,"{""block"": ""B"", ""dim"": 30, ""method"": ""solar_orthogonal"", ""metric"": ""within_label_silhouette__donor"", ""population"": ""query"", ""stat"": ""F""}"
Table S7-02274,si,Table S7,"C,S",summary,"{""block"": ""B"", ""dim"": 30, ""method"": ""solar_orthogonal"", ""metric"": ""within_label_silhouette__donor"", ""population"": ""query"", ""stat"": ""na_code""}"
Table S7-02275,si,Table S7,-0.101,summary,"{""block"": ""B"", ""dim"": 30, ""method"": ""solar_orthogonal"", ""metric"": ""within_label_silhouette__donor"", ""population"": ""reference"", ""stat"": ""mean""}"
Table S7-02276,si,Table S7,0.007,summary,"{""block"": ""B"", ""dim"": 30, ""method"": ""solar_orthogonal"", ""metric"": ""within_label_silhouette__donor"", ""population"": ""reference"", ""stat"": ""sd""}"
Table S7-02277,si,Table S7,1/1,summary,"{""block"": ""B"", ""dim"": 30, ""method"": ""solar_orthogonal"", ""metric"": ""within_label_silhouette__donor"", ""population"": ""reference"", ""stat"": ""D""}"
Table S7-02278,si,Table S7,3/3,summary,"{""block"": ""B"", ""dim"": 30, ""method"": ""solar_orthogonal"", ""metric"": ""within_label_silhouette__donor"", ""population"": ""reference"", ""stat"": ""B""}"
Table S7-02279,si,Table S7,15/15,summary,"{""block"": ""B"", ""dim"": 30, ""method"": ""solar_orthogonal"", ""metric"": ""within_label_silhouette__donor"", ""population"": ""reference"", ""stat"": ""F""}"
Table S7-02280,si,Table S7,S,summary,"{""block"": ""B"", ""dim"": 30, ""method"": ""solar_orthogonal"", ""metric"": ""within_label_silhouette__donor"", ""population"": ""reference"", ""stat"": ""na_code""}"
Table S7-02281,si,Table S7,0.229,summary,"{""block"": ""B"", ""dim"": 30, ""method"": ""solar_orthogonal"", ""metric"": ""within_label_silhouette__patientGroup"", ""population"": ""joint"", ""stat"": ""mean""}"
Table S7-02282,si,Table S7,0.017,summary,"{""block"": ""B"", ""dim"": 30, ""method"": ""solar_orthogonal"", ""metric"": ""within_label_silhouette__patientGroup"", ""population"": ""joint"", ""stat"": ""sd""}"
Table S7-02283,si,Table S7,1/1,summary,"{""block"": ""B"", ""dim"": 30, ""method"": ""solar_orthogonal"", ""metric"": ""within_label_silhouette__patientGroup"", ""population"": ""joint"", ""stat"": ""D""}"
Table S7-02284,si,Table S7,3/3,summary,"{""block"": ""B"", ""dim"": 30, ""method"": ""solar_orthogonal"", ""metric"": ""within_label_silhouette__patientGroup"", ""population"": ""joint"", ""stat"": ""B""}"
Table S7-02285,si,Table S7,15/15,summary,"{""block"": ""B"", ""dim"": 30, ""method"": ""solar_orthogonal"", ""metric"": ""within_label_silhouette__patientGroup"", ""population"": ""joint"", ""stat"": ""F""}"
Table S7-02286,si,Table S7,S,summary,"{""block"": ""B"", ""dim"": 30, ""method"": ""solar_orthogonal"", ""metric"": ""within_label_silhouette__patientGroup"", ""population"": ""joint"", ""stat"": ""na_code""}"
Table S7-02287,si,Table S7,NA,summary,"{""block"": ""B"", ""dim"": 30, ""method"": ""solar_orthogonal"", ""metric"": ""within_label_silhouette__patientGroup"", ""population"": ""query"", ""stat"": ""mean""}"
Table S7-02288,si,Table S7,–,summary,"{""block"": ""B"", ""dim"": 30, ""method"": ""solar_orthogonal"", ""metric"": ""within_label_silhouette__patientGroup"", ""population"": ""query"", ""stat"": ""sd""}"
Table S7-02289,si,Table S7,0/1,summary,"{""block"": ""B"", ""dim"": 30, ""method"": ""solar_orthogonal"", ""metric"": ""within_label_silhouette__patientGroup"", ""population"": ""query"", ""stat"": ""D""}"
Table S7-02290,si,Table S7,0/3,summary,"{""block"": ""B"", ""dim"": 30, ""method"": ""solar_orthogonal"", ""metric"": ""within_label_silhouette__patientGroup"", ""population"": ""query"", ""stat"": ""B""}"
Table S7-02291,si,Table S7,0/15,summary,"{""block"": ""B"", ""dim"": 30, ""method"": ""solar_orthogonal"", ""metric"": ""within_label_silhouette__patientGroup"", ""population"": ""query"", ""stat"": ""F""}"
Table S7-02292,si,Table S7,"C,S",summary,"{""block"": ""B"", ""dim"": 30, ""method"": ""solar_orthogonal"", ""metric"": ""within_label_silhouette__patientGroup"", ""population"": ""query"", ""stat"": ""na_code""}"
Table S7-02293,si,Table S7,0.243,summary,"{""block"": ""B"", ""dim"": 30, ""method"": ""solar_orthogonal"", ""metric"": ""within_label_silhouette__patientGroup"", ""population"": ""reference"", ""stat"": ""mean""}"
Table S7-02294,si,Table S7,0.025,summary,"{""block"": ""B"", ""dim"": 30, ""method"": ""solar_orthogonal"", ""metric"": ""within_label_silhouette__patientGroup"", ""population"": ""reference"", ""stat"": ""sd""}"
Table S7-02295,si,Table S7,1/1,summary,"{""block"": ""B"", ""dim"": 30, ""method"": ""solar_orthogonal"", ""metric"": ""within_label_silhouette__patientGroup"", ""population"": ""reference"", ""stat"": ""D""}"
Table S7-02296,si,Table S7,3/3,summary,"{""block"": ""B"", ""dim"": 30, ""method"": ""solar_orthogonal"", ""metric"": ""within_label_silhouette__patientGroup"", ""population"": ""reference"", ""stat"": ""B""}"
Table S7-02297,si,Table S7,15/15,summary,"{""block"": ""B"", ""dim"": 30, ""method"": ""solar_orthogonal"", ""metric"": ""within_label_silhouette__patientGroup"", ""population"": ""reference"", ""stat"": ""F""}"
Table S7-02298,si,Table S7,S,summary,"{""block"": ""B"", ""dim"": 30, ""method"": ""solar_orthogonal"", ""metric"": ""within_label_silhouette__patientGroup"", ""population"": ""reference"", ""stat"": ""na_code""}"
Table S7-02299,si,Table S7,-0.002,summary,"{""block"": ""B"", ""dim"": 30, ""method"": ""solar_orthogonal"", ""metric"": ""within_label_silhouette__sample_ID"", ""population"": ""joint"", ""stat"": ""mean""}"
Table S7-02300,si,Table S7,0.027,summary,"{""block"": ""B"", ""dim"": 30, ""method"": ""solar_orthogonal"", ""metric"": ""within_label_silhouette__sample_ID"", ""population"": ""joint"", ""stat"": ""sd""}"
Table S7-02301,si,Table S7,1/1,summary,"{""block"": ""B"", ""dim"": 30, ""method"": ""solar_orthogonal"", ""metric"": ""within_label_silhouette__sample_ID"", ""population"": ""joint"", ""stat"": ""D""}"
Table S7-02302,si,Table S7,3/3,summary,"{""block"": ""B"", ""dim"": 30, ""method"": ""solar_orthogonal"", ""metric"": ""within_label_silhouette__sample_ID"", ""population"": ""joint"", ""stat"": ""B""}"
Table S7-02303,si,Table S7,15/15,summary,"{""block"": ""B"", ""dim"": 30, ""method"": ""solar_orthogonal"", ""metric"": ""within_label_silhouette__sample_ID"", ""population"": ""joint"", ""stat"": ""F""}"
Table S7-02304,si,Table S7,S,summary,"{""block"": ""B"", ""dim"": 30, ""method"": ""solar_orthogonal"", ""metric"": ""within_label_silhouette__sample_ID"", ""population"": ""joint"", ""stat"": ""na_code""}"
Table S7-02305,si,Table S7,NA,summary,"{""block"": ""B"", ""dim"": 30, ""method"": ""solar_orthogonal"", ""metric"": ""within_label_silhouette__sample_ID"", ""population"": ""query"", ""stat"": ""mean""}"
Table S7-02306,si,Table S7,–,summary,"{""block"": ""B"", ""dim"": 30, ""method"": ""solar_orthogonal"", ""metric"": ""within_label_silhouette__sample_ID"", ""population"": ""query"", ""stat"": ""sd""}"
Table S7-02307,si,Table S7,0/1,summary,"{""block"": ""B"", ""dim"": 30, ""method"": ""solar_orthogonal"", ""metric"": ""within_label_silhouette__sample_ID"", ""population"": ""query"", ""stat"": ""D""}"
Table S7-02308,si,Table S7,0/3,summary,"{""block"": ""B"", ""dim"": 30, ""method"": ""solar_orthogonal"", ""metric"": ""within_label_silhouette__sample_ID"", ""population"": ""query"", ""stat"": ""B""}"
Table S7-02309,si,Table S7,0/15,summary,"{""block"": ""B"", ""dim"": 30, ""method"": ""solar_orthogonal"", ""metric"": ""within_label_silhouette__sample_ID"", ""population"": ""query"", ""stat"": ""F""}"
Table S7-02310,si,Table S7,"C,S",summary,"{""block"": ""B"", ""dim"": 30, ""method"": ""solar_orthogonal"", ""metric"": ""within_label_silhouette__sample_ID"", ""population"": ""query"", ""stat"": ""na_code""}"
Table S7-02311,si,Table S7,-0.008,summary,"{""block"": ""B"", ""dim"": 30, ""method"": ""solar_orthogonal"", ""metric"": ""within_label_silhouette__sample_ID"", ""population"": ""reference"", ""stat"": ""mean""}"
Table S7-02312,si,Table S7,0.018,summary,"{""block"": ""B"", ""dim"": 30, ""method"": ""solar_orthogonal"", ""metric"": ""within_label_silhouette__sample_ID"", ""population"": ""reference"", ""stat"": ""sd""}"
Table S7-02313,si,Table S7,1/1,summary,"{""block"": ""B"", ""dim"": 30, ""method"": ""solar_orthogonal"", ""metric"": ""within_label_silhouette__sample_ID"", ""population"": ""reference"", ""stat"": ""D""}"
Table S7-02314,si,Table S7,3/3,summary,"{""block"": ""B"", ""dim"": 30, ""method"": ""solar_orthogonal"", ""metric"": ""within_label_silhouette__sample_ID"", ""population"": ""reference"", ""stat"": ""B""}"
Table S7-02315,si,Table S7,15/15,summary,"{""block"": ""B"", ""dim"": 30, ""method"": ""solar_orthogonal"", ""metric"": ""within_label_silhouette__sample_ID"", ""population"": ""reference"", ""stat"": ""F""}"
Table S7-02316,si,Table S7,S,summary,"{""block"": ""B"", ""dim"": 30, ""method"": ""solar_orthogonal"", ""metric"": ""within_label_silhouette__sample_ID"", ""population"": ""reference"", ""stat"": ""na_code""}"
Table S7-02317,si,Table S7,-0.002,summary,"{""block"": ""B"", ""dim"": 30, ""method"": ""solar_orthogonal"", ""metric"": ""within_label_silhouette__study"", ""population"": ""joint"", ""stat"": ""mean""}"
Table S7-02318,si,Table S7,0.027,summary,"{""block"": ""B"", ""dim"": 30, ""method"": ""solar_orthogonal"", ""metric"": ""within_label_silhouette__study"", ""population"": ""joint"", ""stat"": ""sd""}"
Table S7-02319,si,Table S7,1/1,summary,"{""block"": ""B"", ""dim"": 30, ""method"": ""solar_orthogonal"", ""metric"": ""within_label_silhouette__study"", ""population"": ""joint"", ""stat"": ""D""}"
Table S7-02320,si,Table S7,3/3,summary,"{""block"": ""B"", ""dim"": 30, ""method"": ""solar_orthogonal"", ""metric"": ""within_label_silhouette__study"", ""population"": ""joint"", ""stat"": ""B""}"
Table S7-02321,si,Table S7,15/15,summary,"{""block"": ""B"", ""dim"": 30, ""method"": ""solar_orthogonal"", ""metric"": ""within_label_silhouette__study"", ""population"": ""joint"", ""stat"": ""F""}"
Table S7-02322,si,Table S7,S,summary,"{""block"": ""B"", ""dim"": 30, ""method"": ""solar_orthogonal"", ""metric"": ""within_label_silhouette__study"", ""population"": ""joint"", ""stat"": ""na_code""}"
Table S7-02323,si,Table S7,NA,summary,"{""block"": ""B"", ""dim"": 30, ""method"": ""solar_orthogonal"", ""metric"": ""within_label_silhouette__study"", ""population"": ""query"", ""stat"": ""mean""}"
Table S7-02324,si,Table S7,–,summary,"{""block"": ""B"", ""dim"": 30, ""method"": ""solar_orthogonal"", ""metric"": ""within_label_silhouette__study"", ""population"": ""query"", ""stat"": ""sd""}"
Table S7-02325,si,Table S7,0/1,summary,"{""block"": ""B"", ""dim"": 30, ""method"": ""solar_orthogonal"", ""metric"": ""within_label_silhouette__study"", ""population"": ""query"", ""stat"": ""D""}"
Table S7-02326,si,Table S7,0/3,summary,"{""block"": ""B"", ""dim"": 30, ""method"": ""solar_orthogonal"", ""metric"": ""within_label_silhouette__study"", ""population"": ""query"", ""stat"": ""B""}"
Table S7-02327,si,Table S7,0/15,summary,"{""block"": ""B"", ""dim"": 30, ""method"": ""solar_orthogonal"", ""metric"": ""within_label_silhouette__study"", ""population"": ""query"", ""stat"": ""F""}"
Table S7-02328,si,Table S7,"C,S",summary,"{""block"": ""B"", ""dim"": 30, ""method"": ""solar_orthogonal"", ""metric"": ""within_label_silhouette__study"", ""population"": ""query"", ""stat"": ""na_code""}"
Table S7-02329,si,Table S7,-0.008,summary,"{""block"": ""B"", ""dim"": 30, ""method"": ""solar_orthogonal"", ""metric"": ""within_label_silhouette__study"", ""population"": ""reference"", ""stat"": ""mean""}"
Table S7-02330,si,Table S7,0.018,summary,"{""block"": ""B"", ""dim"": 30, ""method"": ""solar_orthogonal"", ""metric"": ""within_label_silhouette__study"", ""population"": ""reference"", ""stat"": ""sd""}"
Table S7-02331,si,Table S7,1/1,summary,"{""block"": ""B"", ""dim"": 30, ""method"": ""solar_orthogonal"", ""metric"": ""within_label_silhouette__study"", ""population"": ""reference"", ""stat"": ""D""}"
Table S7-02332,si,Table S7,3/3,summary,"{""block"": ""B"", ""dim"": 30, ""method"": ""solar_orthogonal"", ""metric"": ""within_label_silhouette__study"", ""population"": ""reference"", ""stat"": ""B""}"
Table S7-02333,si,Table S7,15/15,summary,"{""block"": ""B"", ""dim"": 30, ""method"": ""solar_orthogonal"", ""metric"": ""within_label_silhouette__study"", ""population"": ""reference"", ""stat"": ""F""}"
Table S7-02334,si,Table S7,S,summary,"{""block"": ""B"", ""dim"": 30, ""method"": ""solar_orthogonal"", ""metric"": ""within_label_silhouette__study"", ""population"": ""reference"", ""stat"": ""na_code""}"
Table S7-02335,si,Table S7,0.287,summary,"{""block"": ""B"", ""dim"": 30, ""method"": ""unintegrated_pca_matched"", ""metric"": ""ARI_cluster/label"", ""population"": ""joint"", ""stat"": ""mean""}"
Table S7-02336,si,Table S7,0.058,summary,"{""block"": ""B"", ""dim"": 30, ""method"": ""unintegrated_pca_matched"", ""metric"": ""ARI_cluster/label"", ""population"": ""joint"", ""stat"": ""sd""}"
Table S7-02337,si,Table S7,3/3,summary,"{""block"": ""B"", ""dim"": 30, ""method"": ""unintegrated_pca_matched"", ""metric"": ""ARI_cluster/label"", ""population"": ""joint"", ""stat"": ""D""}"
Table S7-02338,si,Table S7,9/9,summary,"{""block"": ""B"", ""dim"": 30, ""method"": ""unintegrated_pca_matched"", ""metric"": ""ARI_cluster/label"", ""population"": ""joint"", ""stat"": ""B""}"
Table S7-02339,si,Table S7,9/9,summary,"{""block"": ""B"", ""dim"": 30, ""method"": ""unintegrated_pca_matched"", ""metric"": ""ARI_cluster/label"", ""population"": ""joint"", ""stat"": ""F""}"
Table S7-02340,si,Table S7,–,summary,"{""block"": ""B"", ""dim"": 30, ""method"": ""unintegrated_pca_matched"", ""metric"": ""ARI_cluster/label"", ""population"": ""joint"", ""stat"": ""na_code""}"
Table S7-02341,si,Table S7,0.574,summary,"{""block"": ""B"", ""dim"": 30, ""method"": ""unintegrated_pca_matched"", ""metric"": ""ASW_label"", ""population"": ""joint"", ""stat"": ""mean""}"
Table S7-02342,si,Table S7,0.021,summary,"{""block"": ""B"", ""dim"": 30, ""method"": ""unintegrated_pca_matched"", ""metric"": ""ASW_label"", ""population"": ""joint"", ""stat"": ""sd""}"
Table S7-02343,si,Table S7,3/3,summary,"{""block"": ""B"", ""dim"": 30, ""method"": ""unintegrated_pca_matched"", ""metric"": ""ASW_label"", ""population"": ""joint"", ""stat"": ""D""}"
Table S7-02344,si,Table S7,9/9,summary,"{""block"": ""B"", ""dim"": 30, ""method"": ""unintegrated_pca_matched"", ""metric"": ""ASW_label"", ""population"": ""joint"", ""stat"": ""B""}"
Table S7-02345,si,Table S7,9/9,summary,"{""block"": ""B"", ""dim"": 30, ""method"": ""unintegrated_pca_matched"", ""metric"": ""ASW_label"", ""population"": ""joint"", ""stat"": ""F""}"
Table S7-02346,si,Table S7,–,summary,"{""block"": ""B"", ""dim"": 30, ""method"": ""unintegrated_pca_matched"", ""metric"": ""ASW_label"", ""population"": ""joint"", ""stat"": ""na_code""}"
Table S7-02347,si,Table S7,0.831,summary,"{""block"": ""B"", ""dim"": 30, ""method"": ""unintegrated_pca_matched"", ""metric"": ""ASW_label/batch"", ""population"": ""joint"", ""stat"": ""mean""}"
Table S7-02348,si,Table S7,0.022,summary,"{""block"": ""B"", ""dim"": 30, ""method"": ""unintegrated_pca_matched"", ""metric"": ""ASW_label/batch"", ""population"": ""joint"", ""stat"": ""sd""}"
Table S7-02349,si,Table S7,3/3,summary,"{""block"": ""B"", ""dim"": 30, ""method"": ""unintegrated_pca_matched"", ""metric"": ""ASW_label/batch"", ""population"": ""joint"", ""stat"": ""D""}"
Table S7-02350,si,Table S7,9/9,summary,"{""block"": ""B"", ""dim"": 30, ""method"": ""unintegrated_pca_matched"", ""metric"": ""ASW_label/batch"", ""population"": ""joint"", ""stat"": ""B""}"
Table S7-02351,si,Table S7,9/9,summary,"{""block"": ""B"", ""dim"": 30, ""method"": ""unintegrated_pca_matched"", ""metric"": ""ASW_label/batch"", ""population"": ""joint"", ""stat"": ""F""}"
Table S7-02352,si,Table S7,–,summary,"{""block"": ""B"", ""dim"": 30, ""method"": ""unintegrated_pca_matched"", ""metric"": ""ASW_label/batch"", ""population"": ""joint"", ""stat"": ""na_code""}"
Table S7-02353,si,Table S7,0.669,summary,"{""block"": ""B"", ""dim"": 30, ""method"": ""unintegrated_pca_matched"", ""metric"": ""NMI_cluster/label"", ""population"": ""joint"", ""stat"": ""mean""}"
Table S7-02354,si,Table S7,0.032,summary,"{""block"": ""B"", ""dim"": 30, ""method"": ""unintegrated_pca_matched"", ""metric"": ""NMI_cluster/label"", ""population"": ""joint"", ""stat"": ""sd""}"
Table S7-02355,si,Table S7,3/3,summary,"{""block"": ""B"", ""dim"": 30, ""method"": ""unintegrated_pca_matched"", ""metric"": ""NMI_cluster/label"", ""population"": ""joint"", ""stat"": ""D""}"
Table S7-02356,si,Table S7,9/9,summary,"{""block"": ""B"", ""dim"": 30, ""method"": ""unintegrated_pca_matched"", ""metric"": ""NMI_cluster/label"", ""population"": ""joint"", ""stat"": ""B""}"
Table S7-02357,si,Table S7,9/9,summary,"{""block"": ""B"", ""dim"": 30, ""method"": ""unintegrated_pca_matched"", ""metric"": ""NMI_cluster/label"", ""population"": ""joint"", ""stat"": ""F""}"
Table S7-02358,si,Table S7,–,summary,"{""block"": ""B"", ""dim"": 30, ""method"": ""unintegrated_pca_matched"", ""metric"": ""NMI_cluster/label"", ""population"": ""joint"", ""stat"": ""na_code""}"
Table S7-02359,si,Table S7,0.437,summary,"{""block"": ""B"", ""dim"": 30, ""method"": ""unintegrated_pca_matched"", ""metric"": ""PCR_batch"", ""population"": ""joint"", ""stat"": ""mean""}"
Table S7-02360,si,Table S7,0.298,summary,"{""block"": ""B"", ""dim"": 30, ""method"": ""unintegrated_pca_matched"", ""metric"": ""PCR_batch"", ""population"": ""joint"", ""stat"": ""sd""}"
Table S7-02361,si,Table S7,3/3,summary,"{""block"": ""B"", ""dim"": 30, ""method"": ""unintegrated_pca_matched"", ""metric"": ""PCR_batch"", ""population"": ""joint"", ""stat"": ""D""}"
Table S7-02362,si,Table S7,9/9,summary,"{""block"": ""B"", ""dim"": 30, ""method"": ""unintegrated_pca_matched"", ""metric"": ""PCR_batch"", ""population"": ""joint"", ""stat"": ""B""}"
Table S7-02363,si,Table S7,9/9,summary,"{""block"": ""B"", ""dim"": 30, ""method"": ""unintegrated_pca_matched"", ""metric"": ""PCR_batch"", ""population"": ""joint"", ""stat"": ""F""}"
Table S7-02364,si,Table S7,–,summary,"{""block"": ""B"", ""dim"": 30, ""method"": ""unintegrated_pca_matched"", ""metric"": ""PCR_batch"", ""population"": ""joint"", ""stat"": ""na_code""}"
Table S7-02365,si,Table S7,0.803,summary,"{""block"": ""B"", ""dim"": 30, ""method"": ""unintegrated_pca_matched"", ""metric"": ""balanced_accuracy"", ""population"": ""query"", ""stat"": ""mean""}"
Table S7-02366,si,Table S7,0.096,summary,"{""block"": ""B"", ""dim"": 30, ""method"": ""unintegrated_pca_matched"", ""metric"": ""balanced_accuracy"", ""population"": ""query"", ""stat"": ""sd""}"
Table S7-02367,si,Table S7,3/3,summary,"{""block"": ""B"", ""dim"": 30, ""method"": ""unintegrated_pca_matched"", ""metric"": ""balanced_accuracy"", ""population"": ""query"", ""stat"": ""D""}"
Table S7-02368,si,Table S7,9/9,summary,"{""block"": ""B"", ""dim"": 30, ""method"": ""unintegrated_pca_matched"", ""metric"": ""balanced_accuracy"", ""population"": ""query"", ""stat"": ""B""}"
Table S7-02369,si,Table S7,9/9,summary,"{""block"": ""B"", ""dim"": 30, ""method"": ""unintegrated_pca_matched"", ""metric"": ""balanced_accuracy"", ""population"": ""query"", ""stat"": ""F""}"
Table S7-02370,si,Table S7,–,summary,"{""block"": ""B"", ""dim"": 30, ""method"": ""unintegrated_pca_matched"", ""metric"": ""balanced_accuracy"", ""population"": ""query"", ""stat"": ""na_code""}"
Table S7-02371,si,Table S7,0.989,summary,"{""block"": ""B"", ""dim"": 30, ""method"": ""unintegrated_pca_matched"", ""metric"": ""cLISI"", ""population"": ""joint"", ""stat"": ""mean""}"
Table S7-02372,si,Table S7,0.010,summary,"{""block"": ""B"", ""dim"": 30, ""method"": ""unintegrated_pca_matched"", ""metric"": ""cLISI"", ""population"": ""joint"", ""stat"": ""sd""}"
Table S7-02373,si,Table S7,3/3,summary,"{""block"": ""B"", ""dim"": 30, ""method"": ""unintegrated_pca_matched"", ""metric"": ""cLISI"", ""population"": ""joint"", ""stat"": ""D""}"
Table S7-02374,si,Table S7,9/9,summary,"{""block"": ""B"", ""dim"": 30, ""method"": ""unintegrated_pca_matched"", ""metric"": ""cLISI"", ""population"": ""joint"", ""stat"": ""B""}"
Table S7-02375,si,Table S7,9/9,summary,"{""block"": ""B"", ""dim"": 30, ""method"": ""unintegrated_pca_matched"", ""metric"": ""cLISI"", ""population"": ""joint"", ""stat"": ""F""}"
Table S7-02376,si,Table S7,–,summary,"{""block"": ""B"", ""dim"": 30, ""method"": ""unintegrated_pca_matched"", ""metric"": ""cLISI"", ""population"": ""joint"", ""stat"": ""na_code""}"
Table S7-02377,si,Table S7,0.660,summary,"{""block"": ""B"", ""dim"": 30, ""method"": ""unintegrated_pca_matched"", ""metric"": ""cell_cycle_conservation"", ""population"": ""joint"", ""stat"": ""mean""}"
Table S7-02378,si,Table S7,0.227,summary,"{""block"": ""B"", ""dim"": 30, ""method"": ""unintegrated_pca_matched"", ""metric"": ""cell_cycle_conservation"", ""population"": ""joint"", ""stat"": ""sd""}"
Table S7-02379,si,Table S7,3/3,summary,"{""block"": ""B"", ""dim"": 30, ""method"": ""unintegrated_pca_matched"", ""metric"": ""cell_cycle_conservation"", ""population"": ""joint"", ""stat"": ""D""}"
Table S7-02380,si,Table S7,9/9,summary,"{""block"": ""B"", ""dim"": 30, ""method"": ""unintegrated_pca_matched"", ""metric"": ""cell_cycle_conservation"", ""population"": ""joint"", ""stat"": ""B""}"
Table S7-02381,si,Table S7,9/9,summary,"{""block"": ""B"", ""dim"": 30, ""method"": ""unintegrated_pca_matched"", ""metric"": ""cell_cycle_conservation"", ""population"": ""joint"", ""stat"": ""F""}"
Table S7-02382,si,Table S7,–,summary,"{""block"": ""B"", ""dim"": 30, ""method"": ""unintegrated_pca_matched"", ""metric"": ""cell_cycle_conservation"", ""population"": ""joint"", ""stat"": ""na_code""}"
Table S7-02383,si,Table S7,NA,summary,"{""block"": ""B"", ""dim"": 30, ""method"": ""unintegrated_pca_matched"", ""metric"": ""hvg_overlap"", ""population"": ""joint"", ""stat"": ""mean""}"
Table S7-02384,si,Table S7,–,summary,"{""block"": ""B"", ""dim"": 30, ""method"": ""unintegrated_pca_matched"", ""metric"": ""hvg_overlap"", ""population"": ""joint"", ""stat"": ""sd""}"
Table S7-02385,si,Table S7,0/3,summary,"{""block"": ""B"", ""dim"": 30, ""method"": ""unintegrated_pca_matched"", ""metric"": ""hvg_overlap"", ""population"": ""joint"", ""stat"": ""D""}"
Table S7-02386,si,Table S7,0/9,summary,"{""block"": ""B"", ""dim"": 30, ""method"": ""unintegrated_pca_matched"", ""metric"": ""hvg_overlap"", ""population"": ""joint"", ""stat"": ""B""}"
Table S7-02387,si,Table S7,0/9,summary,"{""block"": ""B"", ""dim"": 30, ""method"": ""unintegrated_pca_matched"", ""metric"": ""hvg_overlap"", ""population"": ""joint"", ""stat"": ""F""}"
Table S7-02388,si,Table S7,H,summary,"{""block"": ""B"", ""dim"": 30, ""method"": ""unintegrated_pca_matched"", ""metric"": ""hvg_overlap"", ""population"": ""joint"", ""stat"": ""na_code""}"
Table S7-02389,si,Table S7,0.304,summary,"{""block"": ""B"", ""dim"": 30, ""method"": ""unintegrated_pca_matched"", ""metric"": ""iLISI"", ""population"": ""joint"", ""stat"": ""mean""}"
Table S7-02390,si,Table S7,0.168,summary,"{""block"": ""B"", ""dim"": 30, ""method"": ""unintegrated_pca_matched"", ""metric"": ""iLISI"", ""population"": ""joint"", ""stat"": ""sd""}"
Table S7-02391,si,Table S7,3/3,summary,"{""block"": ""B"", ""dim"": 30, ""method"": ""unintegrated_pca_matched"", ""metric"": ""iLISI"", ""population"": ""joint"", ""stat"": ""D""}"
Table S7-02392,si,Table S7,9/9,summary,"{""block"": ""B"", ""dim"": 30, ""method"": ""unintegrated_pca_matched"", ""metric"": ""iLISI"", ""population"": ""joint"", ""stat"": ""B""}"
Table S7-02393,si,Table S7,9/9,summary,"{""block"": ""B"", ""dim"": 30, ""method"": ""unintegrated_pca_matched"", ""metric"": ""iLISI"", ""population"": ""joint"", ""stat"": ""F""}"
Table S7-02394,si,Table S7,–,summary,"{""block"": ""B"", ""dim"": 30, ""method"": ""unintegrated_pca_matched"", ""metric"": ""iLISI"", ""population"": ""joint"", ""stat"": ""na_code""}"
Table S7-02395,si,Table S7,0.501,summary,"{""block"": ""B"", ""dim"": 30, ""method"": ""unintegrated_pca_matched"", ""metric"": ""isolated_label_silhouette"", ""population"": ""joint"", ""stat"": ""mean""}"
Table S7-02396,si,Table S7,0.010,summary,"{""block"": ""B"", ""dim"": 30, ""method"": ""unintegrated_pca_matched"", ""metric"": ""isolated_label_silhouette"", ""population"": ""joint"", ""stat"": ""sd""}"
Table S7-02397,si,Table S7,3/3,summary,"{""block"": ""B"", ""dim"": 30, ""method"": ""unintegrated_pca_matched"", ""metric"": ""isolated_label_silhouette"", ""population"": ""joint"", ""stat"": ""D""}"
Table S7-02398,si,Table S7,9/9,summary,"{""block"": ""B"", ""dim"": 30, ""method"": ""unintegrated_pca_matched"", ""metric"": ""isolated_label_silhouette"", ""population"": ""joint"", ""stat"": ""B""}"
Table S7-02399,si,Table S7,9/9,summary,"{""block"": ""B"", ""dim"": 30, ""method"": ""unintegrated_pca_matched"", ""metric"": ""isolated_label_silhouette"", ""population"": ""joint"", ""stat"": ""F""}"
Table S7-02400,si,Table S7,–,summary,"{""block"": ""B"", ""dim"": 30, ""method"": ""unintegrated_pca_matched"", ""metric"": ""isolated_label_silhouette"", ""population"": ""joint"", ""stat"": ""na_code""}"
Table S7-02401,si,Table S7,0.774,summary,"{""block"": ""B"", ""dim"": 30, ""method"": ""unintegrated_pca_matched"", ""metric"": ""macro_f1"", ""population"": ""query"", ""stat"": ""mean""}"
Table S7-02402,si,Table S7,0.127,summary,"{""block"": ""B"", ""dim"": 30, ""method"": ""unintegrated_pca_matched"", ""metric"": ""macro_f1"", ""population"": ""query"", ""stat"": ""sd""}"
Table S7-02403,si,Table S7,3/3,summary,"{""block"": ""B"", ""dim"": 30, ""method"": ""unintegrated_pca_matched"", ""metric"": ""macro_f1"", ""population"": ""query"", ""stat"": ""D""}"
Table S7-02404,si,Table S7,9/9,summary,"{""block"": ""B"", ""dim"": 30, ""method"": ""unintegrated_pca_matched"", ""metric"": ""macro_f1"", ""population"": ""query"", ""stat"": ""B""}"
Table S7-02405,si,Table S7,9/9,summary,"{""block"": ""B"", ""dim"": 30, ""method"": ""unintegrated_pca_matched"", ""metric"": ""macro_f1"", ""population"": ""query"", ""stat"": ""F""}"
Table S7-02406,si,Table S7,–,summary,"{""block"": ""B"", ""dim"": 30, ""method"": ""unintegrated_pca_matched"", ""metric"": ""macro_f1"", ""population"": ""query"", ""stat"": ""na_code""}"
Table S7-02407,si,Table S7,0.894,summary,"{""block"": ""B"", ""dim"": 30, ""method"": ""unintegrated_pca_matched"", ""metric"": ""pseudotime_smoothness"", ""population"": ""joint"", ""stat"": ""mean""}"
Table S7-02408,si,Table S7,0.001,summary,"{""block"": ""B"", ""dim"": 30, ""method"": ""unintegrated_pca_matched"", ""metric"": ""pseudotime_smoothness"", ""population"": ""joint"", ""stat"": ""sd""}"
Table S7-02409,si,Table S7,1/1,summary,"{""block"": ""B"", ""dim"": 30, ""method"": ""unintegrated_pca_matched"", ""metric"": ""pseudotime_smoothness"", ""population"": ""joint"", ""stat"": ""D""}"
Table S7-02410,si,Table S7,3/3,summary,"{""block"": ""B"", ""dim"": 30, ""method"": ""unintegrated_pca_matched"", ""metric"": ""pseudotime_smoothness"", ""population"": ""joint"", ""stat"": ""B""}"
Table S7-02411,si,Table S7,3/3,summary,"{""block"": ""B"", ""dim"": 30, ""method"": ""unintegrated_pca_matched"", ""metric"": ""pseudotime_smoothness"", ""population"": ""joint"", ""stat"": ""F""}"
Table S7-02412,si,Table S7,S,summary,"{""block"": ""B"", ""dim"": 30, ""method"": ""unintegrated_pca_matched"", ""metric"": ""pseudotime_smoothness"", ""population"": ""joint"", ""stat"": ""na_code""}"
Table S7-02413,si,Table S7,0.977,summary,"{""block"": ""B"", ""dim"": 30, ""method"": ""unintegrated_pca_matched"", ""metric"": ""pseudotime_smoothness"", ""population"": ""query"", ""stat"": ""mean""}"
Table S7-02414,si,Table S7,–,summary,"{""block"": ""B"", ""dim"": 30, ""method"": ""unintegrated_pca_matched"", ""metric"": ""pseudotime_smoothness"", ""population"": ""query"", ""stat"": ""sd""}"
Table S7-02415,si,Table S7,1/1,summary,"{""block"": ""B"", ""dim"": 30, ""method"": ""unintegrated_pca_matched"", ""metric"": ""pseudotime_smoothness"", ""population"": ""query"", ""stat"": ""D""}"
Table S7-02416,si,Table S7,1/3,summary,"{""block"": ""B"", ""dim"": 30, ""method"": ""unintegrated_pca_matched"", ""metric"": ""pseudotime_smoothness"", ""population"": ""query"", ""stat"": ""B""}"
Table S7-02417,si,Table S7,1/3,summary,"{""block"": ""B"", ""dim"": 30, ""method"": ""unintegrated_pca_matched"", ""metric"": ""pseudotime_smoothness"", ""population"": ""query"", ""stat"": ""F""}"
Table S7-02418,si,Table S7,"P,S",summary,"{""block"": ""B"", ""dim"": 30, ""method"": ""unintegrated_pca_matched"", ""metric"": ""pseudotime_smoothness"", ""population"": ""query"", ""stat"": ""na_code""}"
Table S7-02419,si,Table S7,0.876,summary,"{""block"": ""B"", ""dim"": 30, ""method"": ""unintegrated_pca_matched"", ""metric"": ""pseudotime_smoothness"", ""population"": ""reference"", ""stat"": ""mean""}"
Table S7-02420,si,Table S7,0.031,summary,"{""block"": ""B"", ""dim"": 30, ""method"": ""unintegrated_pca_matched"", ""metric"": ""pseudotime_smoothness"", ""population"": ""reference"", ""stat"": ""sd""}"
Table S7-02421,si,Table S7,1/1,summary,"{""block"": ""B"", ""dim"": 30, ""method"": ""unintegrated_pca_matched"", ""metric"": ""pseudotime_smoothness"", ""population"": ""reference"", ""stat"": ""D""}"
Table S7-02422,si,Table S7,3/3,summary,"{""block"": ""B"", ""dim"": 30, ""method"": ""unintegrated_pca_matched"", ""metric"": ""pseudotime_smoothness"", ""population"": ""reference"", ""stat"": ""B""}"
Table S7-02423,si,Table S7,3/3,summary,"{""block"": ""B"", ""dim"": 30, ""method"": ""unintegrated_pca_matched"", ""metric"": ""pseudotime_smoothness"", ""population"": ""reference"", ""stat"": ""F""}"
Table S7-02424,si,Table S7,S,summary,"{""block"": ""B"", ""dim"": 30, ""method"": ""unintegrated_pca_matched"", ""metric"": ""pseudotime_smoothness"", ""population"": ""reference"", ""stat"": ""na_code""}"
Table S7-02425,si,Table S7,0.873,summary,"{""block"": ""B"", ""dim"": 30, ""method"": ""unintegrated_pca_matched"", ""metric"": ""trajectory"", ""population"": ""joint"", ""stat"": ""mean""}"
Table S7-02426,si,Table S7,0.003,summary,"{""block"": ""B"", ""dim"": 30, ""method"": ""unintegrated_pca_matched"", ""metric"": ""trajectory"", ""population"": ""joint"", ""stat"": ""sd""}"
Table S7-02427,si,Table S7,1/1,summary,"{""block"": ""B"", ""dim"": 30, ""method"": ""unintegrated_pca_matched"", ""metric"": ""trajectory"", ""population"": ""joint"", ""stat"": ""D""}"
Table S7-02428,si,Table S7,3/3,summary,"{""block"": ""B"", ""dim"": 30, ""method"": ""unintegrated_pca_matched"", ""metric"": ""trajectory"", ""population"": ""joint"", ""stat"": ""B""}"
Table S7-02429,si,Table S7,3/3,summary,"{""block"": ""B"", ""dim"": 30, ""method"": ""unintegrated_pca_matched"", ""metric"": ""trajectory"", ""population"": ""joint"", ""stat"": ""F""}"
Table S7-02430,si,Table S7,T,summary,"{""block"": ""B"", ""dim"": 30, ""method"": ""unintegrated_pca_matched"", ""metric"": ""trajectory"", ""population"": ""joint"", ""stat"": ""na_code""}"
Table S7-02431,si,Table S7,0.989,summary,"{""block"": ""B"", ""dim"": 30, ""method"": ""unintegrated_pca_matched"", ""metric"": ""trustworthiness"", ""population"": ""joint"", ""stat"": ""mean""}"
Table S7-02432,si,Table S7,0.005,summary,"{""block"": ""B"", ""dim"": 30, ""method"": ""unintegrated_pca_matched"", ""metric"": ""trustworthiness"", ""population"": ""joint"", ""stat"": ""sd""}"
Table S7-02433,si,Table S7,2/2,summary,"{""block"": ""B"", ""dim"": 30, ""method"": ""unintegrated_pca_matched"", ""metric"": ""trustworthiness"", ""population"": ""joint"", ""stat"": ""D""}"
Table S7-02434,si,Table S7,6/6,summary,"{""block"": ""B"", ""dim"": 30, ""method"": ""unintegrated_pca_matched"", ""metric"": ""trustworthiness"", ""population"": ""joint"", ""stat"": ""B""}"
Table S7-02435,si,Table S7,6/6,summary,"{""block"": ""B"", ""dim"": 30, ""method"": ""unintegrated_pca_matched"", ""metric"": ""trustworthiness"", ""population"": ""joint"", ""stat"": ""F""}"
Table S7-02436,si,Table S7,S,summary,"{""block"": ""B"", ""dim"": 30, ""method"": ""unintegrated_pca_matched"", ""metric"": ""trustworthiness"", ""population"": ""joint"", ""stat"": ""na_code""}"
Table S7-02437,si,Table S7,0.969,summary,"{""block"": ""B"", ""dim"": 30, ""method"": ""unintegrated_pca_matched"", ""metric"": ""trustworthiness"", ""population"": ""query"", ""stat"": ""mean""}"
Table S7-02438,si,Table S7,0.008,summary,"{""block"": ""B"", ""dim"": 30, ""method"": ""unintegrated_pca_matched"", ""metric"": ""trustworthiness"", ""population"": ""query"", ""stat"": ""sd""}"
Table S7-02439,si,Table S7,2/2,summary,"{""block"": ""B"", ""dim"": 30, ""method"": ""unintegrated_pca_matched"", ""metric"": ""trustworthiness"", ""population"": ""query"", ""stat"": ""D""}"
Table S7-02440,si,Table S7,6/6,summary,"{""block"": ""B"", ""dim"": 30, ""method"": ""unintegrated_pca_matched"", ""metric"": ""trustworthiness"", ""population"": ""query"", ""stat"": ""B""}"
Table S7-02441,si,Table S7,6/6,summary,"{""block"": ""B"", ""dim"": 30, ""method"": ""unintegrated_pca_matched"", ""metric"": ""trustworthiness"", ""population"": ""query"", ""stat"": ""F""}"
Table S7-02442,si,Table S7,S,summary,"{""block"": ""B"", ""dim"": 30, ""method"": ""unintegrated_pca_matched"", ""metric"": ""trustworthiness"", ""population"": ""query"", ""stat"": ""na_code""}"
Table S7-02443,si,Table S7,0.988,summary,"{""block"": ""B"", ""dim"": 30, ""method"": ""unintegrated_pca_matched"", ""metric"": ""trustworthiness"", ""population"": ""reference"", ""stat"": ""mean""}"
Table S7-02444,si,Table S7,0.007,summary,"{""block"": ""B"", ""dim"": 30, ""method"": ""unintegrated_pca_matched"", ""metric"": ""trustworthiness"", ""population"": ""reference"", ""stat"": ""sd""}"
Table S7-02445,si,Table S7,2/2,summary,"{""block"": ""B"", ""dim"": 30, ""method"": ""unintegrated_pca_matched"", ""metric"": ""trustworthiness"", ""population"": ""reference"", ""stat"": ""D""}"
Table S7-02446,si,Table S7,6/6,summary,"{""block"": ""B"", ""dim"": 30, ""method"": ""unintegrated_pca_matched"", ""metric"": ""trustworthiness"", ""population"": ""reference"", ""stat"": ""B""}"
Table S7-02447,si,Table S7,6/6,summary,"{""block"": ""B"", ""dim"": 30, ""method"": ""unintegrated_pca_matched"", ""metric"": ""trustworthiness"", ""population"": ""reference"", ""stat"": ""F""}"
Table S7-02448,si,Table S7,S,summary,"{""block"": ""B"", ""dim"": 30, ""method"": ""unintegrated_pca_matched"", ""metric"": ""trustworthiness"", ""population"": ""reference"", ""stat"": ""na_code""}"
Table S7-02449,si,Table S7,0.054,summary,"{""block"": ""B"", ""dim"": 30, ""method"": ""unintegrated_pca_matched"", ""metric"": ""within_label_silhouette__donor"", ""population"": ""joint"", ""stat"": ""mean""}"
Table S7-02450,si,Table S7,0.007,summary,"{""block"": ""B"", ""dim"": 30, ""method"": ""unintegrated_pca_matched"", ""metric"": ""within_label_silhouette__donor"", ""population"": ""joint"", ""stat"": ""sd""}"
Table S7-02451,si,Table S7,1/1,summary,"{""block"": ""B"", ""dim"": 30, ""method"": ""unintegrated_pca_matched"", ""metric"": ""within_label_silhouette__donor"", ""population"": ""joint"", ""stat"": ""D""}"
Table S7-02452,si,Table S7,3/3,summary,"{""block"": ""B"", ""dim"": 30, ""method"": ""unintegrated_pca_matched"", ""metric"": ""within_label_silhouette__donor"", ""population"": ""joint"", ""stat"": ""B""}"
Table S7-02453,si,Table S7,3/3,summary,"{""block"": ""B"", ""dim"": 30, ""method"": ""unintegrated_pca_matched"", ""metric"": ""within_label_silhouette__donor"", ""population"": ""joint"", ""stat"": ""F""}"
Table S7-02454,si,Table S7,S,summary,"{""block"": ""B"", ""dim"": 30, ""method"": ""unintegrated_pca_matched"", ""metric"": ""within_label_silhouette__donor"", ""population"": ""joint"", ""stat"": ""na_code""}"
Table S7-02455,si,Table S7,NA,summary,"{""block"": ""B"", ""dim"": 30, ""method"": ""unintegrated_pca_matched"", ""metric"": ""within_label_silhouette__donor"", ""population"": ""query"", ""stat"": ""mean""}"
Table S7-02456,si,Table S7,–,summary,"{""block"": ""B"", ""dim"": 30, ""method"": ""unintegrated_pca_matched"", ""metric"": ""within_label_silhouette__donor"", ""population"": ""query"", ""stat"": ""sd""}"
Table S7-02457,si,Table S7,0/1,summary,"{""block"": ""B"", ""dim"": 30, ""method"": ""unintegrated_pca_matched"", ""metric"": ""within_label_silhouette__donor"", ""population"": ""query"", ""stat"": ""D""}"
Table S7-02458,si,Table S7,0/3,summary,"{""block"": ""B"", ""dim"": 30, ""method"": ""unintegrated_pca_matched"", ""metric"": ""within_label_silhouette__donor"", ""population"": ""query"", ""stat"": ""B""}"
Table S7-02459,si,Table S7,0/3,summary,"{""block"": ""B"", ""dim"": 30, ""method"": ""unintegrated_pca_matched"", ""metric"": ""within_label_silhouette__donor"", ""population"": ""query"", ""stat"": ""F""}"
Table S7-02460,si,Table S7,"C,S",summary,"{""block"": ""B"", ""dim"": 30, ""method"": ""unintegrated_pca_matched"", ""metric"": ""within_label_silhouette__donor"", ""population"": ""query"", ""stat"": ""na_code""}"
Table S7-02461,si,Table S7,0.069,summary,"{""block"": ""B"", ""dim"": 30, ""method"": ""unintegrated_pca_matched"", ""metric"": ""within_label_silhouette__donor"", ""population"": ""reference"", ""stat"": ""mean""}"
Table S7-02462,si,Table S7,0.013,summary,"{""block"": ""B"", ""dim"": 30, ""method"": ""unintegrated_pca_matched"", ""metric"": ""within_label_silhouette__donor"", ""population"": ""reference"", ""stat"": ""sd""}"
Table S7-02463,si,Table S7,1/1,summary,"{""block"": ""B"", ""dim"": 30, ""method"": ""unintegrated_pca_matched"", ""metric"": ""within_label_silhouette__donor"", ""population"": ""reference"", ""stat"": ""D""}"
Table S7-02464,si,Table S7,3/3,summary,"{""block"": ""B"", ""dim"": 30, ""method"": ""unintegrated_pca_matched"", ""metric"": ""within_label_silhouette__donor"", ""population"": ""reference"", ""stat"": ""B""}"
Table S7-02465,si,Table S7,3/3,summary,"{""block"": ""B"", ""dim"": 30, ""method"": ""unintegrated_pca_matched"", ""metric"": ""within_label_silhouette__donor"", ""population"": ""reference"", ""stat"": ""F""}"
Table S7-02466,si,Table S7,S,summary,"{""block"": ""B"", ""dim"": 30, ""method"": ""unintegrated_pca_matched"", ""metric"": ""within_label_silhouette__donor"", ""population"": ""reference"", ""stat"": ""na_code""}"
Table S7-02467,si,Table S7,0.325,summary,"{""block"": ""B"", ""dim"": 30, ""method"": ""unintegrated_pca_matched"", ""metric"": ""within_label_silhouette__patientGroup"", ""population"": ""joint"", ""stat"": ""mean""}"
Table S7-02468,si,Table S7,0.002,summary,"{""block"": ""B"", ""dim"": 30, ""method"": ""unintegrated_pca_matched"", ""metric"": ""within_label_silhouette__patientGroup"", ""population"": ""joint"", ""stat"": ""sd""}"
Table S7-02469,si,Table S7,1/1,summary,"{""block"": ""B"", ""dim"": 30, ""method"": ""unintegrated_pca_matched"", ""metric"": ""within_label_silhouette__patientGroup"", ""population"": ""joint"", ""stat"": ""D""}"
Table S7-02470,si,Table S7,3/3,summary,"{""block"": ""B"", ""dim"": 30, ""method"": ""unintegrated_pca_matched"", ""metric"": ""within_label_silhouette__patientGroup"", ""population"": ""joint"", ""stat"": ""B""}"
Table S7-02471,si,Table S7,3/3,summary,"{""block"": ""B"", ""dim"": 30, ""method"": ""unintegrated_pca_matched"", ""metric"": ""within_label_silhouette__patientGroup"", ""population"": ""joint"", ""stat"": ""F""}"
Table S7-02472,si,Table S7,S,summary,"{""block"": ""B"", ""dim"": 30, ""method"": ""unintegrated_pca_matched"", ""metric"": ""within_label_silhouette__patientGroup"", ""population"": ""joint"", ""stat"": ""na_code""}"
Table S7-02473,si,Table S7,NA,summary,"{""block"": ""B"", ""dim"": 30, ""method"": ""unintegrated_pca_matched"", ""metric"": ""within_label_silhouette__patientGroup"", ""population"": ""query"", ""stat"": ""mean""}"
Table S7-02474,si,Table S7,–,summary,"{""block"": ""B"", ""dim"": 30, ""method"": ""unintegrated_pca_matched"", ""metric"": ""within_label_silhouette__patientGroup"", ""population"": ""query"", ""stat"": ""sd""}"
Table S7-02475,si,Table S7,0/1,summary,"{""block"": ""B"", ""dim"": 30, ""method"": ""unintegrated_pca_matched"", ""metric"": ""within_label_silhouette__patientGroup"", ""population"": ""query"", ""stat"": ""D""}"
Table S7-02476,si,Table S7,0/3,summary,"{""block"": ""B"", ""dim"": 30, ""method"": ""unintegrated_pca_matched"", ""metric"": ""within_label_silhouette__patientGroup"", ""population"": ""query"", ""stat"": ""B""}"
Table S7-02477,si,Table S7,0/3,summary,"{""block"": ""B"", ""dim"": 30, ""method"": ""unintegrated_pca_matched"", ""metric"": ""within_label_silhouette__patientGroup"", ""population"": ""query"", ""stat"": ""F""}"
Table S7-02478,si,Table S7,"C,S",summary,"{""block"": ""B"", ""dim"": 30, ""method"": ""unintegrated_pca_matched"", ""metric"": ""within_label_silhouette__patientGroup"", ""population"": ""query"", ""stat"": ""na_code""}"
Table S7-02479,si,Table S7,0.324,summary,"{""block"": ""B"", ""dim"": 30, ""method"": ""unintegrated_pca_matched"", ""metric"": ""within_label_silhouette__patientGroup"", ""population"": ""reference"", ""stat"": ""mean""}"
Table S7-02480,si,Table S7,0.008,summary,"{""block"": ""B"", ""dim"": 30, ""method"": ""unintegrated_pca_matched"", ""metric"": ""within_label_silhouette__patientGroup"", ""population"": ""reference"", ""stat"": ""sd""}"
Table S7-02481,si,Table S7,1/1,summary,"{""block"": ""B"", ""dim"": 30, ""method"": ""unintegrated_pca_matched"", ""metric"": ""within_label_silhouette__patientGroup"", ""population"": ""reference"", ""stat"": ""D""}"
Table S7-02482,si,Table S7,3/3,summary,"{""block"": ""B"", ""dim"": 30, ""method"": ""unintegrated_pca_matched"", ""metric"": ""within_label_silhouette__patientGroup"", ""population"": ""reference"", ""stat"": ""B""}"
Table S7-02483,si,Table S7,3/3,summary,"{""block"": ""B"", ""dim"": 30, ""method"": ""unintegrated_pca_matched"", ""metric"": ""within_label_silhouette__patientGroup"", ""population"": ""reference"", ""stat"": ""F""}"
Table S7-02484,si,Table S7,S,summary,"{""block"": ""B"", ""dim"": 30, ""method"": ""unintegrated_pca_matched"", ""metric"": ""within_label_silhouette__patientGroup"", ""population"": ""reference"", ""stat"": ""na_code""}"
Table S7-02485,si,Table S7,0.222,summary,"{""block"": ""B"", ""dim"": 30, ""method"": ""unintegrated_pca_matched"", ""metric"": ""within_label_silhouette__sample_ID"", ""population"": ""joint"", ""stat"": ""mean""}"
Table S7-02486,si,Table S7,0.028,summary,"{""block"": ""B"", ""dim"": 30, ""method"": ""unintegrated_pca_matched"", ""metric"": ""within_label_silhouette__sample_ID"", ""population"": ""joint"", ""stat"": ""sd""}"
Table S7-02487,si,Table S7,1/1,summary,"{""block"": ""B"", ""dim"": 30, ""method"": ""unintegrated_pca_matched"", ""metric"": ""within_label_silhouette__sample_ID"", ""population"": ""joint"", ""stat"": ""D""}"
Table S7-02488,si,Table S7,3/3,summary,"{""block"": ""B"", ""dim"": 30, ""method"": ""unintegrated_pca_matched"", ""metric"": ""within_label_silhouette__sample_ID"", ""population"": ""joint"", ""stat"": ""B""}"
Table S7-02489,si,Table S7,3/3,summary,"{""block"": ""B"", ""dim"": 30, ""method"": ""unintegrated_pca_matched"", ""metric"": ""within_label_silhouette__sample_ID"", ""population"": ""joint"", ""stat"": ""F""}"
Table S7-02490,si,Table S7,S,summary,"{""block"": ""B"", ""dim"": 30, ""method"": ""unintegrated_pca_matched"", ""metric"": ""within_label_silhouette__sample_ID"", ""population"": ""joint"", ""stat"": ""na_code""}"
Table S7-02491,si,Table S7,NA,summary,"{""block"": ""B"", ""dim"": 30, ""method"": ""unintegrated_pca_matched"", ""metric"": ""within_label_silhouette__sample_ID"", ""population"": ""query"", ""stat"": ""mean""}"
Table S7-02492,si,Table S7,–,summary,"{""block"": ""B"", ""dim"": 30, ""method"": ""unintegrated_pca_matched"", ""metric"": ""within_label_silhouette__sample_ID"", ""population"": ""query"", ""stat"": ""sd""}"
Table S7-02493,si,Table S7,0/1,summary,"{""block"": ""B"", ""dim"": 30, ""method"": ""unintegrated_pca_matched"", ""metric"": ""within_label_silhouette__sample_ID"", ""population"": ""query"", ""stat"": ""D""}"
Table S7-02494,si,Table S7,0/3,summary,"{""block"": ""B"", ""dim"": 30, ""method"": ""unintegrated_pca_matched"", ""metric"": ""within_label_silhouette__sample_ID"", ""population"": ""query"", ""stat"": ""B""}"
Table S7-02495,si,Table S7,0/3,summary,"{""block"": ""B"", ""dim"": 30, ""method"": ""unintegrated_pca_matched"", ""metric"": ""within_label_silhouette__sample_ID"", ""population"": ""query"", ""stat"": ""F""}"
Table S7-02496,si,Table S7,"C,S",summary,"{""block"": ""B"", ""dim"": 30, ""method"": ""unintegrated_pca_matched"", ""metric"": ""within_label_silhouette__sample_ID"", ""population"": ""query"", ""stat"": ""na_code""}"
Table S7-02497,si,Table S7,0.213,summary,"{""block"": ""B"", ""dim"": 30, ""method"": ""unintegrated_pca_matched"", ""metric"": ""within_label_silhouette__sample_ID"", ""population"": ""reference"", ""stat"": ""mean""}"
Table S7-02498,si,Table S7,0.033,summary,"{""block"": ""B"", ""dim"": 30, ""method"": ""unintegrated_pca_matched"", ""metric"": ""within_label_silhouette__sample_ID"", ""population"": ""reference"", ""stat"": ""sd""}"
Table S7-02499,si,Table S7,1/1,summary,"{""block"": ""B"", ""dim"": 30, ""method"": ""unintegrated_pca_matched"", ""metric"": ""within_label_silhouette__sample_ID"", ""population"": ""reference"", ""stat"": ""D""}"
Table S7-02500,si,Table S7,3/3,summary,"{""block"": ""B"", ""dim"": 30, ""method"": ""unintegrated_pca_matched"", ""metric"": ""within_label_silhouette__sample_ID"", ""population"": ""reference"", ""stat"": ""B""}"
Table S7-02501,si,Table S7,3/3,summary,"{""block"": ""B"", ""dim"": 30, ""method"": ""unintegrated_pca_matched"", ""metric"": ""within_label_silhouette__sample_ID"", ""population"": ""reference"", ""stat"": ""F""}"
Table S7-02502,si,Table S7,S,summary,"{""block"": ""B"", ""dim"": 30, ""method"": ""unintegrated_pca_matched"", ""metric"": ""within_label_silhouette__sample_ID"", ""population"": ""reference"", ""stat"": ""na_code""}"
Table S7-02503,si,Table S7,0.222,summary,"{""block"": ""B"", ""dim"": 30, ""method"": ""unintegrated_pca_matched"", ""metric"": ""within_label_silhouette__study"", ""population"": ""joint"", ""stat"": ""mean""}"
Table S7-02504,si,Table S7,0.028,summary,"{""block"": ""B"", ""dim"": 30, ""method"": ""unintegrated_pca_matched"", ""metric"": ""within_label_silhouette__study"", ""population"": ""joint"", ""stat"": ""sd""}"
Table S7-02505,si,Table S7,1/1,summary,"{""block"": ""B"", ""dim"": 30, ""method"": ""unintegrated_pca_matched"", ""metric"": ""within_label_silhouette__study"", ""population"": ""joint"", ""stat"": ""D""}"
Table S7-02506,si,Table S7,3/3,summary,"{""block"": ""B"", ""dim"": 30, ""method"": ""unintegrated_pca_matched"", ""metric"": ""within_label_silhouette__study"", ""population"": ""joint"", ""stat"": ""B""}"
Table S7-02507,si,Table S7,3/3,summary,"{""block"": ""B"", ""dim"": 30, ""method"": ""unintegrated_pca_matched"", ""metric"": ""within_label_silhouette__study"", ""population"": ""joint"", ""stat"": ""F""}"
Table S7-02508,si,Table S7,S,summary,"{""block"": ""B"", ""dim"": 30, ""method"": ""unintegrated_pca_matched"", ""metric"": ""within_label_silhouette__study"", ""population"": ""joint"", ""stat"": ""na_code""}"
Table S7-02509,si,Table S7,NA,summary,"{""block"": ""B"", ""dim"": 30, ""method"": ""unintegrated_pca_matched"", ""metric"": ""within_label_silhouette__study"", ""population"": ""query"", ""stat"": ""mean""}"
Table S7-02510,si,Table S7,–,summary,"{""block"": ""B"", ""dim"": 30, ""method"": ""unintegrated_pca_matched"", ""metric"": ""within_label_silhouette__study"", ""population"": ""query"", ""stat"": ""sd""}"
Table S7-02511,si,Table S7,0/1,summary,"{""block"": ""B"", ""dim"": 30, ""method"": ""unintegrated_pca_matched"", ""metric"": ""within_label_silhouette__study"", ""population"": ""query"", ""stat"": ""D""}"
Table S7-02512,si,Table S7,0/3,summary,"{""block"": ""B"", ""dim"": 30, ""method"": ""unintegrated_pca_matched"", ""metric"": ""within_label_silhouette__study"", ""population"": ""query"", ""stat"": ""B""}"
Table S7-02513,si,Table S7,0/3,summary,"{""block"": ""B"", ""dim"": 30, ""method"": ""unintegrated_pca_matched"", ""metric"": ""within_label_silhouette__study"", ""population"": ""query"", ""stat"": ""F""}"
Table S7-02514,si,Table S7,"C,S",summary,"{""block"": ""B"", ""dim"": 30, ""method"": ""unintegrated_pca_matched"", ""metric"": ""within_label_silhouette__study"", ""population"": ""query"", ""stat"": ""na_code""}"
Table S7-02515,si,Table S7,0.213,summary,"{""block"": ""B"", ""dim"": 30, ""method"": ""unintegrated_pca_matched"", ""metric"": ""within_label_silhouette__study"", ""population"": ""reference"", ""stat"": ""mean""}"
Table S7-02516,si,Table S7,0.033,summary,"{""block"": ""B"", ""dim"": 30, ""method"": ""unintegrated_pca_matched"", ""metric"": ""within_label_silhouette__study"", ""population"": ""reference"", ""stat"": ""sd""}"
Table S7-02517,si,Table S7,1/1,summary,"{""block"": ""B"", ""dim"": 30, ""method"": ""unintegrated_pca_matched"", ""metric"": ""within_label_silhouette__study"", ""population"": ""reference"", ""stat"": ""D""}"
Table S7-02518,si,Table S7,3/3,summary,"{""block"": ""B"", ""dim"": 30, ""method"": ""unintegrated_pca_matched"", ""metric"": ""within_label_silhouette__study"", ""population"": ""reference"", ""stat"": ""B""}"
Table S7-02519,si,Table S7,3/3,summary,"{""block"": ""B"", ""dim"": 30, ""method"": ""unintegrated_pca_matched"", ""metric"": ""within_label_silhouette__study"", ""population"": ""reference"", ""stat"": ""F""}"
Table S7-02520,si,Table S7,S,summary,"{""block"": ""B"", ""dim"": 30, ""method"": ""unintegrated_pca_matched"", ""metric"": ""within_label_silhouette__study"", ""population"": ""reference"", ""stat"": ""na_code""}"
Table S7-02521,si,Table S7,0.353,summary,"{""block"": ""B"", ""dim"": 30, ""method"": ""frozen_reference_scvi"", ""metric"": ""ARI_cluster/label"", ""population"": ""joint"", ""stat"": ""mean""}"
Table S7-02522,si,Table S7,0.057,summary,"{""block"": ""B"", ""dim"": 30, ""method"": ""frozen_reference_scvi"", ""metric"": ""ARI_cluster/label"", ""population"": ""joint"", ""stat"": ""sd""}"
Table S7-02523,si,Table S7,3/3,summary,"{""block"": ""B"", ""dim"": 30, ""method"": ""frozen_reference_scvi"", ""metric"": ""ARI_cluster/label"", ""population"": ""joint"", ""stat"": ""D""}"
Table S7-02524,si,Table S7,9/9,summary,"{""block"": ""B"", ""dim"": 30, ""method"": ""frozen_reference_scvi"", ""metric"": ""ARI_cluster/label"", ""population"": ""joint"", ""stat"": ""B""}"
Table S7-02525,si,Table S7,45/45,summary,"{""block"": ""B"", ""dim"": 30, ""method"": ""frozen_reference_scvi"", ""metric"": ""ARI_cluster/label"", ""population"": ""joint"", ""stat"": ""F""}"
Table S7-02526,si,Table S7,–,summary,"{""block"": ""B"", ""dim"": 30, ""method"": ""frozen_reference_scvi"", ""metric"": ""ARI_cluster/label"", ""population"": ""joint"", ""stat"": ""na_code""}"
Table S7-02527,si,Table S7,0.578,summary,"{""block"": ""B"", ""dim"": 30, ""method"": ""frozen_reference_scvi"", ""metric"": ""ASW_label"", ""population"": ""joint"", ""stat"": ""mean""}"
Table S7-02528,si,Table S7,0.031,summary,"{""block"": ""B"", ""dim"": 30, ""method"": ""frozen_reference_scvi"", ""metric"": ""ASW_label"", ""population"": ""joint"", ""stat"": ""sd""}"
Table S7-02529,si,Table S7,3/3,summary,"{""block"": ""B"", ""dim"": 30, ""method"": ""frozen_reference_scvi"", ""metric"": ""ASW_label"", ""population"": ""joint"", ""stat"": ""D""}"
Table S7-02530,si,Table S7,9/9,summary,"{""block"": ""B"", ""dim"": 30, ""method"": ""frozen_reference_scvi"", ""metric"": ""ASW_label"", ""population"": ""joint"", ""stat"": ""B""}"
Table S7-02531,si,Table S7,45/45,summary,"{""block"": ""B"", ""dim"": 30, ""method"": ""frozen_reference_scvi"", ""metric"": ""ASW_label"", ""population"": ""joint"", ""stat"": ""F""}"
Table S7-02532,si,Table S7,–,summary,"{""block"": ""B"", ""dim"": 30, ""method"": ""frozen_reference_scvi"", ""metric"": ""ASW_label"", ""population"": ""joint"", ""stat"": ""na_code""}"
Table S7-02533,si,Table S7,0.878,summary,"{""block"": ""B"", ""dim"": 30, ""method"": ""frozen_reference_scvi"", ""metric"": ""ASW_label/batch"", ""population"": ""joint"", ""stat"": ""mean""}"
Table S7-02534,si,Table S7,0.020,summary,"{""block"": ""B"", ""dim"": 30, ""method"": ""frozen_reference_scvi"", ""metric"": ""ASW_label/batch"", ""population"": ""joint"", ""stat"": ""sd""}"
Table S7-02535,si,Table S7,3/3,summary,"{""block"": ""B"", ""dim"": 30, ""method"": ""frozen_reference_scvi"", ""metric"": ""ASW_label/batch"", ""population"": ""joint"", ""stat"": ""D""}"
Table S7-02536,si,Table S7,9/9,summary,"{""block"": ""B"", ""dim"": 30, ""method"": ""frozen_reference_scvi"", ""metric"": ""ASW_label/batch"", ""population"": ""joint"", ""stat"": ""B""}"
Table S7-02537,si,Table S7,45/45,summary,"{""block"": ""B"", ""dim"": 30, ""method"": ""frozen_reference_scvi"", ""metric"": ""ASW_label/batch"", ""population"": ""joint"", ""stat"": ""F""}"
Table S7-02538,si,Table S7,–,summary,"{""block"": ""B"", ""dim"": 30, ""method"": ""frozen_reference_scvi"", ""metric"": ""ASW_label/batch"", ""population"": ""joint"", ""stat"": ""na_code""}"
Table S7-02539,si,Table S7,0.677,summary,"{""block"": ""B"", ""dim"": 30, ""method"": ""frozen_reference_scvi"", ""metric"": ""NMI_cluster/label"", ""population"": ""joint"", ""stat"": ""mean""}"
Table S7-02540,si,Table S7,0.009,summary,"{""block"": ""B"", ""dim"": 30, ""method"": ""frozen_reference_scvi"", ""metric"": ""NMI_cluster/label"", ""population"": ""joint"", ""stat"": ""sd""}"
Table S7-02541,si,Table S7,3/3,summary,"{""block"": ""B"", ""dim"": 30, ""method"": ""frozen_reference_scvi"", ""metric"": ""NMI_cluster/label"", ""population"": ""joint"", ""stat"": ""D""}"
Table S7-02542,si,Table S7,9/9,summary,"{""block"": ""B"", ""dim"": 30, ""method"": ""frozen_reference_scvi"", ""metric"": ""NMI_cluster/label"", ""population"": ""joint"", ""stat"": ""B""}"
Table S7-02543,si,Table S7,45/45,summary,"{""block"": ""B"", ""dim"": 30, ""method"": ""frozen_reference_scvi"", ""metric"": ""NMI_cluster/label"", ""population"": ""joint"", ""stat"": ""F""}"
Table S7-02544,si,Table S7,–,summary,"{""block"": ""B"", ""dim"": 30, ""method"": ""frozen_reference_scvi"", ""metric"": ""NMI_cluster/label"", ""population"": ""joint"", ""stat"": ""na_code""}"
Table S7-02545,si,Table S7,0.871,summary,"{""block"": ""B"", ""dim"": 30, ""method"": ""frozen_reference_scvi"", ""metric"": ""PCR_batch"", ""population"": ""joint"", ""stat"": ""mean""}"
Table S7-02546,si,Table S7,0.069,summary,"{""block"": ""B"", ""dim"": 30, ""method"": ""frozen_reference_scvi"", ""metric"": ""PCR_batch"", ""population"": ""joint"", ""stat"": ""sd""}"
Table S7-02547,si,Table S7,3/3,summary,"{""block"": ""B"", ""dim"": 30, ""method"": ""frozen_reference_scvi"", ""metric"": ""PCR_batch"", ""population"": ""joint"", ""stat"": ""D""}"
Table S7-02548,si,Table S7,9/9,summary,"{""block"": ""B"", ""dim"": 30, ""method"": ""frozen_reference_scvi"", ""metric"": ""PCR_batch"", ""population"": ""joint"", ""stat"": ""B""}"
Table S7-02549,si,Table S7,45/45,summary,"{""block"": ""B"", ""dim"": 30, ""method"": ""frozen_reference_scvi"", ""metric"": ""PCR_batch"", ""population"": ""joint"", ""stat"": ""F""}"
Table S7-02550,si,Table S7,–,summary,"{""block"": ""B"", ""dim"": 30, ""method"": ""frozen_reference_scvi"", ""metric"": ""PCR_batch"", ""population"": ""joint"", ""stat"": ""na_code""}"
Table S7-02551,si,Table S7,0.855,summary,"{""block"": ""B"", ""dim"": 30, ""method"": ""frozen_reference_scvi"", ""metric"": ""balanced_accuracy"", ""population"": ""query"", ""stat"": ""mean""}"
Table S7-02552,si,Table S7,0.053,summary,"{""block"": ""B"", ""dim"": 30, ""method"": ""frozen_reference_scvi"", ""metric"": ""balanced_accuracy"", ""population"": ""query"", ""stat"": ""sd""}"
Table S7-02553,si,Table S7,3/3,summary,"{""block"": ""B"", ""dim"": 30, ""method"": ""frozen_reference_scvi"", ""metric"": ""balanced_accuracy"", ""population"": ""query"", ""stat"": ""D""}"
Table S7-02554,si,Table S7,9/9,summary,"{""block"": ""B"", ""dim"": 30, ""method"": ""frozen_reference_scvi"", ""metric"": ""balanced_accuracy"", ""population"": ""query"", ""stat"": ""B""}"
Table S7-02555,si,Table S7,45/45,summary,"{""block"": ""B"", ""dim"": 30, ""method"": ""frozen_reference_scvi"", ""metric"": ""balanced_accuracy"", ""population"": ""query"", ""stat"": ""F""}"
Table S7-02556,si,Table S7,–,summary,"{""block"": ""B"", ""dim"": 30, ""method"": ""frozen_reference_scvi"", ""metric"": ""balanced_accuracy"", ""population"": ""query"", ""stat"": ""na_code""}"
Table S7-02557,si,Table S7,0.911,summary,"{""block"": ""B"", ""dim"": 30, ""method"": ""frozen_reference_scvi"", ""metric"": ""cLISI"", ""population"": ""joint"", ""stat"": ""mean""}"
Table S7-02558,si,Table S7,0.086,summary,"{""block"": ""B"", ""dim"": 30, ""method"": ""frozen_reference_scvi"", ""metric"": ""cLISI"", ""population"": ""joint"", ""stat"": ""sd""}"
Table S7-02559,si,Table S7,3/3,summary,"{""block"": ""B"", ""dim"": 30, ""method"": ""frozen_reference_scvi"", ""metric"": ""cLISI"", ""population"": ""joint"", ""stat"": ""D""}"
Table S7-02560,si,Table S7,9/9,summary,"{""block"": ""B"", ""dim"": 30, ""method"": ""frozen_reference_scvi"", ""metric"": ""cLISI"", ""population"": ""joint"", ""stat"": ""B""}"
Table S7-02561,si,Table S7,45/45,summary,"{""block"": ""B"", ""dim"": 30, ""method"": ""frozen_reference_scvi"", ""metric"": ""cLISI"", ""population"": ""joint"", ""stat"": ""F""}"
Table S7-02562,si,Table S7,–,summary,"{""block"": ""B"", ""dim"": 30, ""method"": ""frozen_reference_scvi"", ""metric"": ""cLISI"", ""population"": ""joint"", ""stat"": ""na_code""}"
Table S7-02563,si,Table S7,0.536,summary,"{""block"": ""B"", ""dim"": 30, ""method"": ""frozen_reference_scvi"", ""metric"": ""cell_cycle_conservation"", ""population"": ""joint"", ""stat"": ""mean""}"
Table S7-02564,si,Table S7,0.072,summary,"{""block"": ""B"", ""dim"": 30, ""method"": ""frozen_reference_scvi"", ""metric"": ""cell_cycle_conservation"", ""population"": ""joint"", ""stat"": ""sd""}"
Table S7-02565,si,Table S7,3/3,summary,"{""block"": ""B"", ""dim"": 30, ""method"": ""frozen_reference_scvi"", ""metric"": ""cell_cycle_conservation"", ""population"": ""joint"", ""stat"": ""D""}"
Table S7-02566,si,Table S7,9/9,summary,"{""block"": ""B"", ""dim"": 30, ""method"": ""frozen_reference_scvi"", ""metric"": ""cell_cycle_conservation"", ""population"": ""joint"", ""stat"": ""B""}"
Table S7-02567,si,Table S7,45/45,summary,"{""block"": ""B"", ""dim"": 30, ""method"": ""frozen_reference_scvi"", ""metric"": ""cell_cycle_conservation"", ""population"": ""joint"", ""stat"": ""F""}"
Table S7-02568,si,Table S7,–,summary,"{""block"": ""B"", ""dim"": 30, ""method"": ""frozen_reference_scvi"", ""metric"": ""cell_cycle_conservation"", ""population"": ""joint"", ""stat"": ""na_code""}"
Table S7-02569,si,Table S7,NA,summary,"{""block"": ""B"", ""dim"": 30, ""method"": ""frozen_reference_scvi"", ""metric"": ""hvg_overlap"", ""population"": ""joint"", ""stat"": ""mean""}"
Table S7-02570,si,Table S7,–,summary,"{""block"": ""B"", ""dim"": 30, ""method"": ""frozen_reference_scvi"", ""metric"": ""hvg_overlap"", ""population"": ""joint"", ""stat"": ""sd""}"
Table S7-02571,si,Table S7,0/3,summary,"{""block"": ""B"", ""dim"": 30, ""method"": ""frozen_reference_scvi"", ""metric"": ""hvg_overlap"", ""population"": ""joint"", ""stat"": ""D""}"
Table S7-02572,si,Table S7,0/9,summary,"{""block"": ""B"", ""dim"": 30, ""method"": ""frozen_reference_scvi"", ""metric"": ""hvg_overlap"", ""population"": ""joint"", ""stat"": ""B""}"
Table S7-02573,si,Table S7,0/45,summary,"{""block"": ""B"", ""dim"": 30, ""method"": ""frozen_reference_scvi"", ""metric"": ""hvg_overlap"", ""population"": ""joint"", ""stat"": ""F""}"
Table S7-02574,si,Table S7,H,summary,"{""block"": ""B"", ""dim"": 30, ""method"": ""frozen_reference_scvi"", ""metric"": ""hvg_overlap"", ""population"": ""joint"", ""stat"": ""na_code""}"
Table S7-02575,si,Table S7,2.125,summary,"{""block"": ""B"", ""dim"": 30, ""method"": ""frozen_reference_scvi"", ""metric"": ""iLISI"", ""population"": ""joint"", ""stat"": ""mean""}"
Table S7-02576,si,Table S7,0.302,summary,"{""block"": ""B"", ""dim"": 30, ""method"": ""frozen_reference_scvi"", ""metric"": ""iLISI"", ""population"": ""joint"", ""stat"": ""sd""}"
Table S7-02577,si,Table S7,3/3,summary,"{""block"": ""B"", ""dim"": 30, ""method"": ""frozen_reference_scvi"", ""metric"": ""iLISI"", ""population"": ""joint"", ""stat"": ""D""}"
Table S7-02578,si,Table S7,9/9,summary,"{""block"": ""B"", ""dim"": 30, ""method"": ""frozen_reference_scvi"", ""metric"": ""iLISI"", ""population"": ""joint"", ""stat"": ""B""}"
Table S7-02579,si,Table S7,45/45,summary,"{""block"": ""B"", ""dim"": 30, ""method"": ""frozen_reference_scvi"", ""metric"": ""iLISI"", ""population"": ""joint"", ""stat"": ""F""}"
Table S7-02580,si,Table S7,–,summary,"{""block"": ""B"", ""dim"": 30, ""method"": ""frozen_reference_scvi"", ""metric"": ""iLISI"", ""population"": ""joint"", ""stat"": ""na_code""}"
Table S7-02581,si,Table S7,0.501,summary,"{""block"": ""B"", ""dim"": 30, ""method"": ""frozen_reference_scvi"", ""metric"": ""isolated_label_silhouette"", ""population"": ""joint"", ""stat"": ""mean""}"
Table S7-02582,si,Table S7,0.010,summary,"{""block"": ""B"", ""dim"": 30, ""method"": ""frozen_reference_scvi"", ""metric"": ""isolated_label_silhouette"", ""population"": ""joint"", ""stat"": ""sd""}"
Table S7-02583,si,Table S7,3/3,summary,"{""block"": ""B"", ""dim"": 30, ""method"": ""frozen_reference_scvi"", ""metric"": ""isolated_label_silhouette"", ""population"": ""joint"", ""stat"": ""D""}"
Table S7-02584,si,Table S7,9/9,summary,"{""block"": ""B"", ""dim"": 30, ""method"": ""frozen_reference_scvi"", ""metric"": ""isolated_label_silhouette"", ""population"": ""joint"", ""stat"": ""B""}"
Table S7-02585,si,Table S7,45/45,summary,"{""block"": ""B"", ""dim"": 30, ""method"": ""frozen_reference_scvi"", ""metric"": ""isolated_label_silhouette"", ""population"": ""joint"", ""stat"": ""F""}"
Table S7-02586,si,Table S7,–,summary,"{""block"": ""B"", ""dim"": 30, ""method"": ""frozen_reference_scvi"", ""metric"": ""isolated_label_silhouette"", ""population"": ""joint"", ""stat"": ""na_code""}"
Table S7-02587,si,Table S7,0.807,summary,"{""block"": ""B"", ""dim"": 30, ""method"": ""frozen_reference_scvi"", ""metric"": ""macro_f1"", ""population"": ""query"", ""stat"": ""mean""}"
Table S7-02588,si,Table S7,0.091,summary,"{""block"": ""B"", ""dim"": 30, ""method"": ""frozen_reference_scvi"", ""metric"": ""macro_f1"", ""population"": ""query"", ""stat"": ""sd""}"
Table S7-02589,si,Table S7,3/3,summary,"{""block"": ""B"", ""dim"": 30, ""method"": ""frozen_reference_scvi"", ""metric"": ""macro_f1"", ""population"": ""query"", ""stat"": ""D""}"
Table S7-02590,si,Table S7,9/9,summary,"{""block"": ""B"", ""dim"": 30, ""method"": ""frozen_reference_scvi"", ""metric"": ""macro_f1"", ""population"": ""query"", ""stat"": ""B""}"
Table S7-02591,si,Table S7,45/45,summary,"{""block"": ""B"", ""dim"": 30, ""method"": ""frozen_reference_scvi"", ""metric"": ""macro_f1"", ""population"": ""query"", ""stat"": ""F""}"
Table S7-02592,si,Table S7,–,summary,"{""block"": ""B"", ""dim"": 30, ""method"": ""frozen_reference_scvi"", ""metric"": ""macro_f1"", ""population"": ""query"", ""stat"": ""na_code""}"
Table S7-02593,si,Table S7,0.880,summary,"{""block"": ""B"", ""dim"": 30, ""method"": ""frozen_reference_scvi"", ""metric"": ""pseudotime_smoothness"", ""population"": ""joint"", ""stat"": ""mean""}"
Table S7-02594,si,Table S7,0.003,summary,"{""block"": ""B"", ""dim"": 30, ""method"": ""frozen_reference_scvi"", ""metric"": ""pseudotime_smoothness"", ""population"": ""joint"", ""stat"": ""sd""}"
Table S7-02595,si,Table S7,1/1,summary,"{""block"": ""B"", ""dim"": 30, ""method"": ""frozen_reference_scvi"", ""metric"": ""pseudotime_smoothness"", ""population"": ""joint"", ""stat"": ""D""}"
Table S7-02596,si,Table S7,3/3,summary,"{""block"": ""B"", ""dim"": 30, ""method"": ""frozen_reference_scvi"", ""metric"": ""pseudotime_smoothness"", ""population"": ""joint"", ""stat"": ""B""}"
Table S7-02597,si,Table S7,15/15,summary,"{""block"": ""B"", ""dim"": 30, ""method"": ""frozen_reference_scvi"", ""metric"": ""pseudotime_smoothness"", ""population"": ""joint"", ""stat"": ""F""}"
Table S7-02598,si,Table S7,S,summary,"{""block"": ""B"", ""dim"": 30, ""method"": ""frozen_reference_scvi"", ""metric"": ""pseudotime_smoothness"", ""population"": ""joint"", ""stat"": ""na_code""}"
Table S7-02599,si,Table S7,0.969,summary,"{""block"": ""B"", ""dim"": 30, ""method"": ""frozen_reference_scvi"", ""metric"": ""pseudotime_smoothness"", ""population"": ""query"", ""stat"": ""mean""}"
Table S7-02600,si,Table S7,–,summary,"{""block"": ""B"", ""dim"": 30, ""method"": ""frozen_reference_scvi"", ""metric"": ""pseudotime_smoothness"", ""population"": ""query"", ""stat"": ""sd""}"
Table S7-02601,si,Table S7,1/1,summary,"{""block"": ""B"", ""dim"": 30, ""method"": ""frozen_reference_scvi"", ""metric"": ""pseudotime_smoothness"", ""population"": ""query"", ""stat"": ""D""}"
Table S7-02602,si,Table S7,1/3,summary,"{""block"": ""B"", ""dim"": 30, ""method"": ""frozen_reference_scvi"", ""metric"": ""pseudotime_smoothness"", ""population"": ""query"", ""stat"": ""B""}"
Table S7-02603,si,Table S7,5/15,summary,"{""block"": ""B"", ""dim"": 30, ""method"": ""frozen_reference_scvi"", ""metric"": ""pseudotime_smoothness"", ""population"": ""query"", ""stat"": ""F""}"
Table S7-02604,si,Table S7,"P,S",summary,"{""block"": ""B"", ""dim"": 30, ""method"": ""frozen_reference_scvi"", ""metric"": ""pseudotime_smoothness"", ""population"": ""query"", ""stat"": ""na_code""}"
Table S7-02605,si,Table S7,0.864,summary,"{""block"": ""B"", ""dim"": 30, ""method"": ""frozen_reference_scvi"", ""metric"": ""pseudotime_smoothness"", ""population"": ""reference"", ""stat"": ""mean""}"
Table S7-02606,si,Table S7,0.026,summary,"{""block"": ""B"", ""dim"": 30, ""method"": ""frozen_reference_scvi"", ""metric"": ""pseudotime_smoothness"", ""population"": ""reference"", ""stat"": ""sd""}"
Table S7-02607,si,Table S7,1/1,summary,"{""block"": ""B"", ""dim"": 30, ""method"": ""frozen_reference_scvi"", ""metric"": ""pseudotime_smoothness"", ""population"": ""reference"", ""stat"": ""D""}"
Table S7-02608,si,Table S7,3/3,summary,"{""block"": ""B"", ""dim"": 30, ""method"": ""frozen_reference_scvi"", ""metric"": ""pseudotime_smoothness"", ""population"": ""reference"", ""stat"": ""B""}"
Table S7-02609,si,Table S7,15/15,summary,"{""block"": ""B"", ""dim"": 30, ""method"": ""frozen_reference_scvi"", ""metric"": ""pseudotime_smoothness"", ""population"": ""reference"", ""stat"": ""F""}"
Table S7-02610,si,Table S7,S,summary,"{""block"": ""B"", ""dim"": 30, ""method"": ""frozen_reference_scvi"", ""metric"": ""pseudotime_smoothness"", ""population"": ""reference"", ""stat"": ""na_code""}"
Table S7-02611,si,Table S7,0.830,summary,"{""block"": ""B"", ""dim"": 30, ""method"": ""frozen_reference_scvi"", ""metric"": ""trajectory"", ""population"": ""joint"", ""stat"": ""mean""}"
Table S7-02612,si,Table S7,0.027,summary,"{""block"": ""B"", ""dim"": 30, ""method"": ""frozen_reference_scvi"", ""metric"": ""trajectory"", ""population"": ""joint"", ""stat"": ""sd""}"
Table S7-02613,si,Table S7,1/1,summary,"{""block"": ""B"", ""dim"": 30, ""method"": ""frozen_reference_scvi"", ""metric"": ""trajectory"", ""population"": ""joint"", ""stat"": ""D""}"
Table S7-02614,si,Table S7,3/3,summary,"{""block"": ""B"", ""dim"": 30, ""method"": ""frozen_reference_scvi"", ""metric"": ""trajectory"", ""population"": ""joint"", ""stat"": ""B""}"
Table S7-02615,si,Table S7,15/15,summary,"{""block"": ""B"", ""dim"": 30, ""method"": ""frozen_reference_scvi"", ""metric"": ""trajectory"", ""population"": ""joint"", ""stat"": ""F""}"
Table S7-02616,si,Table S7,T,summary,"{""block"": ""B"", ""dim"": 30, ""method"": ""frozen_reference_scvi"", ""metric"": ""trajectory"", ""population"": ""joint"", ""stat"": ""na_code""}"
Table S7-02617,si,Table S7,0.888,summary,"{""block"": ""B"", ""dim"": 30, ""method"": ""frozen_reference_scvi"", ""metric"": ""trustworthiness"", ""population"": ""joint"", ""stat"": ""mean""}"
Table S7-02618,si,Table S7,0.009,summary,"{""block"": ""B"", ""dim"": 30, ""method"": ""frozen_reference_scvi"", ""metric"": ""trustworthiness"", ""population"": ""joint"", ""stat"": ""sd""}"
Table S7-02619,si,Table S7,2/2,summary,"{""block"": ""B"", ""dim"": 30, ""method"": ""frozen_reference_scvi"", ""metric"": ""trustworthiness"", ""population"": ""joint"", ""stat"": ""D""}"
Table S7-02620,si,Table S7,6/6,summary,"{""block"": ""B"", ""dim"": 30, ""method"": ""frozen_reference_scvi"", ""metric"": ""trustworthiness"", ""population"": ""joint"", ""stat"": ""B""}"
Table S7-02621,si,Table S7,30/30,summary,"{""block"": ""B"", ""dim"": 30, ""method"": ""frozen_reference_scvi"", ""metric"": ""trustworthiness"", ""population"": ""joint"", ""stat"": ""F""}"
Table S7-02622,si,Table S7,S,summary,"{""block"": ""B"", ""dim"": 30, ""method"": ""frozen_reference_scvi"", ""metric"": ""trustworthiness"", ""population"": ""joint"", ""stat"": ""na_code""}"
Table S7-02623,si,Table S7,0.946,summary,"{""block"": ""B"", ""dim"": 30, ""method"": ""frozen_reference_scvi"", ""metric"": ""trustworthiness"", ""population"": ""query"", ""stat"": ""mean""}"
Table S7-02624,si,Table S7,0.019,summary,"{""block"": ""B"", ""dim"": 30, ""method"": ""frozen_reference_scvi"", ""metric"": ""trustworthiness"", ""population"": ""query"", ""stat"": ""sd""}"
Table S7-02625,si,Table S7,2/2,summary,"{""block"": ""B"", ""dim"": 30, ""method"": ""frozen_reference_scvi"", ""metric"": ""trustworthiness"", ""population"": ""query"", ""stat"": ""D""}"
Table S7-02626,si,Table S7,6/6,summary,"{""block"": ""B"", ""dim"": 30, ""method"": ""frozen_reference_scvi"", ""metric"": ""trustworthiness"", ""population"": ""query"", ""stat"": ""B""}"
Table S7-02627,si,Table S7,30/30,summary,"{""block"": ""B"", ""dim"": 30, ""method"": ""frozen_reference_scvi"", ""metric"": ""trustworthiness"", ""population"": ""query"", ""stat"": ""F""}"
Table S7-02628,si,Table S7,S,summary,"{""block"": ""B"", ""dim"": 30, ""method"": ""frozen_reference_scvi"", ""metric"": ""trustworthiness"", ""population"": ""query"", ""stat"": ""na_code""}"
Table S7-02629,si,Table S7,0.884,summary,"{""block"": ""B"", ""dim"": 30, ""method"": ""frozen_reference_scvi"", ""metric"": ""trustworthiness"", ""population"": ""reference"", ""stat"": ""mean""}"
Table S7-02630,si,Table S7,0.006,summary,"{""block"": ""B"", ""dim"": 30, ""method"": ""frozen_reference_scvi"", ""metric"": ""trustworthiness"", ""population"": ""reference"", ""stat"": ""sd""}"
Table S7-02631,si,Table S7,2/2,summary,"{""block"": ""B"", ""dim"": 30, ""method"": ""frozen_reference_scvi"", ""metric"": ""trustworthiness"", ""population"": ""reference"", ""stat"": ""D""}"
Table S7-02632,si,Table S7,6/6,summary,"{""block"": ""B"", ""dim"": 30, ""method"": ""frozen_reference_scvi"", ""metric"": ""trustworthiness"", ""population"": ""reference"", ""stat"": ""B""}"
Table S7-02633,si,Table S7,30/30,summary,"{""block"": ""B"", ""dim"": 30, ""method"": ""frozen_reference_scvi"", ""metric"": ""trustworthiness"", ""population"": ""reference"", ""stat"": ""F""}"
Table S7-02634,si,Table S7,S,summary,"{""block"": ""B"", ""dim"": 30, ""method"": ""frozen_reference_scvi"", ""metric"": ""trustworthiness"", ""population"": ""reference"", ""stat"": ""na_code""}"
Table S7-02635,si,Table S7,-0.052,summary,"{""block"": ""B"", ""dim"": 30, ""method"": ""frozen_reference_scvi"", ""metric"": ""within_label_silhouette__donor"", ""population"": ""joint"", ""stat"": ""mean""}"
Table S7-02636,si,Table S7,0.004,summary,"{""block"": ""B"", ""dim"": 30, ""method"": ""frozen_reference_scvi"", ""metric"": ""within_label_silhouette__donor"", ""population"": ""joint"", ""stat"": ""sd""}"
Table S7-02637,si,Table S7,1/1,summary,"{""block"": ""B"", ""dim"": 30, ""method"": ""frozen_reference_scvi"", ""metric"": ""within_label_silhouette__donor"", ""population"": ""joint"", ""stat"": ""D""}"
Table S7-02638,si,Table S7,3/3,summary,"{""block"": ""B"", ""dim"": 30, ""method"": ""frozen_reference_scvi"", ""metric"": ""within_label_silhouette__donor"", ""population"": ""joint"", ""stat"": ""B""}"
Table S7-02639,si,Table S7,15/15,summary,"{""block"": ""B"", ""dim"": 30, ""method"": ""frozen_reference_scvi"", ""metric"": ""within_label_silhouette__donor"", ""population"": ""joint"", ""stat"": ""F""}"
Table S7-02640,si,Table S7,S,summary,"{""block"": ""B"", ""dim"": 30, ""method"": ""frozen_reference_scvi"", ""metric"": ""within_label_silhouette__donor"", ""population"": ""joint"", ""stat"": ""na_code""}"
Table S7-02641,si,Table S7,NA,summary,"{""block"": ""B"", ""dim"": 30, ""method"": ""frozen_reference_scvi"", ""metric"": ""within_label_silhouette__donor"", ""population"": ""query"", ""stat"": ""mean""}"
Table S7-02642,si,Table S7,–,summary,"{""block"": ""B"", ""dim"": 30, ""method"": ""frozen_reference_scvi"", ""metric"": ""within_label_silhouette__donor"", ""population"": ""query"", ""stat"": ""sd""}"
Table S7-02643,si,Table S7,0/1,summary,"{""block"": ""B"", ""dim"": 30, ""method"": ""frozen_reference_scvi"", ""metric"": ""within_label_silhouette__donor"", ""population"": ""query"", ""stat"": ""D""}"
Table S7-02644,si,Table S7,0/3,summary,"{""block"": ""B"", ""dim"": 30, ""method"": ""frozen_reference_scvi"", ""metric"": ""within_label_silhouette__donor"", ""population"": ""query"", ""stat"": ""B""}"
Table S7-02645,si,Table S7,0/15,summary,"{""block"": ""B"", ""dim"": 30, ""method"": ""frozen_reference_scvi"", ""metric"": ""within_label_silhouette__donor"", ""population"": ""query"", ""stat"": ""F""}"
Table S7-02646,si,Table S7,"C,S",summary,"{""block"": ""B"", ""dim"": 30, ""method"": ""frozen_reference_scvi"", ""metric"": ""within_label_silhouette__donor"", ""population"": ""query"", ""stat"": ""na_code""}"
Table S7-02647,si,Table S7,-0.050,summary,"{""block"": ""B"", ""dim"": 30, ""method"": ""frozen_reference_scvi"", ""metric"": ""within_label_silhouette__donor"", ""population"": ""reference"", ""stat"": ""mean""}"
Table S7-02648,si,Table S7,0.003,summary,"{""block"": ""B"", ""dim"": 30, ""method"": ""frozen_reference_scvi"", ""metric"": ""within_label_silhouette__donor"", ""population"": ""reference"", ""stat"": ""sd""}"
Table S7-02649,si,Table S7,1/1,summary,"{""block"": ""B"", ""dim"": 30, ""method"": ""frozen_reference_scvi"", ""metric"": ""within_label_silhouette__donor"", ""population"": ""reference"", ""stat"": ""D""}"
Table S7-02650,si,Table S7,3/3,summary,"{""block"": ""B"", ""dim"": 30, ""method"": ""frozen_reference_scvi"", ""metric"": ""within_label_silhouette__donor"", ""population"": ""reference"", ""stat"": ""B""}"
Table S7-02651,si,Table S7,15/15,summary,"{""block"": ""B"", ""dim"": 30, ""method"": ""frozen_reference_scvi"", ""metric"": ""within_label_silhouette__donor"", ""population"": ""reference"", ""stat"": ""F""}"
Table S7-02652,si,Table S7,S,summary,"{""block"": ""B"", ""dim"": 30, ""method"": ""frozen_reference_scvi"", ""metric"": ""within_label_silhouette__donor"", ""population"": ""reference"", ""stat"": ""na_code""}"
Table S7-02653,si,Table S7,0.093,summary,"{""block"": ""B"", ""dim"": 30, ""method"": ""frozen_reference_scvi"", ""metric"": ""within_label_silhouette__patientGroup"", ""population"": ""joint"", ""stat"": ""mean""}"
Table S7-02654,si,Table S7,0.002,summary,"{""block"": ""B"", ""dim"": 30, ""method"": ""frozen_reference_scvi"", ""metric"": ""within_label_silhouette__patientGroup"", ""population"": ""joint"", ""stat"": ""sd""}"
Table S7-02655,si,Table S7,1/1,summary,"{""block"": ""B"", ""dim"": 30, ""method"": ""frozen_reference_scvi"", ""metric"": ""within_label_silhouette__patientGroup"", ""population"": ""joint"", ""stat"": ""D""}"
Table S7-02656,si,Table S7,3/3,summary,"{""block"": ""B"", ""dim"": 30, ""method"": ""frozen_reference_scvi"", ""metric"": ""within_label_silhouette__patientGroup"", ""population"": ""joint"", ""stat"": ""B""}"
Table S7-02657,si,Table S7,15/15,summary,"{""block"": ""B"", ""dim"": 30, ""method"": ""frozen_reference_scvi"", ""metric"": ""within_label_silhouette__patientGroup"", ""population"": ""joint"", ""stat"": ""F""}"
Table S7-02658,si,Table S7,S,summary,"{""block"": ""B"", ""dim"": 30, ""method"": ""frozen_reference_scvi"", ""metric"": ""within_label_silhouette__patientGroup"", ""population"": ""joint"", ""stat"": ""na_code""}"
Table S7-02659,si,Table S7,NA,summary,"{""block"": ""B"", ""dim"": 30, ""method"": ""frozen_reference_scvi"", ""metric"": ""within_label_silhouette__patientGroup"", ""population"": ""query"", ""stat"": ""mean""}"
Table S7-02660,si,Table S7,–,summary,"{""block"": ""B"", ""dim"": 30, ""method"": ""frozen_reference_scvi"", ""metric"": ""within_label_silhouette__patientGroup"", ""population"": ""query"", ""stat"": ""sd""}"
Table S7-02661,si,Table S7,0/1,summary,"{""block"": ""B"", ""dim"": 30, ""method"": ""frozen_reference_scvi"", ""metric"": ""within_label_silhouette__patientGroup"", ""population"": ""query"", ""stat"": ""D""}"
Table S7-02662,si,Table S7,0/3,summary,"{""block"": ""B"", ""dim"": 30, ""method"": ""frozen_reference_scvi"", ""metric"": ""within_label_silhouette__patientGroup"", ""population"": ""query"", ""stat"": ""B""}"
Table S7-02663,si,Table S7,0/15,summary,"{""block"": ""B"", ""dim"": 30, ""method"": ""frozen_reference_scvi"", ""metric"": ""within_label_silhouette__patientGroup"", ""population"": ""query"", ""stat"": ""F""}"
Table S7-02664,si,Table S7,"C,S",summary,"{""block"": ""B"", ""dim"": 30, ""method"": ""frozen_reference_scvi"", ""metric"": ""within_label_silhouette__patientGroup"", ""population"": ""query"", ""stat"": ""na_code""}"
Table S7-02665,si,Table S7,0.097,summary,"{""block"": ""B"", ""dim"": 30, ""method"": ""frozen_reference_scvi"", ""metric"": ""within_label_silhouette__patientGroup"", ""population"": ""reference"", ""stat"": ""mean""}"
Table S7-02666,si,Table S7,0.001,summary,"{""block"": ""B"", ""dim"": 30, ""method"": ""frozen_reference_scvi"", ""metric"": ""within_label_silhouette__patientGroup"", ""population"": ""reference"", ""stat"": ""sd""}"
Table S7-02667,si,Table S7,1/1,summary,"{""block"": ""B"", ""dim"": 30, ""method"": ""frozen_reference_scvi"", ""metric"": ""within_label_silhouette__patientGroup"", ""population"": ""reference"", ""stat"": ""D""}"
Table S7-02668,si,Table S7,3/3,summary,"{""block"": ""B"", ""dim"": 30, ""method"": ""frozen_reference_scvi"", ""metric"": ""within_label_silhouette__patientGroup"", ""population"": ""reference"", ""stat"": ""B""}"
Table S7-02669,si,Table S7,15/15,summary,"{""block"": ""B"", ""dim"": 30, ""method"": ""frozen_reference_scvi"", ""metric"": ""within_label_silhouette__patientGroup"", ""population"": ""reference"", ""stat"": ""F""}"
Table S7-02670,si,Table S7,S,summary,"{""block"": ""B"", ""dim"": 30, ""method"": ""frozen_reference_scvi"", ""metric"": ""within_label_silhouette__patientGroup"", ""population"": ""reference"", ""stat"": ""na_code""}"
Table S7-02671,si,Table S7,0.009,summary,"{""block"": ""B"", ""dim"": 30, ""method"": ""frozen_reference_scvi"", ""metric"": ""within_label_silhouette__sample_ID"", ""population"": ""joint"", ""stat"": ""mean""}"
Table S7-02672,si,Table S7,0.022,summary,"{""block"": ""B"", ""dim"": 30, ""method"": ""frozen_reference_scvi"", ""metric"": ""within_label_silhouette__sample_ID"", ""population"": ""joint"", ""stat"": ""sd""}"
Table S7-02673,si,Table S7,1/1,summary,"{""block"": ""B"", ""dim"": 30, ""method"": ""frozen_reference_scvi"", ""metric"": ""within_label_silhouette__sample_ID"", ""population"": ""joint"", ""stat"": ""D""}"
Table S7-02674,si,Table S7,3/3,summary,"{""block"": ""B"", ""dim"": 30, ""method"": ""frozen_reference_scvi"", ""metric"": ""within_label_silhouette__sample_ID"", ""population"": ""joint"", ""stat"": ""B""}"
Table S7-02675,si,Table S7,15/15,summary,"{""block"": ""B"", ""dim"": 30, ""method"": ""frozen_reference_scvi"", ""metric"": ""within_label_silhouette__sample_ID"", ""population"": ""joint"", ""stat"": ""F""}"
Table S7-02676,si,Table S7,S,summary,"{""block"": ""B"", ""dim"": 30, ""method"": ""frozen_reference_scvi"", ""metric"": ""within_label_silhouette__sample_ID"", ""population"": ""joint"", ""stat"": ""na_code""}"
Table S7-02677,si,Table S7,NA,summary,"{""block"": ""B"", ""dim"": 30, ""method"": ""frozen_reference_scvi"", ""metric"": ""within_label_silhouette__sample_ID"", ""population"": ""query"", ""stat"": ""mean""}"
Table S7-02678,si,Table S7,–,summary,"{""block"": ""B"", ""dim"": 30, ""method"": ""frozen_reference_scvi"", ""metric"": ""within_label_silhouette__sample_ID"", ""population"": ""query"", ""stat"": ""sd""}"
Table S7-02679,si,Table S7,0/1,summary,"{""block"": ""B"", ""dim"": 30, ""method"": ""frozen_reference_scvi"", ""metric"": ""within_label_silhouette__sample_ID"", ""population"": ""query"", ""stat"": ""D""}"
Table S7-02680,si,Table S7,0/3,summary,"{""block"": ""B"", ""dim"": 30, ""method"": ""frozen_reference_scvi"", ""metric"": ""within_label_silhouette__sample_ID"", ""population"": ""query"", ""stat"": ""B""}"
Table S7-02681,si,Table S7,0/15,summary,"{""block"": ""B"", ""dim"": 30, ""method"": ""frozen_reference_scvi"", ""metric"": ""within_label_silhouette__sample_ID"", ""population"": ""query"", ""stat"": ""F""}"
Table S7-02682,si,Table S7,"C,S",summary,"{""block"": ""B"", ""dim"": 30, ""method"": ""frozen_reference_scvi"", ""metric"": ""within_label_silhouette__sample_ID"", ""population"": ""query"", ""stat"": ""na_code""}"
Table S7-02683,si,Table S7,-0.001,summary,"{""block"": ""B"", ""dim"": 30, ""method"": ""frozen_reference_scvi"", ""metric"": ""within_label_silhouette__sample_ID"", ""population"": ""reference"", ""stat"": ""mean""}"
Table S7-02684,si,Table S7,0.009,summary,"{""block"": ""B"", ""dim"": 30, ""method"": ""frozen_reference_scvi"", ""metric"": ""within_label_silhouette__sample_ID"", ""population"": ""reference"", ""stat"": ""sd""}"
Table S7-02685,si,Table S7,1/1,summary,"{""block"": ""B"", ""dim"": 30, ""method"": ""frozen_reference_scvi"", ""metric"": ""within_label_silhouette__sample_ID"", ""population"": ""reference"", ""stat"": ""D""}"
Table S7-02686,si,Table S7,3/3,summary,"{""block"": ""B"", ""dim"": 30, ""method"": ""frozen_reference_scvi"", ""metric"": ""within_label_silhouette__sample_ID"", ""population"": ""reference"", ""stat"": ""B""}"
Table S7-02687,si,Table S7,15/15,summary,"{""block"": ""B"", ""dim"": 30, ""method"": ""frozen_reference_scvi"", ""metric"": ""within_label_silhouette__sample_ID"", ""population"": ""reference"", ""stat"": ""F""}"
Table S7-02688,si,Table S7,S,summary,"{""block"": ""B"", ""dim"": 30, ""method"": ""frozen_reference_scvi"", ""metric"": ""within_label_silhouette__sample_ID"", ""population"": ""reference"", ""stat"": ""na_code""}"
Table S7-02689,si,Table S7,0.009,summary,"{""block"": ""B"", ""dim"": 30, ""method"": ""frozen_reference_scvi"", ""metric"": ""within_label_silhouette__study"", ""population"": ""joint"", ""stat"": ""mean""}"
Table S7-02690,si,Table S7,0.022,summary,"{""block"": ""B"", ""dim"": 30, ""method"": ""frozen_reference_scvi"", ""metric"": ""within_label_silhouette__study"", ""population"": ""joint"", ""stat"": ""sd""}"
Table S7-02691,si,Table S7,1/1,summary,"{""block"": ""B"", ""dim"": 30, ""method"": ""frozen_reference_scvi"", ""metric"": ""within_label_silhouette__study"", ""population"": ""joint"", ""stat"": ""D""}"
Table S7-02692,si,Table S7,3/3,summary,"{""block"": ""B"", ""dim"": 30, ""method"": ""frozen_reference_scvi"", ""metric"": ""within_label_silhouette__study"", ""population"": ""joint"", ""stat"": ""B""}"
Table S7-02693,si,Table S7,15/15,summary,"{""block"": ""B"", ""dim"": 30, ""method"": ""frozen_reference_scvi"", ""metric"": ""within_label_silhouette__study"", ""population"": ""joint"", ""stat"": ""F""}"
Table S7-02694,si,Table S7,S,summary,"{""block"": ""B"", ""dim"": 30, ""method"": ""frozen_reference_scvi"", ""metric"": ""within_label_silhouette__study"", ""population"": ""joint"", ""stat"": ""na_code""}"
Table S7-02695,si,Table S7,NA,summary,"{""block"": ""B"", ""dim"": 30, ""method"": ""frozen_reference_scvi"", ""metric"": ""within_label_silhouette__study"", ""population"": ""query"", ""stat"": ""mean""}"
Table S7-02696,si,Table S7,–,summary,"{""block"": ""B"", ""dim"": 30, ""method"": ""frozen_reference_scvi"", ""metric"": ""within_label_silhouette__study"", ""population"": ""query"", ""stat"": ""sd""}"
Table S7-02697,si,Table S7,0/1,summary,"{""block"": ""B"", ""dim"": 30, ""method"": ""frozen_reference_scvi"", ""metric"": ""within_label_silhouette__study"", ""population"": ""query"", ""stat"": ""D""}"
Table S7-02698,si,Table S7,0/3,summary,"{""block"": ""B"", ""dim"": 30, ""method"": ""frozen_reference_scvi"", ""metric"": ""within_label_silhouette__study"", ""population"": ""query"", ""stat"": ""B""}"
Table S7-02699,si,Table S7,0/15,summary,"{""block"": ""B"", ""dim"": 30, ""method"": ""frozen_reference_scvi"", ""metric"": ""within_label_silhouette__study"", ""population"": ""query"", ""stat"": ""F""}"
Table S7-02700,si,Table S7,"C,S",summary,"{""block"": ""B"", ""dim"": 30, ""method"": ""frozen_reference_scvi"", ""metric"": ""within_label_silhouette__study"", ""population"": ""query"", ""stat"": ""na_code""}"
Table S7-02701,si,Table S7,-0.001,summary,"{""block"": ""B"", ""dim"": 30, ""method"": ""frozen_reference_scvi"", ""metric"": ""within_label_silhouette__study"", ""population"": ""reference"", ""stat"": ""mean""}"
Table S7-02702,si,Table S7,0.009,summary,"{""block"": ""B"", ""dim"": 30, ""method"": ""frozen_reference_scvi"", ""metric"": ""within_label_silhouette__study"", ""population"": ""reference"", ""stat"": ""sd""}"
Table S7-02703,si,Table S7,1/1,summary,"{""block"": ""B"", ""dim"": 30, ""method"": ""frozen_reference_scvi"", ""metric"": ""within_label_silhouette__study"", ""population"": ""reference"", ""stat"": ""D""}"
Table S7-02704,si,Table S7,3/3,summary,"{""block"": ""B"", ""dim"": 30, ""method"": ""frozen_reference_scvi"", ""metric"": ""within_label_silhouette__study"", ""population"": ""reference"", ""stat"": ""B""}"
Table S7-02705,si,Table S7,15/15,summary,"{""block"": ""B"", ""dim"": 30, ""method"": ""frozen_reference_scvi"", ""metric"": ""within_label_silhouette__study"", ""population"": ""reference"", ""stat"": ""F""}"
Table S7-02706,si,Table S7,S,summary,"{""block"": ""B"", ""dim"": 30, ""method"": ""frozen_reference_scvi"", ""metric"": ""within_label_silhouette__study"", ""population"": ""reference"", ""stat"": ""na_code""}"
Table S7-02707,si,Table S7,0.389,summary,"{""block"": ""B"", ""dim"": 30, ""method"": ""frozen_reference_scanvi"", ""metric"": ""ARI_cluster/label"", ""population"": ""joint"", ""stat"": ""mean""}"
Table S7-02708,si,Table S7,0.082,summary,"{""block"": ""B"", ""dim"": 30, ""method"": ""frozen_reference_scanvi"", ""metric"": ""ARI_cluster/label"", ""population"": ""joint"", ""stat"": ""sd""}"
Table S7-02709,si,Table S7,3/3,summary,"{""block"": ""B"", ""dim"": 30, ""method"": ""frozen_reference_scanvi"", ""metric"": ""ARI_cluster/label"", ""population"": ""joint"", ""stat"": ""D""}"
Table S7-02710,si,Table S7,9/9,summary,"{""block"": ""B"", ""dim"": 30, ""method"": ""frozen_reference_scanvi"", ""metric"": ""ARI_cluster/label"", ""population"": ""joint"", ""stat"": ""B""}"
Table S7-02711,si,Table S7,45/45,summary,"{""block"": ""B"", ""dim"": 30, ""method"": ""frozen_reference_scanvi"", ""metric"": ""ARI_cluster/label"", ""population"": ""joint"", ""stat"": ""F""}"
Table S7-02712,si,Table S7,–,summary,"{""block"": ""B"", ""dim"": 30, ""method"": ""frozen_reference_scanvi"", ""metric"": ""ARI_cluster/label"", ""population"": ""joint"", ""stat"": ""na_code""}"
Table S7-02713,si,Table S7,0.657,summary,"{""block"": ""B"", ""dim"": 30, ""method"": ""frozen_reference_scanvi"", ""metric"": ""ASW_label"", ""population"": ""joint"", ""stat"": ""mean""}"
Table S7-02714,si,Table S7,0.018,summary,"{""block"": ""B"", ""dim"": 30, ""method"": ""frozen_reference_scanvi"", ""metric"": ""ASW_label"", ""population"": ""joint"", ""stat"": ""sd""}"
Table S7-02715,si,Table S7,3/3,summary,"{""block"": ""B"", ""dim"": 30, ""method"": ""frozen_reference_scanvi"", ""metric"": ""ASW_label"", ""population"": ""joint"", ""stat"": ""D""}"
Table S7-02716,si,Table S7,9/9,summary,"{""block"": ""B"", ""dim"": 30, ""method"": ""frozen_reference_scanvi"", ""metric"": ""ASW_label"", ""population"": ""joint"", ""stat"": ""B""}"
Table S7-02717,si,Table S7,45/45,summary,"{""block"": ""B"", ""dim"": 30, ""method"": ""frozen_reference_scanvi"", ""metric"": ""ASW_label"", ""population"": ""joint"", ""stat"": ""F""}"
Table S7-02718,si,Table S7,–,summary,"{""block"": ""B"", ""dim"": 30, ""method"": ""frozen_reference_scanvi"", ""metric"": ""ASW_label"", ""population"": ""joint"", ""stat"": ""na_code""}"
Table S7-02719,si,Table S7,0.867,summary,"{""block"": ""B"", ""dim"": 30, ""method"": ""frozen_reference_scanvi"", ""metric"": ""ASW_label/batch"", ""population"": ""joint"", ""stat"": ""mean""}"
Table S7-02720,si,Table S7,0.015,summary,"{""block"": ""B"", ""dim"": 30, ""method"": ""frozen_reference_scanvi"", ""metric"": ""ASW_label/batch"", ""population"": ""joint"", ""stat"": ""sd""}"
Table S7-02721,si,Table S7,3/3,summary,"{""block"": ""B"", ""dim"": 30, ""method"": ""frozen_reference_scanvi"", ""metric"": ""ASW_label/batch"", ""population"": ""joint"", ""stat"": ""D""}"
Table S7-02722,si,Table S7,9/9,summary,"{""block"": ""B"", ""dim"": 30, ""method"": ""frozen_reference_scanvi"", ""metric"": ""ASW_label/batch"", ""population"": ""joint"", ""stat"": ""B""}"
Table S7-02723,si,Table S7,45/45,summary,"{""block"": ""B"", ""dim"": 30, ""method"": ""frozen_reference_scanvi"", ""metric"": ""ASW_label/batch"", ""population"": ""joint"", ""stat"": ""F""}"
Table S7-02724,si,Table S7,–,summary,"{""block"": ""B"", ""dim"": 30, ""method"": ""frozen_reference_scanvi"", ""metric"": ""ASW_label/batch"", ""population"": ""joint"", ""stat"": ""na_code""}"
Table S7-02725,si,Table S7,0.753,summary,"{""block"": ""B"", ""dim"": 30, ""method"": ""frozen_reference_scanvi"", ""metric"": ""NMI_cluster/label"", ""population"": ""joint"", ""stat"": ""mean""}"
Table S7-02726,si,Table S7,0.046,summary,"{""block"": ""B"", ""dim"": 30, ""method"": ""frozen_reference_scanvi"", ""metric"": ""NMI_cluster/label"", ""population"": ""joint"", ""stat"": ""sd""}"
Table S7-02727,si,Table S7,3/3,summary,"{""block"": ""B"", ""dim"": 30, ""method"": ""frozen_reference_scanvi"", ""metric"": ""NMI_cluster/label"", ""population"": ""joint"", ""stat"": ""D""}"
Table S7-02728,si,Table S7,9/9,summary,"{""block"": ""B"", ""dim"": 30, ""method"": ""frozen_reference_scanvi"", ""metric"": ""NMI_cluster/label"", ""population"": ""joint"", ""stat"": ""B""}"
Table S7-02729,si,Table S7,45/45,summary,"{""block"": ""B"", ""dim"": 30, ""method"": ""frozen_reference_scanvi"", ""metric"": ""NMI_cluster/label"", ""population"": ""joint"", ""stat"": ""F""}"
Table S7-02730,si,Table S7,–,summary,"{""block"": ""B"", ""dim"": 30, ""method"": ""frozen_reference_scanvi"", ""metric"": ""NMI_cluster/label"", ""population"": ""joint"", ""stat"": ""na_code""}"
Table S7-02731,si,Table S7,0.836,summary,"{""block"": ""B"", ""dim"": 30, ""method"": ""frozen_reference_scanvi"", ""metric"": ""PCR_batch"", ""population"": ""joint"", ""stat"": ""mean""}"
Table S7-02732,si,Table S7,0.065,summary,"{""block"": ""B"", ""dim"": 30, ""method"": ""frozen_reference_scanvi"", ""metric"": ""PCR_batch"", ""population"": ""joint"", ""stat"": ""sd""}"
Table S7-02733,si,Table S7,3/3,summary,"{""block"": ""B"", ""dim"": 30, ""method"": ""frozen_reference_scanvi"", ""metric"": ""PCR_batch"", ""population"": ""joint"", ""stat"": ""D""}"
Table S7-02734,si,Table S7,9/9,summary,"{""block"": ""B"", ""dim"": 30, ""method"": ""frozen_reference_scanvi"", ""metric"": ""PCR_batch"", ""population"": ""joint"", ""stat"": ""B""}"
Table S7-02735,si,Table S7,45/45,summary,"{""block"": ""B"", ""dim"": 30, ""method"": ""frozen_reference_scanvi"", ""metric"": ""PCR_batch"", ""population"": ""joint"", ""stat"": ""F""}"
Table S7-02736,si,Table S7,–,summary,"{""block"": ""B"", ""dim"": 30, ""method"": ""frozen_reference_scanvi"", ""metric"": ""PCR_batch"", ""population"": ""joint"", ""stat"": ""na_code""}"
Table S7-02737,si,Table S7,0.882,summary,"{""block"": ""B"", ""dim"": 30, ""method"": ""frozen_reference_scanvi"", ""metric"": ""balanced_accuracy"", ""population"": ""query"", ""stat"": ""mean""}"
Table S7-02738,si,Table S7,0.061,summary,"{""block"": ""B"", ""dim"": 30, ""method"": ""frozen_reference_scanvi"", ""metric"": ""balanced_accuracy"", ""population"": ""query"", ""stat"": ""sd""}"
Table S7-02739,si,Table S7,3/3,summary,"{""block"": ""B"", ""dim"": 30, ""method"": ""frozen_reference_scanvi"", ""metric"": ""balanced_accuracy"", ""population"": ""query"", ""stat"": ""D""}"
Table S7-02740,si,Table S7,9/9,summary,"{""block"": ""B"", ""dim"": 30, ""method"": ""frozen_reference_scanvi"", ""metric"": ""balanced_accuracy"", ""population"": ""query"", ""stat"": ""B""}"
Table S7-02741,si,Table S7,45/45,summary,"{""block"": ""B"", ""dim"": 30, ""method"": ""frozen_reference_scanvi"", ""metric"": ""balanced_accuracy"", ""population"": ""query"", ""stat"": ""F""}"
Table S7-02742,si,Table S7,–,summary,"{""block"": ""B"", ""dim"": 30, ""method"": ""frozen_reference_scanvi"", ""metric"": ""balanced_accuracy"", ""population"": ""query"", ""stat"": ""na_code""}"
Table S7-02743,si,Table S7,1.000,summary,"{""block"": ""B"", ""dim"": 30, ""method"": ""frozen_reference_scanvi"", ""metric"": ""cLISI"", ""population"": ""joint"", ""stat"": ""mean""}"
Table S7-02744,si,Table S7,0.000,summary,"{""block"": ""B"", ""dim"": 30, ""method"": ""frozen_reference_scanvi"", ""metric"": ""cLISI"", ""population"": ""joint"", ""stat"": ""sd""}"
Table S7-02745,si,Table S7,3/3,summary,"{""block"": ""B"", ""dim"": 30, ""method"": ""frozen_reference_scanvi"", ""metric"": ""cLISI"", ""population"": ""joint"", ""stat"": ""D""}"
Table S7-02746,si,Table S7,9/9,summary,"{""block"": ""B"", ""dim"": 30, ""method"": ""frozen_reference_scanvi"", ""metric"": ""cLISI"", ""population"": ""joint"", ""stat"": ""B""}"
Table S7-02747,si,Table S7,45/45,summary,"{""block"": ""B"", ""dim"": 30, ""method"": ""frozen_reference_scanvi"", ""metric"": ""cLISI"", ""population"": ""joint"", ""stat"": ""F""}"
Table S7-02748,si,Table S7,–,summary,"{""block"": ""B"", ""dim"": 30, ""method"": ""frozen_reference_scanvi"", ""metric"": ""cLISI"", ""population"": ""joint"", ""stat"": ""na_code""}"
Table S7-02749,si,Table S7,0.604,summary,"{""block"": ""B"", ""dim"": 30, ""method"": ""frozen_reference_scanvi"", ""metric"": ""cell_cycle_conservation"", ""population"": ""joint"", ""stat"": ""mean""}"
Table S7-02750,si,Table S7,0.159,summary,"{""block"": ""B"", ""dim"": 30, ""method"": ""frozen_reference_scanvi"", ""metric"": ""cell_cycle_conservation"", ""population"": ""joint"", ""stat"": ""sd""}"
Table S7-02751,si,Table S7,3/3,summary,"{""block"": ""B"", ""dim"": 30, ""method"": ""frozen_reference_scanvi"", ""metric"": ""cell_cycle_conservation"", ""population"": ""joint"", ""stat"": ""D""}"
Table S7-02752,si,Table S7,9/9,summary,"{""block"": ""B"", ""dim"": 30, ""method"": ""frozen_reference_scanvi"", ""metric"": ""cell_cycle_conservation"", ""population"": ""joint"", ""stat"": ""B""}"
Table S7-02753,si,Table S7,45/45,summary,"{""block"": ""B"", ""dim"": 30, ""method"": ""frozen_reference_scanvi"", ""metric"": ""cell_cycle_conservation"", ""population"": ""joint"", ""stat"": ""F""}"
Table S7-02754,si,Table S7,–,summary,"{""block"": ""B"", ""dim"": 30, ""method"": ""frozen_reference_scanvi"", ""metric"": ""cell_cycle_conservation"", ""population"": ""joint"", ""stat"": ""na_code""}"
Table S7-02755,si,Table S7,NA,summary,"{""block"": ""B"", ""dim"": 30, ""method"": ""frozen_reference_scanvi"", ""metric"": ""hvg_overlap"", ""population"": ""joint"", ""stat"": ""mean""}"
Table S7-02756,si,Table S7,–,summary,"{""block"": ""B"", ""dim"": 30, ""method"": ""frozen_reference_scanvi"", ""metric"": ""hvg_overlap"", ""population"": ""joint"", ""stat"": ""sd""}"
Table S7-02757,si,Table S7,0/3,summary,"{""block"": ""B"", ""dim"": 30, ""method"": ""frozen_reference_scanvi"", ""metric"": ""hvg_overlap"", ""population"": ""joint"", ""stat"": ""D""}"
Table S7-02758,si,Table S7,0/9,summary,"{""block"": ""B"", ""dim"": 30, ""method"": ""frozen_reference_scanvi"", ""metric"": ""hvg_overlap"", ""population"": ""joint"", ""stat"": ""B""}"
Table S7-02759,si,Table S7,0/45,summary,"{""block"": ""B"", ""dim"": 30, ""method"": ""frozen_reference_scanvi"", ""metric"": ""hvg_overlap"", ""population"": ""joint"", ""stat"": ""F""}"
Table S7-02760,si,Table S7,H,summary,"{""block"": ""B"", ""dim"": 30, ""method"": ""frozen_reference_scanvi"", ""metric"": ""hvg_overlap"", ""population"": ""joint"", ""stat"": ""na_code""}"
Table S7-02761,si,Table S7,1.902,summary,"{""block"": ""B"", ""dim"": 30, ""method"": ""frozen_reference_scanvi"", ""metric"": ""iLISI"", ""population"": ""joint"", ""stat"": ""mean""}"
Table S7-02762,si,Table S7,0.189,summary,"{""block"": ""B"", ""dim"": 30, ""method"": ""frozen_reference_scanvi"", ""metric"": ""iLISI"", ""population"": ""joint"", ""stat"": ""sd""}"
Table S7-02763,si,Table S7,3/3,summary,"{""block"": ""B"", ""dim"": 30, ""method"": ""frozen_reference_scanvi"", ""metric"": ""iLISI"", ""population"": ""joint"", ""stat"": ""D""}"
Table S7-02764,si,Table S7,9/9,summary,"{""block"": ""B"", ""dim"": 30, ""method"": ""frozen_reference_scanvi"", ""metric"": ""iLISI"", ""population"": ""joint"", ""stat"": ""B""}"
Table S7-02765,si,Table S7,45/45,summary,"{""block"": ""B"", ""dim"": 30, ""method"": ""frozen_reference_scanvi"", ""metric"": ""iLISI"", ""population"": ""joint"", ""stat"": ""F""}"
Table S7-02766,si,Table S7,–,summary,"{""block"": ""B"", ""dim"": 30, ""method"": ""frozen_reference_scanvi"", ""metric"": ""iLISI"", ""population"": ""joint"", ""stat"": ""na_code""}"
Table S7-02767,si,Table S7,0.501,summary,"{""block"": ""B"", ""dim"": 30, ""method"": ""frozen_reference_scanvi"", ""metric"": ""isolated_label_silhouette"", ""population"": ""joint"", ""stat"": ""mean""}"
Table S7-02768,si,Table S7,0.010,summary,"{""block"": ""B"", ""dim"": 30, ""method"": ""frozen_reference_scanvi"", ""metric"": ""isolated_label_silhouette"", ""population"": ""joint"", ""stat"": ""sd""}"
Table S7-02769,si,Table S7,3/3,summary,"{""block"": ""B"", ""dim"": 30, ""method"": ""frozen_reference_scanvi"", ""metric"": ""isolated_label_silhouette"", ""population"": ""joint"", ""stat"": ""D""}"
Table S7-02770,si,Table S7,9/9,summary,"{""block"": ""B"", ""dim"": 30, ""method"": ""frozen_reference_scanvi"", ""metric"": ""isolated_label_silhouette"", ""population"": ""joint"", ""stat"": ""B""}"
Table S7-02771,si,Table S7,45/45,summary,"{""block"": ""B"", ""dim"": 30, ""method"": ""frozen_reference_scanvi"", ""metric"": ""isolated_label_silhouette"", ""population"": ""joint"", ""stat"": ""F""}"
Table S7-02772,si,Table S7,–,summary,"{""block"": ""B"", ""dim"": 30, ""method"": ""frozen_reference_scanvi"", ""metric"": ""isolated_label_silhouette"", ""population"": ""joint"", ""stat"": ""na_code""}"
Table S7-02773,si,Table S7,0.838,summary,"{""block"": ""B"", ""dim"": 30, ""method"": ""frozen_reference_scanvi"", ""metric"": ""macro_f1"", ""population"": ""query"", ""stat"": ""mean""}"
Table S7-02774,si,Table S7,0.087,summary,"{""block"": ""B"", ""dim"": 30, ""method"": ""frozen_reference_scanvi"", ""metric"": ""macro_f1"", ""population"": ""query"", ""stat"": ""sd""}"
Table S7-02775,si,Table S7,3/3,summary,"{""block"": ""B"", ""dim"": 30, ""method"": ""frozen_reference_scanvi"", ""metric"": ""macro_f1"", ""population"": ""query"", ""stat"": ""D""}"
Table S7-02776,si,Table S7,9/9,summary,"{""block"": ""B"", ""dim"": 30, ""method"": ""frozen_reference_scanvi"", ""metric"": ""macro_f1"", ""population"": ""query"", ""stat"": ""B""}"
Table S7-02777,si,Table S7,45/45,summary,"{""block"": ""B"", ""dim"": 30, ""method"": ""frozen_reference_scanvi"", ""metric"": ""macro_f1"", ""population"": ""query"", ""stat"": ""F""}"
Table S7-02778,si,Table S7,–,summary,"{""block"": ""B"", ""dim"": 30, ""method"": ""frozen_reference_scanvi"", ""metric"": ""macro_f1"", ""population"": ""query"", ""stat"": ""na_code""}"
Table S7-02779,si,Table S7,0.886,summary,"{""block"": ""B"", ""dim"": 30, ""method"": ""frozen_reference_scanvi"", ""metric"": ""pseudotime_smoothness"", ""population"": ""joint"", ""stat"": ""mean""}"
Table S7-02780,si,Table S7,0.001,summary,"{""block"": ""B"", ""dim"": 30, ""method"": ""frozen_reference_scanvi"", ""metric"": ""pseudotime_smoothness"", ""population"": ""joint"", ""stat"": ""sd""}"
Table S7-02781,si,Table S7,1/1,summary,"{""block"": ""B"", ""dim"": 30, ""method"": ""frozen_reference_scanvi"", ""metric"": ""pseudotime_smoothness"", ""population"": ""joint"", ""stat"": ""D""}"
Table S7-02782,si,Table S7,3/3,summary,"{""block"": ""B"", ""dim"": 30, ""method"": ""frozen_reference_scanvi"", ""metric"": ""pseudotime_smoothness"", ""population"": ""joint"", ""stat"": ""B""}"
Table S7-02783,si,Table S7,15/15,summary,"{""block"": ""B"", ""dim"": 30, ""method"": ""frozen_reference_scanvi"", ""metric"": ""pseudotime_smoothness"", ""population"": ""joint"", ""stat"": ""F""}"
Table S7-02784,si,Table S7,S,summary,"{""block"": ""B"", ""dim"": 30, ""method"": ""frozen_reference_scanvi"", ""metric"": ""pseudotime_smoothness"", ""population"": ""joint"", ""stat"": ""na_code""}"
Table S7-02785,si,Table S7,0.970,summary,"{""block"": ""B"", ""dim"": 30, ""method"": ""frozen_reference_scanvi"", ""metric"": ""pseudotime_smoothness"", ""population"": ""query"", ""stat"": ""mean""}"
Table S7-02786,si,Table S7,–,summary,"{""block"": ""B"", ""dim"": 30, ""method"": ""frozen_reference_scanvi"", ""metric"": ""pseudotime_smoothness"", ""population"": ""query"", ""stat"": ""sd""}"
Table S7-02787,si,Table S7,1/1,summary,"{""block"": ""B"", ""dim"": 30, ""method"": ""frozen_reference_scanvi"", ""metric"": ""pseudotime_smoothness"", ""population"": ""query"", ""stat"": ""D""}"
Table S7-02788,si,Table S7,1/3,summary,"{""block"": ""B"", ""dim"": 30, ""method"": ""frozen_reference_scanvi"", ""metric"": ""pseudotime_smoothness"", ""population"": ""query"", ""stat"": ""B""}"
Table S7-02789,si,Table S7,5/15,summary,"{""block"": ""B"", ""dim"": 30, ""method"": ""frozen_reference_scanvi"", ""metric"": ""pseudotime_smoothness"", ""population"": ""query"", ""stat"": ""F""}"
Table S7-02790,si,Table S7,"P,S",summary,"{""block"": ""B"", ""dim"": 30, ""method"": ""frozen_reference_scanvi"", ""metric"": ""pseudotime_smoothness"", ""population"": ""query"", ""stat"": ""na_code""}"
Table S7-02791,si,Table S7,0.868,summary,"{""block"": ""B"", ""dim"": 30, ""method"": ""frozen_reference_scanvi"", ""metric"": ""pseudotime_smoothness"", ""population"": ""reference"", ""stat"": ""mean""}"
Table S7-02792,si,Table S7,0.030,summary,"{""block"": ""B"", ""dim"": 30, ""method"": ""frozen_reference_scanvi"", ""metric"": ""pseudotime_smoothness"", ""population"": ""reference"", ""stat"": ""sd""}"
Table S7-02793,si,Table S7,1/1,summary,"{""block"": ""B"", ""dim"": 30, ""method"": ""frozen_reference_scanvi"", ""metric"": ""pseudotime_smoothness"", ""population"": ""reference"", ""stat"": ""D""}"
Table S7-02794,si,Table S7,3/3,summary,"{""block"": ""B"", ""dim"": 30, ""method"": ""frozen_reference_scanvi"", ""metric"": ""pseudotime_smoothness"", ""population"": ""reference"", ""stat"": ""B""}"
Table S7-02795,si,Table S7,15/15,summary,"{""block"": ""B"", ""dim"": 30, ""method"": ""frozen_reference_scanvi"", ""metric"": ""pseudotime_smoothness"", ""population"": ""reference"", ""stat"": ""F""}"
Table S7-02796,si,Table S7,S,summary,"{""block"": ""B"", ""dim"": 30, ""method"": ""frozen_reference_scanvi"", ""metric"": ""pseudotime_smoothness"", ""population"": ""reference"", ""stat"": ""na_code""}"
Table S7-02797,si,Table S7,0.855,summary,"{""block"": ""B"", ""dim"": 30, ""method"": ""frozen_reference_scanvi"", ""metric"": ""trajectory"", ""population"": ""joint"", ""stat"": ""mean""}"
Table S7-02798,si,Table S7,0.003,summary,"{""block"": ""B"", ""dim"": 30, ""method"": ""frozen_reference_scanvi"", ""metric"": ""trajectory"", ""population"": ""joint"", ""stat"": ""sd""}"
Table S7-02799,si,Table S7,1/1,summary,"{""block"": ""B"", ""dim"": 30, ""method"": ""frozen_reference_scanvi"", ""metric"": ""trajectory"", ""population"": ""joint"", ""stat"": ""D""}"
Table S7-02800,si,Table S7,3/3,summary,"{""block"": ""B"", ""dim"": 30, ""method"": ""frozen_reference_scanvi"", ""metric"": ""trajectory"", ""population"": ""joint"", ""stat"": ""B""}"
Table S7-02801,si,Table S7,15/15,summary,"{""block"": ""B"", ""dim"": 30, ""method"": ""frozen_reference_scanvi"", ""metric"": ""trajectory"", ""population"": ""joint"", ""stat"": ""F""}"
Table S7-02802,si,Table S7,T,summary,"{""block"": ""B"", ""dim"": 30, ""method"": ""frozen_reference_scanvi"", ""metric"": ""trajectory"", ""population"": ""joint"", ""stat"": ""na_code""}"
Table S7-02803,si,Table S7,0.910,summary,"{""block"": ""B"", ""dim"": 30, ""method"": ""frozen_reference_scanvi"", ""metric"": ""trustworthiness"", ""population"": ""joint"", ""stat"": ""mean""}"
Table S7-02804,si,Table S7,0.018,summary,"{""block"": ""B"", ""dim"": 30, ""method"": ""frozen_reference_scanvi"", ""metric"": ""trustworthiness"", ""population"": ""joint"", ""stat"": ""sd""}"
Table S7-02805,si,Table S7,2/2,summary,"{""block"": ""B"", ""dim"": 30, ""method"": ""frozen_reference_scanvi"", ""metric"": ""trustworthiness"", ""population"": ""joint"", ""stat"": ""D""}"
Table S7-02806,si,Table S7,6/6,summary,"{""block"": ""B"", ""dim"": 30, ""method"": ""frozen_reference_scanvi"", ""metric"": ""trustworthiness"", ""population"": ""joint"", ""stat"": ""B""}"
Table S7-02807,si,Table S7,30/30,summary,"{""block"": ""B"", ""dim"": 30, ""method"": ""frozen_reference_scanvi"", ""metric"": ""trustworthiness"", ""population"": ""joint"", ""stat"": ""F""}"
Table S7-02808,si,Table S7,S,summary,"{""block"": ""B"", ""dim"": 30, ""method"": ""frozen_reference_scanvi"", ""metric"": ""trustworthiness"", ""population"": ""joint"", ""stat"": ""na_code""}"
Table S7-02809,si,Table S7,0.949,summary,"{""block"": ""B"", ""dim"": 30, ""method"": ""frozen_reference_scanvi"", ""metric"": ""trustworthiness"", ""population"": ""query"", ""stat"": ""mean""}"
Table S7-02810,si,Table S7,0.018,summary,"{""block"": ""B"", ""dim"": 30, ""method"": ""frozen_reference_scanvi"", ""metric"": ""trustworthiness"", ""population"": ""query"", ""stat"": ""sd""}"
Table S7-02811,si,Table S7,2/2,summary,"{""block"": ""B"", ""dim"": 30, ""method"": ""frozen_reference_scanvi"", ""metric"": ""trustworthiness"", ""population"": ""query"", ""stat"": ""D""}"
Table S7-02812,si,Table S7,6/6,summary,"{""block"": ""B"", ""dim"": 30, ""method"": ""frozen_reference_scanvi"", ""metric"": ""trustworthiness"", ""population"": ""query"", ""stat"": ""B""}"
Table S7-02813,si,Table S7,30/30,summary,"{""block"": ""B"", ""dim"": 30, ""method"": ""frozen_reference_scanvi"", ""metric"": ""trustworthiness"", ""population"": ""query"", ""stat"": ""F""}"
Table S7-02814,si,Table S7,S,summary,"{""block"": ""B"", ""dim"": 30, ""method"": ""frozen_reference_scanvi"", ""metric"": ""trustworthiness"", ""population"": ""query"", ""stat"": ""na_code""}"
Table S7-02815,si,Table S7,0.906,summary,"{""block"": ""B"", ""dim"": 30, ""method"": ""frozen_reference_scanvi"", ""metric"": ""trustworthiness"", ""population"": ""reference"", ""stat"": ""mean""}"
Table S7-02816,si,Table S7,0.021,summary,"{""block"": ""B"", ""dim"": 30, ""method"": ""frozen_reference_scanvi"", ""metric"": ""trustworthiness"", ""population"": ""reference"", ""stat"": ""sd""}"
Table S7-02817,si,Table S7,2/2,summary,"{""block"": ""B"", ""dim"": 30, ""method"": ""frozen_reference_scanvi"", ""metric"": ""trustworthiness"", ""population"": ""reference"", ""stat"": ""D""}"
Table S7-02818,si,Table S7,6/6,summary,"{""block"": ""B"", ""dim"": 30, ""method"": ""frozen_reference_scanvi"", ""metric"": ""trustworthiness"", ""population"": ""reference"", ""stat"": ""B""}"
Table S7-02819,si,Table S7,30/30,summary,"{""block"": ""B"", ""dim"": 30, ""method"": ""frozen_reference_scanvi"", ""metric"": ""trustworthiness"", ""population"": ""reference"", ""stat"": ""F""}"
Table S7-02820,si,Table S7,S,summary,"{""block"": ""B"", ""dim"": 30, ""method"": ""frozen_reference_scanvi"", ""metric"": ""trustworthiness"", ""population"": ""reference"", ""stat"": ""na_code""}"
Table S7-02821,si,Table S7,-0.060,summary,"{""block"": ""B"", ""dim"": 30, ""method"": ""frozen_reference_scanvi"", ""metric"": ""within_label_silhouette__donor"", ""population"": ""joint"", ""stat"": ""mean""}"
Table S7-02822,si,Table S7,0.003,summary,"{""block"": ""B"", ""dim"": 30, ""method"": ""frozen_reference_scanvi"", ""metric"": ""within_label_silhouette__donor"", ""population"": ""joint"", ""stat"": ""sd""}"
Table S7-02823,si,Table S7,1/1,summary,"{""block"": ""B"", ""dim"": 30, ""method"": ""frozen_reference_scanvi"", ""metric"": ""within_label_silhouette__donor"", ""population"": ""joint"", ""stat"": ""D""}"
Table S7-02824,si,Table S7,3/3,summary,"{""block"": ""B"", ""dim"": 30, ""method"": ""frozen_reference_scanvi"", ""metric"": ""within_label_silhouette__donor"", ""population"": ""joint"", ""stat"": ""B""}"
Table S7-02825,si,Table S7,15/15,summary,"{""block"": ""B"", ""dim"": 30, ""method"": ""frozen_reference_scanvi"", ""metric"": ""within_label_silhouette__donor"", ""population"": ""joint"", ""stat"": ""F""}"
Table S7-02826,si,Table S7,S,summary,"{""block"": ""B"", ""dim"": 30, ""method"": ""frozen_reference_scanvi"", ""metric"": ""within_label_silhouette__donor"", ""population"": ""joint"", ""stat"": ""na_code""}"
Table S7-02827,si,Table S7,NA,summary,"{""block"": ""B"", ""dim"": 30, ""method"": ""frozen_reference_scanvi"", ""metric"": ""within_label_silhouette__donor"", ""population"": ""query"", ""stat"": ""mean""}"
Table S7-02828,si,Table S7,–,summary,"{""block"": ""B"", ""dim"": 30, ""method"": ""frozen_reference_scanvi"", ""metric"": ""within_label_silhouette__donor"", ""population"": ""query"", ""stat"": ""sd""}"
Table S7-02829,si,Table S7,0/1,summary,"{""block"": ""B"", ""dim"": 30, ""method"": ""frozen_reference_scanvi"", ""metric"": ""within_label_silhouette__donor"", ""population"": ""query"", ""stat"": ""D""}"
Table S7-02830,si,Table S7,0/3,summary,"{""block"": ""B"", ""dim"": 30, ""method"": ""frozen_reference_scanvi"", ""metric"": ""within_label_silhouette__donor"", ""population"": ""query"", ""stat"": ""B""}"
Table S7-02831,si,Table S7,0/15,summary,"{""block"": ""B"", ""dim"": 30, ""method"": ""frozen_reference_scanvi"", ""metric"": ""within_label_silhouette__donor"", ""population"": ""query"", ""stat"": ""F""}"
Table S7-02832,si,Table S7,"C,S",summary,"{""block"": ""B"", ""dim"": 30, ""method"": ""frozen_reference_scanvi"", ""metric"": ""within_label_silhouette__donor"", ""population"": ""query"", ""stat"": ""na_code""}"
Table S7-02833,si,Table S7,-0.057,summary,"{""block"": ""B"", ""dim"": 30, ""method"": ""frozen_reference_scanvi"", ""metric"": ""within_label_silhouette__donor"", ""population"": ""reference"", ""stat"": ""mean""}"
Table S7-02834,si,Table S7,0.002,summary,"{""block"": ""B"", ""dim"": 30, ""method"": ""frozen_reference_scanvi"", ""metric"": ""within_label_silhouette__donor"", ""population"": ""reference"", ""stat"": ""sd""}"
Table S7-02835,si,Table S7,1/1,summary,"{""block"": ""B"", ""dim"": 30, ""method"": ""frozen_reference_scanvi"", ""metric"": ""within_label_silhouette__donor"", ""population"": ""reference"", ""stat"": ""D""}"
Table S7-02836,si,Table S7,3/3,summary,"{""block"": ""B"", ""dim"": 30, ""method"": ""frozen_reference_scanvi"", ""metric"": ""within_label_silhouette__donor"", ""population"": ""reference"", ""stat"": ""B""}"
Table S7-02837,si,Table S7,15/15,summary,"{""block"": ""B"", ""dim"": 30, ""method"": ""frozen_reference_scanvi"", ""metric"": ""within_label_silhouette__donor"", ""population"": ""reference"", ""stat"": ""F""}"
Table S7-02838,si,Table S7,S,summary,"{""block"": ""B"", ""dim"": 30, ""method"": ""frozen_reference_scanvi"", ""metric"": ""within_label_silhouette__donor"", ""population"": ""reference"", ""stat"": ""na_code""}"
Table S7-02839,si,Table S7,0.106,summary,"{""block"": ""B"", ""dim"": 30, ""method"": ""frozen_reference_scanvi"", ""metric"": ""within_label_silhouette__patientGroup"", ""population"": ""joint"", ""stat"": ""mean""}"
Table S7-02840,si,Table S7,0.004,summary,"{""block"": ""B"", ""dim"": 30, ""method"": ""frozen_reference_scanvi"", ""metric"": ""within_label_silhouette__patientGroup"", ""population"": ""joint"", ""stat"": ""sd""}"
Table S7-02841,si,Table S7,1/1,summary,"{""block"": ""B"", ""dim"": 30, ""method"": ""frozen_reference_scanvi"", ""metric"": ""within_label_silhouette__patientGroup"", ""population"": ""joint"", ""stat"": ""D""}"
Table S7-02842,si,Table S7,3/3,summary,"{""block"": ""B"", ""dim"": 30, ""method"": ""frozen_reference_scanvi"", ""metric"": ""within_label_silhouette__patientGroup"", ""population"": ""joint"", ""stat"": ""B""}"
Table S7-02843,si,Table S7,15/15,summary,"{""block"": ""B"", ""dim"": 30, ""method"": ""frozen_reference_scanvi"", ""metric"": ""within_label_silhouette__patientGroup"", ""population"": ""joint"", ""stat"": ""F""}"
Table S7-02844,si,Table S7,S,summary,"{""block"": ""B"", ""dim"": 30, ""method"": ""frozen_reference_scanvi"", ""metric"": ""within_label_silhouette__patientGroup"", ""population"": ""joint"", ""stat"": ""na_code""}"
Table S7-02845,si,Table S7,NA,summary,"{""block"": ""B"", ""dim"": 30, ""method"": ""frozen_reference_scanvi"", ""metric"": ""within_label_silhouette__patientGroup"", ""population"": ""query"", ""stat"": ""mean""}"
Table S7-02846,si,Table S7,–,summary,"{""block"": ""B"", ""dim"": 30, ""method"": ""frozen_reference_scanvi"", ""metric"": ""within_label_silhouette__patientGroup"", ""population"": ""query"", ""stat"": ""sd""}"
Table S7-02847,si,Table S7,0/1,summary,"{""block"": ""B"", ""dim"": 30, ""method"": ""frozen_reference_scanvi"", ""metric"": ""within_label_silhouette__patientGroup"", ""population"": ""query"", ""stat"": ""D""}"
Table S7-02848,si,Table S7,0/3,summary,"{""block"": ""B"", ""dim"": 30, ""method"": ""frozen_reference_scanvi"", ""metric"": ""within_label_silhouette__patientGroup"", ""population"": ""query"", ""stat"": ""B""}"
Table S7-02849,si,Table S7,0/15,summary,"{""block"": ""B"", ""dim"": 30, ""method"": ""frozen_reference_scanvi"", ""metric"": ""within_label_silhouette__patientGroup"", ""population"": ""query"", ""stat"": ""F""}"
Table S7-02850,si,Table S7,"C,S",summary,"{""block"": ""B"", ""dim"": 30, ""method"": ""frozen_reference_scanvi"", ""metric"": ""within_label_silhouette__patientGroup"", ""population"": ""query"", ""stat"": ""na_code""}"
Table S7-02851,si,Table S7,0.111,summary,"{""block"": ""B"", ""dim"": 30, ""method"": ""frozen_reference_scanvi"", ""metric"": ""within_label_silhouette__patientGroup"", ""population"": ""reference"", ""stat"": ""mean""}"
Table S7-02852,si,Table S7,0.008,summary,"{""block"": ""B"", ""dim"": 30, ""method"": ""frozen_reference_scanvi"", ""metric"": ""within_label_silhouette__patientGroup"", ""population"": ""reference"", ""stat"": ""sd""}"
Table S7-02853,si,Table S7,1/1,summary,"{""block"": ""B"", ""dim"": 30, ""method"": ""frozen_reference_scanvi"", ""metric"": ""within_label_silhouette__patientGroup"", ""population"": ""reference"", ""stat"": ""D""}"
Table S7-02854,si,Table S7,3/3,summary,"{""block"": ""B"", ""dim"": 30, ""method"": ""frozen_reference_scanvi"", ""metric"": ""within_label_silhouette__patientGroup"", ""population"": ""reference"", ""stat"": ""B""}"
Table S7-02855,si,Table S7,15/15,summary,"{""block"": ""B"", ""dim"": 30, ""method"": ""frozen_reference_scanvi"", ""metric"": ""within_label_silhouette__patientGroup"", ""population"": ""reference"", ""stat"": ""F""}"
Table S7-02856,si,Table S7,S,summary,"{""block"": ""B"", ""dim"": 30, ""method"": ""frozen_reference_scanvi"", ""metric"": ""within_label_silhouette__patientGroup"", ""population"": ""reference"", ""stat"": ""na_code""}"
Table S7-02857,si,Table S7,-0.003,summary,"{""block"": ""B"", ""dim"": 30, ""method"": ""frozen_reference_scanvi"", ""metric"": ""within_label_silhouette__sample_ID"", ""population"": ""joint"", ""stat"": ""mean""}"
Table S7-02858,si,Table S7,0.020,summary,"{""block"": ""B"", ""dim"": 30, ""method"": ""frozen_reference_scanvi"", ""metric"": ""within_label_silhouette__sample_ID"", ""population"": ""joint"", ""stat"": ""sd""}"
Table S7-02859,si,Table S7,1/1,summary,"{""block"": ""B"", ""dim"": 30, ""method"": ""frozen_reference_scanvi"", ""metric"": ""within_label_silhouette__sample_ID"", ""population"": ""joint"", ""stat"": ""D""}"
Table S7-02860,si,Table S7,3/3,summary,"{""block"": ""B"", ""dim"": 30, ""method"": ""frozen_reference_scanvi"", ""metric"": ""within_label_silhouette__sample_ID"", ""population"": ""joint"", ""stat"": ""B""}"
Table S7-02861,si,Table S7,15/15,summary,"{""block"": ""B"", ""dim"": 30, ""method"": ""frozen_reference_scanvi"", ""metric"": ""within_label_silhouette__sample_ID"", ""population"": ""joint"", ""stat"": ""F""}"
Table S7-02862,si,Table S7,S,summary,"{""block"": ""B"", ""dim"": 30, ""method"": ""frozen_reference_scanvi"", ""metric"": ""within_label_silhouette__sample_ID"", ""population"": ""joint"", ""stat"": ""na_code""}"
Table S7-02863,si,Table S7,NA,summary,"{""block"": ""B"", ""dim"": 30, ""method"": ""frozen_reference_scanvi"", ""metric"": ""within_label_silhouette__sample_ID"", ""population"": ""query"", ""stat"": ""mean""}"
Table S7-02864,si,Table S7,–,summary,"{""block"": ""B"", ""dim"": 30, ""method"": ""frozen_reference_scanvi"", ""metric"": ""within_label_silhouette__sample_ID"", ""population"": ""query"", ""stat"": ""sd""}"
Table S7-02865,si,Table S7,0/1,summary,"{""block"": ""B"", ""dim"": 30, ""method"": ""frozen_reference_scanvi"", ""metric"": ""within_label_silhouette__sample_ID"", ""population"": ""query"", ""stat"": ""D""}"
Table S7-02866,si,Table S7,0/3,summary,"{""block"": ""B"", ""dim"": 30, ""method"": ""frozen_reference_scanvi"", ""metric"": ""within_label_silhouette__sample_ID"", ""population"": ""query"", ""stat"": ""B""}"
Table S7-02867,si,Table S7,0/15,summary,"{""block"": ""B"", ""dim"": 30, ""method"": ""frozen_reference_scanvi"", ""metric"": ""within_label_silhouette__sample_ID"", ""population"": ""query"", ""stat"": ""F""}"
Table S7-02868,si,Table S7,"C,S",summary,"{""block"": ""B"", ""dim"": 30, ""method"": ""frozen_reference_scanvi"", ""metric"": ""within_label_silhouette__sample_ID"", ""population"": ""query"", ""stat"": ""na_code""}"
Table S7-02869,si,Table S7,-0.007,summary,"{""block"": ""B"", ""dim"": 30, ""method"": ""frozen_reference_scanvi"", ""metric"": ""within_label_silhouette__sample_ID"", ""population"": ""reference"", ""stat"": ""mean""}"
Table S7-02870,si,Table S7,0.015,summary,"{""block"": ""B"", ""dim"": 30, ""method"": ""frozen_reference_scanvi"", ""metric"": ""within_label_silhouette__sample_ID"", ""population"": ""reference"", ""stat"": ""sd""}"
Table S7-02871,si,Table S7,1/1,summary,"{""block"": ""B"", ""dim"": 30, ""method"": ""frozen_reference_scanvi"", ""metric"": ""within_label_silhouette__sample_ID"", ""population"": ""reference"", ""stat"": ""D""}"
Table S7-02872,si,Table S7,3/3,summary,"{""block"": ""B"", ""dim"": 30, ""method"": ""frozen_reference_scanvi"", ""metric"": ""within_label_silhouette__sample_ID"", ""population"": ""reference"", ""stat"": ""B""}"
Table S7-02873,si,Table S7,15/15,summary,"{""block"": ""B"", ""dim"": 30, ""method"": ""frozen_reference_scanvi"", ""metric"": ""within_label_silhouette__sample_ID"", ""population"": ""reference"", ""stat"": ""F""}"
Table S7-02874,si,Table S7,S,summary,"{""block"": ""B"", ""dim"": 30, ""method"": ""frozen_reference_scanvi"", ""metric"": ""within_label_silhouette__sample_ID"", ""population"": ""reference"", ""stat"": ""na_code""}"
Table S7-02875,si,Table S7,-0.003,summary,"{""block"": ""B"", ""dim"": 30, ""method"": ""frozen_reference_scanvi"", ""metric"": ""within_label_silhouette__study"", ""population"": ""joint"", ""stat"": ""mean""}"
Table S7-02876,si,Table S7,0.020,summary,"{""block"": ""B"", ""dim"": 30, ""method"": ""frozen_reference_scanvi"", ""metric"": ""within_label_silhouette__study"", ""population"": ""joint"", ""stat"": ""sd""}"
Table S7-02877,si,Table S7,1/1,summary,"{""block"": ""B"", ""dim"": 30, ""method"": ""frozen_reference_scanvi"", ""metric"": ""within_label_silhouette__study"", ""population"": ""joint"", ""stat"": ""D""}"
Table S7-02878,si,Table S7,3/3,summary,"{""block"": ""B"", ""dim"": 30, ""method"": ""frozen_reference_scanvi"", ""metric"": ""within_label_silhouette__study"", ""population"": ""joint"", ""stat"": ""B""}"
Table S7-02879,si,Table S7,15/15,summary,"{""block"": ""B"", ""dim"": 30, ""method"": ""frozen_reference_scanvi"", ""metric"": ""within_label_silhouette__study"", ""population"": ""joint"", ""stat"": ""F""}"
Table S7-02880,si,Table S7,S,summary,"{""block"": ""B"", ""dim"": 30, ""method"": ""frozen_reference_scanvi"", ""metric"": ""within_label_silhouette__study"", ""population"": ""joint"", ""stat"": ""na_code""}"
Table S7-02881,si,Table S7,NA,summary,"{""block"": ""B"", ""dim"": 30, ""method"": ""frozen_reference_scanvi"", ""metric"": ""within_label_silhouette__study"", ""population"": ""query"", ""stat"": ""mean""}"
Table S7-02882,si,Table S7,–,summary,"{""block"": ""B"", ""dim"": 30, ""method"": ""frozen_reference_scanvi"", ""metric"": ""within_label_silhouette__study"", ""population"": ""query"", ""stat"": ""sd""}"
Table S7-02883,si,Table S7,0/1,summary,"{""block"": ""B"", ""dim"": 30, ""method"": ""frozen_reference_scanvi"", ""metric"": ""within_label_silhouette__study"", ""population"": ""query"", ""stat"": ""D""}"
Table S7-02884,si,Table S7,0/3,summary,"{""block"": ""B"", ""dim"": 30, ""method"": ""frozen_reference_scanvi"", ""metric"": ""within_label_silhouette__study"", ""population"": ""query"", ""stat"": ""B""}"
Table S7-02885,si,Table S7,0/15,summary,"{""block"": ""B"", ""dim"": 30, ""method"": ""frozen_reference_scanvi"", ""metric"": ""within_label_silhouette__study"", ""population"": ""query"", ""stat"": ""F""}"
Table S7-02886,si,Table S7,"C,S",summary,"{""block"": ""B"", ""dim"": 30, ""method"": ""frozen_reference_scanvi"", ""metric"": ""within_label_silhouette__study"", ""population"": ""query"", ""stat"": ""na_code""}"
Table S7-02887,si,Table S7,-0.007,summary,"{""block"": ""B"", ""dim"": 30, ""method"": ""frozen_reference_scanvi"", ""metric"": ""within_label_silhouette__study"", ""population"": ""reference"", ""stat"": ""mean""}"
Table S7-02888,si,Table S7,0.015,summary,"{""block"": ""B"", ""dim"": 30, ""method"": ""frozen_reference_scanvi"", ""metric"": ""within_label_silhouette__study"", ""population"": ""reference"", ""stat"": ""sd""}"
Table S7-02889,si,Table S7,1/1,summary,"{""block"": ""B"", ""dim"": 30, ""method"": ""frozen_reference_scanvi"", ""metric"": ""within_label_silhouette__study"", ""population"": ""reference"", ""stat"": ""D""}"
Table S7-02890,si,Table S7,3/3,summary,"{""block"": ""B"", ""dim"": 30, ""method"": ""frozen_reference_scanvi"", ""metric"": ""within_label_silhouette__study"", ""population"": ""reference"", ""stat"": ""B""}"
Table S7-02891,si,Table S7,15/15,summary,"{""block"": ""B"", ""dim"": 30, ""method"": ""frozen_reference_scanvi"", ""metric"": ""within_label_silhouette__study"", ""population"": ""reference"", ""stat"": ""F""}"
Table S7-02892,si,Table S7,S,summary,"{""block"": ""B"", ""dim"": 30, ""method"": ""frozen_reference_scanvi"", ""metric"": ""within_label_silhouette__study"", ""population"": ""reference"", ""stat"": ""na_code""}"
Table S7-02893,si,Table S7,0.353,summary,"{""block"": ""B"", ""dim"": 30, ""method"": ""sclsc_refonly"", ""metric"": ""ARI_cluster/label"", ""population"": ""joint"", ""stat"": ""mean""}"
Table S7-02894,si,Table S7,0.120,summary,"{""block"": ""B"", ""dim"": 30, ""method"": ""sclsc_refonly"", ""metric"": ""ARI_cluster/label"", ""population"": ""joint"", ""stat"": ""sd""}"
Table S7-02895,si,Table S7,3/3,summary,"{""block"": ""B"", ""dim"": 30, ""method"": ""sclsc_refonly"", ""metric"": ""ARI_cluster/label"", ""population"": ""joint"", ""stat"": ""D""}"
Table S7-02896,si,Table S7,9/9,summary,"{""block"": ""B"", ""dim"": 30, ""method"": ""sclsc_refonly"", ""metric"": ""ARI_cluster/label"", ""population"": ""joint"", ""stat"": ""B""}"
Table S7-02897,si,Table S7,45/45,summary,"{""block"": ""B"", ""dim"": 30, ""method"": ""sclsc_refonly"", ""metric"": ""ARI_cluster/label"", ""population"": ""joint"", ""stat"": ""F""}"
Table S7-02898,si,Table S7,–,summary,"{""block"": ""B"", ""dim"": 30, ""method"": ""sclsc_refonly"", ""metric"": ""ARI_cluster/label"", ""population"": ""joint"", ""stat"": ""na_code""}"
Table S7-02899,si,Table S7,0.948,summary,"{""block"": ""B"", ""dim"": 30, ""method"": ""sclsc_refonly"", ""metric"": ""ASW_label"", ""population"": ""joint"", ""stat"": ""mean""}"
Table S7-02900,si,Table S7,0.013,summary,"{""block"": ""B"", ""dim"": 30, ""method"": ""sclsc_refonly"", ""metric"": ""ASW_label"", ""population"": ""joint"", ""stat"": ""sd""}"
Table S7-02901,si,Table S7,3/3,summary,"{""block"": ""B"", ""dim"": 30, ""method"": ""sclsc_refonly"", ""metric"": ""ASW_label"", ""population"": ""joint"", ""stat"": ""D""}"
Table S7-02902,si,Table S7,9/9,summary,"{""block"": ""B"", ""dim"": 30, ""method"": ""sclsc_refonly"", ""metric"": ""ASW_label"", ""population"": ""joint"", ""stat"": ""B""}"
Table S7-02903,si,Table S7,45/45,summary,"{""block"": ""B"", ""dim"": 30, ""method"": ""sclsc_refonly"", ""metric"": ""ASW_label"", ""population"": ""joint"", ""stat"": ""F""}"
Table S7-02904,si,Table S7,–,summary,"{""block"": ""B"", ""dim"": 30, ""method"": ""sclsc_refonly"", ""metric"": ""ASW_label"", ""population"": ""joint"", ""stat"": ""na_code""}"
Table S7-02905,si,Table S7,0.743,summary,"{""block"": ""B"", ""dim"": 30, ""method"": ""sclsc_refonly"", ""metric"": ""ASW_label/batch"", ""population"": ""joint"", ""stat"": ""mean""}"
Table S7-02906,si,Table S7,0.021,summary,"{""block"": ""B"", ""dim"": 30, ""method"": ""sclsc_refonly"", ""metric"": ""ASW_label/batch"", ""population"": ""joint"", ""stat"": ""sd""}"
Table S7-02907,si,Table S7,3/3,summary,"{""block"": ""B"", ""dim"": 30, ""method"": ""sclsc_refonly"", ""metric"": ""ASW_label/batch"", ""population"": ""joint"", ""stat"": ""D""}"
Table S7-02908,si,Table S7,9/9,summary,"{""block"": ""B"", ""dim"": 30, ""method"": ""sclsc_refonly"", ""metric"": ""ASW_label/batch"", ""population"": ""joint"", ""stat"": ""B""}"
Table S7-02909,si,Table S7,45/45,summary,"{""block"": ""B"", ""dim"": 30, ""method"": ""sclsc_refonly"", ""metric"": ""ASW_label/batch"", ""population"": ""joint"", ""stat"": ""F""}"
Table S7-02910,si,Table S7,–,summary,"{""block"": ""B"", ""dim"": 30, ""method"": ""sclsc_refonly"", ""metric"": ""ASW_label/batch"", ""population"": ""joint"", ""stat"": ""na_code""}"
Table S7-02911,si,Table S7,0.757,summary,"{""block"": ""B"", ""dim"": 30, ""method"": ""sclsc_refonly"", ""metric"": ""NMI_cluster/label"", ""population"": ""joint"", ""stat"": ""mean""}"
Table S7-02912,si,Table S7,0.064,summary,"{""block"": ""B"", ""dim"": 30, ""method"": ""sclsc_refonly"", ""metric"": ""NMI_cluster/label"", ""population"": ""joint"", ""stat"": ""sd""}"
Table S7-02913,si,Table S7,3/3,summary,"{""block"": ""B"", ""dim"": 30, ""method"": ""sclsc_refonly"", ""metric"": ""NMI_cluster/label"", ""population"": ""joint"", ""stat"": ""D""}"
Table S7-02914,si,Table S7,9/9,summary,"{""block"": ""B"", ""dim"": 30, ""method"": ""sclsc_refonly"", ""metric"": ""NMI_cluster/label"", ""population"": ""joint"", ""stat"": ""B""}"
Table S7-02915,si,Table S7,45/45,summary,"{""block"": ""B"", ""dim"": 30, ""method"": ""sclsc_refonly"", ""metric"": ""NMI_cluster/label"", ""population"": ""joint"", ""stat"": ""F""}"
Table S7-02916,si,Table S7,–,summary,"{""block"": ""B"", ""dim"": 30, ""method"": ""sclsc_refonly"", ""metric"": ""NMI_cluster/label"", ""population"": ""joint"", ""stat"": ""na_code""}"
Table S7-02917,si,Table S7,0.783,summary,"{""block"": ""B"", ""dim"": 30, ""method"": ""sclsc_refonly"", ""metric"": ""PCR_batch"", ""population"": ""joint"", ""stat"": ""mean""}"
Table S7-02918,si,Table S7,0.115,summary,"{""block"": ""B"", ""dim"": 30, ""method"": ""sclsc_refonly"", ""metric"": ""PCR_batch"", ""population"": ""joint"", ""stat"": ""sd""}"
Table S7-02919,si,Table S7,3/3,summary,"{""block"": ""B"", ""dim"": 30, ""method"": ""sclsc_refonly"", ""metric"": ""PCR_batch"", ""population"": ""joint"", ""stat"": ""D""}"
Table S7-02920,si,Table S7,9/9,summary,"{""block"": ""B"", ""dim"": 30, ""method"": ""sclsc_refonly"", ""metric"": ""PCR_batch"", ""population"": ""joint"", ""stat"": ""B""}"
Table S7-02921,si,Table S7,45/45,summary,"{""block"": ""B"", ""dim"": 30, ""method"": ""sclsc_refonly"", ""metric"": ""PCR_batch"", ""population"": ""joint"", ""stat"": ""F""}"
Table S7-02922,si,Table S7,–,summary,"{""block"": ""B"", ""dim"": 30, ""method"": ""sclsc_refonly"", ""metric"": ""PCR_batch"", ""population"": ""joint"", ""stat"": ""na_code""}"
Table S7-02923,si,Table S7,0.845,summary,"{""block"": ""B"", ""dim"": 30, ""method"": ""sclsc_refonly"", ""metric"": ""balanced_accuracy"", ""population"": ""query"", ""stat"": ""mean""}"
Table S7-02924,si,Table S7,0.054,summary,"{""block"": ""B"", ""dim"": 30, ""method"": ""sclsc_refonly"", ""metric"": ""balanced_accuracy"", ""population"": ""query"", ""stat"": ""sd""}"
Table S7-02925,si,Table S7,3/3,summary,"{""block"": ""B"", ""dim"": 30, ""method"": ""sclsc_refonly"", ""metric"": ""balanced_accuracy"", ""population"": ""query"", ""stat"": ""D""}"
Table S7-02926,si,Table S7,9/9,summary,"{""block"": ""B"", ""dim"": 30, ""method"": ""sclsc_refonly"", ""metric"": ""balanced_accuracy"", ""population"": ""query"", ""stat"": ""B""}"
Table S7-02927,si,Table S7,45/45,summary,"{""block"": ""B"", ""dim"": 30, ""method"": ""sclsc_refonly"", ""metric"": ""balanced_accuracy"", ""population"": ""query"", ""stat"": ""F""}"
Table S7-02928,si,Table S7,–,summary,"{""block"": ""B"", ""dim"": 30, ""method"": ""sclsc_refonly"", ""metric"": ""balanced_accuracy"", ""population"": ""query"", ""stat"": ""na_code""}"
Table S7-02929,si,Table S7,1.000,summary,"{""block"": ""B"", ""dim"": 30, ""method"": ""sclsc_refonly"", ""metric"": ""cLISI"", ""population"": ""joint"", ""stat"": ""mean""}"
Table S7-02930,si,Table S7,0.000,summary,"{""block"": ""B"", ""dim"": 30, ""method"": ""sclsc_refonly"", ""metric"": ""cLISI"", ""population"": ""joint"", ""stat"": ""sd""}"
Table S7-02931,si,Table S7,3/3,summary,"{""block"": ""B"", ""dim"": 30, ""method"": ""sclsc_refonly"", ""metric"": ""cLISI"", ""population"": ""joint"", ""stat"": ""D""}"
Table S7-02932,si,Table S7,9/9,summary,"{""block"": ""B"", ""dim"": 30, ""method"": ""sclsc_refonly"", ""metric"": ""cLISI"", ""population"": ""joint"", ""stat"": ""B""}"
Table S7-02933,si,Table S7,45/45,summary,"{""block"": ""B"", ""dim"": 30, ""method"": ""sclsc_refonly"", ""metric"": ""cLISI"", ""population"": ""joint"", ""stat"": ""F""}"
Table S7-02934,si,Table S7,–,summary,"{""block"": ""B"", ""dim"": 30, ""method"": ""sclsc_refonly"", ""metric"": ""cLISI"", ""population"": ""joint"", ""stat"": ""na_code""}"
Table S7-02935,si,Table S7,0.491,summary,"{""block"": ""B"", ""dim"": 30, ""method"": ""sclsc_refonly"", ""metric"": ""cell_cycle_conservation"", ""population"": ""joint"", ""stat"": ""mean""}"
Table S7-02936,si,Table S7,0.126,summary,"{""block"": ""B"", ""dim"": 30, ""method"": ""sclsc_refonly"", ""metric"": ""cell_cycle_conservation"", ""population"": ""joint"", ""stat"": ""sd""}"
Table S7-02937,si,Table S7,3/3,summary,"{""block"": ""B"", ""dim"": 30, ""method"": ""sclsc_refonly"", ""metric"": ""cell_cycle_conservation"", ""population"": ""joint"", ""stat"": ""D""}"
Table S7-02938,si,Table S7,9/9,summary,"{""block"": ""B"", ""dim"": 30, ""method"": ""sclsc_refonly"", ""metric"": ""cell_cycle_conservation"", ""population"": ""joint"", ""stat"": ""B""}"
Table S7-02939,si,Table S7,45/45,summary,"{""block"": ""B"", ""dim"": 30, ""method"": ""sclsc_refonly"", ""metric"": ""cell_cycle_conservation"", ""population"": ""joint"", ""stat"": ""F""}"
Table S7-02940,si,Table S7,–,summary,"{""block"": ""B"", ""dim"": 30, ""method"": ""sclsc_refonly"", ""metric"": ""cell_cycle_conservation"", ""population"": ""joint"", ""stat"": ""na_code""}"
Table S7-02941,si,Table S7,NA,summary,"{""block"": ""B"", ""dim"": 30, ""method"": ""sclsc_refonly"", ""metric"": ""hvg_overlap"", ""population"": ""joint"", ""stat"": ""mean""}"
Table S7-02942,si,Table S7,–,summary,"{""block"": ""B"", ""dim"": 30, ""method"": ""sclsc_refonly"", ""metric"": ""hvg_overlap"", ""population"": ""joint"", ""stat"": ""sd""}"
Table S7-02943,si,Table S7,0/3,summary,"{""block"": ""B"", ""dim"": 30, ""method"": ""sclsc_refonly"", ""metric"": ""hvg_overlap"", ""population"": ""joint"", ""stat"": ""D""}"
Table S7-02944,si,Table S7,0/9,summary,"{""block"": ""B"", ""dim"": 30, ""method"": ""sclsc_refonly"", ""metric"": ""hvg_overlap"", ""population"": ""joint"", ""stat"": ""B""}"
Table S7-02945,si,Table S7,0/45,summary,"{""block"": ""B"", ""dim"": 30, ""method"": ""sclsc_refonly"", ""metric"": ""hvg_overlap"", ""population"": ""joint"", ""stat"": ""F""}"
Table S7-02946,si,Table S7,H,summary,"{""block"": ""B"", ""dim"": 30, ""method"": ""sclsc_refonly"", ""metric"": ""hvg_overlap"", ""population"": ""joint"", ""stat"": ""na_code""}"
Table S7-02947,si,Table S7,2.241,summary,"{""block"": ""B"", ""dim"": 30, ""method"": ""sclsc_refonly"", ""metric"": ""iLISI"", ""population"": ""joint"", ""stat"": ""mean""}"
Table S7-02948,si,Table S7,0.508,summary,"{""block"": ""B"", ""dim"": 30, ""method"": ""sclsc_refonly"", ""metric"": ""iLISI"", ""population"": ""joint"", ""stat"": ""sd""}"
Table S7-02949,si,Table S7,3/3,summary,"{""block"": ""B"", ""dim"": 30, ""method"": ""sclsc_refonly"", ""metric"": ""iLISI"", ""population"": ""joint"", ""stat"": ""D""}"
Table S7-02950,si,Table S7,9/9,summary,"{""block"": ""B"", ""dim"": 30, ""method"": ""sclsc_refonly"", ""metric"": ""iLISI"", ""population"": ""joint"", ""stat"": ""B""}"
Table S7-02951,si,Table S7,45/45,summary,"{""block"": ""B"", ""dim"": 30, ""method"": ""sclsc_refonly"", ""metric"": ""iLISI"", ""population"": ""joint"", ""stat"": ""F""}"
Table S7-02952,si,Table S7,–,summary,"{""block"": ""B"", ""dim"": 30, ""method"": ""sclsc_refonly"", ""metric"": ""iLISI"", ""population"": ""joint"", ""stat"": ""na_code""}"
Table S7-02953,si,Table S7,0.501,summary,"{""block"": ""B"", ""dim"": 30, ""method"": ""sclsc_refonly"", ""metric"": ""isolated_label_silhouette"", ""population"": ""joint"", ""stat"": ""mean""}"
Table S7-02954,si,Table S7,0.010,summary,"{""block"": ""B"", ""dim"": 30, ""method"": ""sclsc_refonly"", ""metric"": ""isolated_label_silhouette"", ""population"": ""joint"", ""stat"": ""sd""}"
Table S7-02955,si,Table S7,3/3,summary,"{""block"": ""B"", ""dim"": 30, ""method"": ""sclsc_refonly"", ""metric"": ""isolated_label_silhouette"", ""population"": ""joint"", ""stat"": ""D""}"
Table S7-02956,si,Table S7,9/9,summary,"{""block"": ""B"", ""dim"": 30, ""method"": ""sclsc_refonly"", ""metric"": ""isolated_label_silhouette"", ""population"": ""joint"", ""stat"": ""B""}"
Table S7-02957,si,Table S7,45/45,summary,"{""block"": ""B"", ""dim"": 30, ""method"": ""sclsc_refonly"", ""metric"": ""isolated_label_silhouette"", ""population"": ""joint"", ""stat"": ""F""}"
Table S7-02958,si,Table S7,–,summary,"{""block"": ""B"", ""dim"": 30, ""method"": ""sclsc_refonly"", ""metric"": ""isolated_label_silhouette"", ""population"": ""joint"", ""stat"": ""na_code""}"
Table S7-02959,si,Table S7,0.815,summary,"{""block"": ""B"", ""dim"": 30, ""method"": ""sclsc_refonly"", ""metric"": ""macro_f1"", ""population"": ""query"", ""stat"": ""mean""}"
Table S7-02960,si,Table S7,0.078,summary,"{""block"": ""B"", ""dim"": 30, ""method"": ""sclsc_refonly"", ""metric"": ""macro_f1"", ""population"": ""query"", ""stat"": ""sd""}"
Table S7-02961,si,Table S7,3/3,summary,"{""block"": ""B"", ""dim"": 30, ""method"": ""sclsc_refonly"", ""metric"": ""macro_f1"", ""population"": ""query"", ""stat"": ""D""}"
Table S7-02962,si,Table S7,9/9,summary,"{""block"": ""B"", ""dim"": 30, ""method"": ""sclsc_refonly"", ""metric"": ""macro_f1"", ""population"": ""query"", ""stat"": ""B""}"
Table S7-02963,si,Table S7,45/45,summary,"{""block"": ""B"", ""dim"": 30, ""method"": ""sclsc_refonly"", ""metric"": ""macro_f1"", ""population"": ""query"", ""stat"": ""F""}"
Table S7-02964,si,Table S7,–,summary,"{""block"": ""B"", ""dim"": 30, ""method"": ""sclsc_refonly"", ""metric"": ""macro_f1"", ""population"": ""query"", ""stat"": ""na_code""}"
Table S7-02965,si,Table S7,0.818,summary,"{""block"": ""B"", ""dim"": 30, ""method"": ""sclsc_refonly"", ""metric"": ""pseudotime_smoothness"", ""population"": ""joint"", ""stat"": ""mean""}"
Table S7-02966,si,Table S7,0.006,summary,"{""block"": ""B"", ""dim"": 30, ""method"": ""sclsc_refonly"", ""metric"": ""pseudotime_smoothness"", ""population"": ""joint"", ""stat"": ""sd""}"
Table S7-02967,si,Table S7,1/1,summary,"{""block"": ""B"", ""dim"": 30, ""method"": ""sclsc_refonly"", ""metric"": ""pseudotime_smoothness"", ""population"": ""joint"", ""stat"": ""D""}"
Table S7-02968,si,Table S7,3/3,summary,"{""block"": ""B"", ""dim"": 30, ""method"": ""sclsc_refonly"", ""metric"": ""pseudotime_smoothness"", ""population"": ""joint"", ""stat"": ""B""}"
Table S7-02969,si,Table S7,15/15,summary,"{""block"": ""B"", ""dim"": 30, ""method"": ""sclsc_refonly"", ""metric"": ""pseudotime_smoothness"", ""population"": ""joint"", ""stat"": ""F""}"
Table S7-02970,si,Table S7,S,summary,"{""block"": ""B"", ""dim"": 30, ""method"": ""sclsc_refonly"", ""metric"": ""pseudotime_smoothness"", ""population"": ""joint"", ""stat"": ""na_code""}"
Table S7-02971,si,Table S7,0.934,summary,"{""block"": ""B"", ""dim"": 30, ""method"": ""sclsc_refonly"", ""metric"": ""pseudotime_smoothness"", ""population"": ""query"", ""stat"": ""mean""}"
Table S7-02972,si,Table S7,–,summary,"{""block"": ""B"", ""dim"": 30, ""method"": ""sclsc_refonly"", ""metric"": ""pseudotime_smoothness"", ""population"": ""query"", ""stat"": ""sd""}"
Table S7-02973,si,Table S7,1/1,summary,"{""block"": ""B"", ""dim"": 30, ""method"": ""sclsc_refonly"", ""metric"": ""pseudotime_smoothness"", ""population"": ""query"", ""stat"": ""D""}"
Table S7-02974,si,Table S7,1/3,summary,"{""block"": ""B"", ""dim"": 30, ""method"": ""sclsc_refonly"", ""metric"": ""pseudotime_smoothness"", ""population"": ""query"", ""stat"": ""B""}"
Table S7-02975,si,Table S7,5/15,summary,"{""block"": ""B"", ""dim"": 30, ""method"": ""sclsc_refonly"", ""metric"": ""pseudotime_smoothness"", ""population"": ""query"", ""stat"": ""F""}"
Table S7-02976,si,Table S7,"P,S",summary,"{""block"": ""B"", ""dim"": 30, ""method"": ""sclsc_refonly"", ""metric"": ""pseudotime_smoothness"", ""population"": ""query"", ""stat"": ""na_code""}"
Table S7-02977,si,Table S7,0.794,summary,"{""block"": ""B"", ""dim"": 30, ""method"": ""sclsc_refonly"", ""metric"": ""pseudotime_smoothness"", ""population"": ""reference"", ""stat"": ""mean""}"
Table S7-02978,si,Table S7,0.036,summary,"{""block"": ""B"", ""dim"": 30, ""method"": ""sclsc_refonly"", ""metric"": ""pseudotime_smoothness"", ""population"": ""reference"", ""stat"": ""sd""}"
Table S7-02979,si,Table S7,1/1,summary,"{""block"": ""B"", ""dim"": 30, ""method"": ""sclsc_refonly"", ""metric"": ""pseudotime_smoothness"", ""population"": ""reference"", ""stat"": ""D""}"
Table S7-02980,si,Table S7,3/3,summary,"{""block"": ""B"", ""dim"": 30, ""method"": ""sclsc_refonly"", ""metric"": ""pseudotime_smoothness"", ""population"": ""reference"", ""stat"": ""B""}"
Table S7-02981,si,Table S7,15/15,summary,"{""block"": ""B"", ""dim"": 30, ""method"": ""sclsc_refonly"", ""metric"": ""pseudotime_smoothness"", ""population"": ""reference"", ""stat"": ""F""}"
Table S7-02982,si,Table S7,S,summary,"{""block"": ""B"", ""dim"": 30, ""method"": ""sclsc_refonly"", ""metric"": ""pseudotime_smoothness"", ""population"": ""reference"", ""stat"": ""na_code""}"
Table S7-02983,si,Table S7,0.435,summary,"{""block"": ""B"", ""dim"": 30, ""method"": ""sclsc_refonly"", ""metric"": ""trajectory"", ""population"": ""joint"", ""stat"": ""mean""}"
Table S7-02984,si,Table S7,0.032,summary,"{""block"": ""B"", ""dim"": 30, ""method"": ""sclsc_refonly"", ""metric"": ""trajectory"", ""population"": ""joint"", ""stat"": ""sd""}"
Table S7-02985,si,Table S7,1/1,summary,"{""block"": ""B"", ""dim"": 30, ""method"": ""sclsc_refonly"", ""metric"": ""trajectory"", ""population"": ""joint"", ""stat"": ""D""}"
Table S7-02986,si,Table S7,2/3,summary,"{""block"": ""B"", ""dim"": 30, ""method"": ""sclsc_refonly"", ""metric"": ""trajectory"", ""population"": ""joint"", ""stat"": ""B""}"
Table S7-02987,si,Table S7,10/15,summary,"{""block"": ""B"", ""dim"": 30, ""method"": ""sclsc_refonly"", ""metric"": ""trajectory"", ""population"": ""joint"", ""stat"": ""F""}"
Table S7-02988,si,Table S7,T,summary,"{""block"": ""B"", ""dim"": 30, ""method"": ""sclsc_refonly"", ""metric"": ""trajectory"", ""population"": ""joint"", ""stat"": ""na_code""}"
Table S7-02989,si,Table S7,0.904,summary,"{""block"": ""B"", ""dim"": 30, ""method"": ""sclsc_refonly"", ""metric"": ""trustworthiness"", ""population"": ""joint"", ""stat"": ""mean""}"
Table S7-02990,si,Table S7,0.023,summary,"{""block"": ""B"", ""dim"": 30, ""method"": ""sclsc_refonly"", ""metric"": ""trustworthiness"", ""population"": ""joint"", ""stat"": ""sd""}"
Table S7-02991,si,Table S7,2/2,summary,"{""block"": ""B"", ""dim"": 30, ""method"": ""sclsc_refonly"", ""metric"": ""trustworthiness"", ""population"": ""joint"", ""stat"": ""D""}"
Table S7-02992,si,Table S7,6/6,summary,"{""block"": ""B"", ""dim"": 30, ""method"": ""sclsc_refonly"", ""metric"": ""trustworthiness"", ""population"": ""joint"", ""stat"": ""B""}"
Table S7-02993,si,Table S7,30/30,summary,"{""block"": ""B"", ""dim"": 30, ""method"": ""sclsc_refonly"", ""metric"": ""trustworthiness"", ""population"": ""joint"", ""stat"": ""F""}"
Table S7-02994,si,Table S7,S,summary,"{""block"": ""B"", ""dim"": 30, ""method"": ""sclsc_refonly"", ""metric"": ""trustworthiness"", ""population"": ""joint"", ""stat"": ""na_code""}"
Table S7-02995,si,Table S7,0.903,summary,"{""block"": ""B"", ""dim"": 30, ""method"": ""sclsc_refonly"", ""metric"": ""trustworthiness"", ""population"": ""query"", ""stat"": ""mean""}"
Table S7-02996,si,Table S7,0.024,summary,"{""block"": ""B"", ""dim"": 30, ""method"": ""sclsc_refonly"", ""metric"": ""trustworthiness"", ""population"": ""query"", ""stat"": ""sd""}"
Table S7-02997,si,Table S7,2/2,summary,"{""block"": ""B"", ""dim"": 30, ""method"": ""sclsc_refonly"", ""metric"": ""trustworthiness"", ""population"": ""query"", ""stat"": ""D""}"
Table S7-02998,si,Table S7,6/6,summary,"{""block"": ""B"", ""dim"": 30, ""method"": ""sclsc_refonly"", ""metric"": ""trustworthiness"", ""population"": ""query"", ""stat"": ""B""}"
Table S7-02999,si,Table S7,30/30,summary,"{""block"": ""B"", ""dim"": 30, ""method"": ""sclsc_refonly"", ""metric"": ""trustworthiness"", ""population"": ""query"", ""stat"": ""F""}"
Table S7-03000,si,Table S7,S,summary,"{""block"": ""B"", ""dim"": 30, ""method"": ""sclsc_refonly"", ""metric"": ""trustworthiness"", ""population"": ""query"", ""stat"": ""na_code""}"
Table S7-03001,si,Table S7,0.898,summary,"{""block"": ""B"", ""dim"": 30, ""method"": ""sclsc_refonly"", ""metric"": ""trustworthiness"", ""population"": ""reference"", ""stat"": ""mean""}"
Table S7-03002,si,Table S7,0.030,summary,"{""block"": ""B"", ""dim"": 30, ""method"": ""sclsc_refonly"", ""metric"": ""trustworthiness"", ""population"": ""reference"", ""stat"": ""sd""}"
Table S7-03003,si,Table S7,2/2,summary,"{""block"": ""B"", ""dim"": 30, ""method"": ""sclsc_refonly"", ""metric"": ""trustworthiness"", ""population"": ""reference"", ""stat"": ""D""}"
Table S7-03004,si,Table S7,6/6,summary,"{""block"": ""B"", ""dim"": 30, ""method"": ""sclsc_refonly"", ""metric"": ""trustworthiness"", ""population"": ""reference"", ""stat"": ""B""}"
Table S7-03005,si,Table S7,30/30,summary,"{""block"": ""B"", ""dim"": 30, ""method"": ""sclsc_refonly"", ""metric"": ""trustworthiness"", ""population"": ""reference"", ""stat"": ""F""}"
Table S7-03006,si,Table S7,S,summary,"{""block"": ""B"", ""dim"": 30, ""method"": ""sclsc_refonly"", ""metric"": ""trustworthiness"", ""population"": ""reference"", ""stat"": ""na_code""}"
Table S7-03007,si,Table S7,-0.232,summary,"{""block"": ""B"", ""dim"": 30, ""method"": ""sclsc_refonly"", ""metric"": ""within_label_silhouette__donor"", ""population"": ""joint"", ""stat"": ""mean""}"
Table S7-03008,si,Table S7,0.014,summary,"{""block"": ""B"", ""dim"": 30, ""method"": ""sclsc_refonly"", ""metric"": ""within_label_silhouette__donor"", ""population"": ""joint"", ""stat"": ""sd""}"
Table S7-03009,si,Table S7,1/1,summary,"{""block"": ""B"", ""dim"": 30, ""method"": ""sclsc_refonly"", ""metric"": ""within_label_silhouette__donor"", ""population"": ""joint"", ""stat"": ""D""}"
Table S7-03010,si,Table S7,3/3,summary,"{""block"": ""B"", ""dim"": 30, ""method"": ""sclsc_refonly"", ""metric"": ""within_label_silhouette__donor"", ""population"": ""joint"", ""stat"": ""B""}"
Table S7-03011,si,Table S7,15/15,summary,"{""block"": ""B"", ""dim"": 30, ""method"": ""sclsc_refonly"", ""metric"": ""within_label_silhouette__donor"", ""population"": ""joint"", ""stat"": ""F""}"
Table S7-03012,si,Table S7,S,summary,"{""block"": ""B"", ""dim"": 30, ""method"": ""sclsc_refonly"", ""metric"": ""within_label_silhouette__donor"", ""population"": ""joint"", ""stat"": ""na_code""}"
Table S7-03013,si,Table S7,NA,summary,"{""block"": ""B"", ""dim"": 30, ""method"": ""sclsc_refonly"", ""metric"": ""within_label_silhouette__donor"", ""population"": ""query"", ""stat"": ""mean""}"
Table S7-03014,si,Table S7,–,summary,"{""block"": ""B"", ""dim"": 30, ""method"": ""sclsc_refonly"", ""metric"": ""within_label_silhouette__donor"", ""population"": ""query"", ""stat"": ""sd""}"
Table S7-03015,si,Table S7,0/1,summary,"{""block"": ""B"", ""dim"": 30, ""method"": ""sclsc_refonly"", ""metric"": ""within_label_silhouette__donor"", ""population"": ""query"", ""stat"": ""D""}"
Table S7-03016,si,Table S7,0/3,summary,"{""block"": ""B"", ""dim"": 30, ""method"": ""sclsc_refonly"", ""metric"": ""within_label_silhouette__donor"", ""population"": ""query"", ""stat"": ""B""}"
Table S7-03017,si,Table S7,0/15,summary,"{""block"": ""B"", ""dim"": 30, ""method"": ""sclsc_refonly"", ""metric"": ""within_label_silhouette__donor"", ""population"": ""query"", ""stat"": ""F""}"
Table S7-03018,si,Table S7,"C,S",summary,"{""block"": ""B"", ""dim"": 30, ""method"": ""sclsc_refonly"", ""metric"": ""within_label_silhouette__donor"", ""population"": ""query"", ""stat"": ""na_code""}"
Table S7-03019,si,Table S7,-0.220,summary,"{""block"": ""B"", ""dim"": 30, ""method"": ""sclsc_refonly"", ""metric"": ""within_label_silhouette__donor"", ""population"": ""reference"", ""stat"": ""mean""}"
Table S7-03020,si,Table S7,0.010,summary,"{""block"": ""B"", ""dim"": 30, ""method"": ""sclsc_refonly"", ""metric"": ""within_label_silhouette__donor"", ""population"": ""reference"", ""stat"": ""sd""}"
Table S7-03021,si,Table S7,1/1,summary,"{""block"": ""B"", ""dim"": 30, ""method"": ""sclsc_refonly"", ""metric"": ""within_label_silhouette__donor"", ""population"": ""reference"", ""stat"": ""D""}"
Table S7-03022,si,Table S7,3/3,summary,"{""block"": ""B"", ""dim"": 30, ""method"": ""sclsc_refonly"", ""metric"": ""within_label_silhouette__donor"", ""population"": ""reference"", ""stat"": ""B""}"
Table S7-03023,si,Table S7,15/15,summary,"{""block"": ""B"", ""dim"": 30, ""method"": ""sclsc_refonly"", ""metric"": ""within_label_silhouette__donor"", ""population"": ""reference"", ""stat"": ""F""}"
Table S7-03024,si,Table S7,S,summary,"{""block"": ""B"", ""dim"": 30, ""method"": ""sclsc_refonly"", ""metric"": ""within_label_silhouette__donor"", ""population"": ""reference"", ""stat"": ""na_code""}"
Table S7-03025,si,Table S7,0.231,summary,"{""block"": ""B"", ""dim"": 30, ""method"": ""sclsc_refonly"", ""metric"": ""within_label_silhouette__patientGroup"", ""population"": ""joint"", ""stat"": ""mean""}"
Table S7-03026,si,Table S7,0.040,summary,"{""block"": ""B"", ""dim"": 30, ""method"": ""sclsc_refonly"", ""metric"": ""within_label_silhouette__patientGroup"", ""population"": ""joint"", ""stat"": ""sd""}"
Table S7-03027,si,Table S7,1/1,summary,"{""block"": ""B"", ""dim"": 30, ""method"": ""sclsc_refonly"", ""metric"": ""within_label_silhouette__patientGroup"", ""population"": ""joint"", ""stat"": ""D""}"
Table S7-03028,si,Table S7,3/3,summary,"{""block"": ""B"", ""dim"": 30, ""method"": ""sclsc_refonly"", ""metric"": ""within_label_silhouette__patientGroup"", ""population"": ""joint"", ""stat"": ""B""}"
Table S7-03029,si,Table S7,15/15,summary,"{""block"": ""B"", ""dim"": 30, ""method"": ""sclsc_refonly"", ""metric"": ""within_label_silhouette__patientGroup"", ""population"": ""joint"", ""stat"": ""F""}"
Table S7-03030,si,Table S7,S,summary,"{""block"": ""B"", ""dim"": 30, ""method"": ""sclsc_refonly"", ""metric"": ""within_label_silhouette__patientGroup"", ""population"": ""joint"", ""stat"": ""na_code""}"
Table S7-03031,si,Table S7,NA,summary,"{""block"": ""B"", ""dim"": 30, ""method"": ""sclsc_refonly"", ""metric"": ""within_label_silhouette__patientGroup"", ""population"": ""query"", ""stat"": ""mean""}"
Table S7-03032,si,Table S7,–,summary,"{""block"": ""B"", ""dim"": 30, ""method"": ""sclsc_refonly"", ""metric"": ""within_label_silhouette__patientGroup"", ""population"": ""query"", ""stat"": ""sd""}"
Table S7-03033,si,Table S7,0/1,summary,"{""block"": ""B"", ""dim"": 30, ""method"": ""sclsc_refonly"", ""metric"": ""within_label_silhouette__patientGroup"", ""population"": ""query"", ""stat"": ""D""}"
Table S7-03034,si,Table S7,0/3,summary,"{""block"": ""B"", ""dim"": 30, ""method"": ""sclsc_refonly"", ""metric"": ""within_label_silhouette__patientGroup"", ""population"": ""query"", ""stat"": ""B""}"
Table S7-03035,si,Table S7,0/15,summary,"{""block"": ""B"", ""dim"": 30, ""method"": ""sclsc_refonly"", ""metric"": ""within_label_silhouette__patientGroup"", ""population"": ""query"", ""stat"": ""F""}"
Table S7-03036,si,Table S7,"C,S",summary,"{""block"": ""B"", ""dim"": 30, ""method"": ""sclsc_refonly"", ""metric"": ""within_label_silhouette__patientGroup"", ""population"": ""query"", ""stat"": ""na_code""}"
Table S7-03037,si,Table S7,0.261,summary,"{""block"": ""B"", ""dim"": 30, ""method"": ""sclsc_refonly"", ""metric"": ""within_label_silhouette__patientGroup"", ""population"": ""reference"", ""stat"": ""mean""}"
Table S7-03038,si,Table S7,0.044,summary,"{""block"": ""B"", ""dim"": 30, ""method"": ""sclsc_refonly"", ""metric"": ""within_label_silhouette__patientGroup"", ""population"": ""reference"", ""stat"": ""sd""}"
Table S7-03039,si,Table S7,1/1,summary,"{""block"": ""B"", ""dim"": 30, ""method"": ""sclsc_refonly"", ""metric"": ""within_label_silhouette__patientGroup"", ""population"": ""reference"", ""stat"": ""D""}"
Table S7-03040,si,Table S7,3/3,summary,"{""block"": ""B"", ""dim"": 30, ""method"": ""sclsc_refonly"", ""metric"": ""within_label_silhouette__patientGroup"", ""population"": ""reference"", ""stat"": ""B""}"
Table S7-03041,si,Table S7,15/15,summary,"{""block"": ""B"", ""dim"": 30, ""method"": ""sclsc_refonly"", ""metric"": ""within_label_silhouette__patientGroup"", ""population"": ""reference"", ""stat"": ""F""}"
Table S7-03042,si,Table S7,S,summary,"{""block"": ""B"", ""dim"": 30, ""method"": ""sclsc_refonly"", ""metric"": ""within_label_silhouette__patientGroup"", ""population"": ""reference"", ""stat"": ""na_code""}"
Table S7-03043,si,Table S7,-0.011,summary,"{""block"": ""B"", ""dim"": 30, ""method"": ""sclsc_refonly"", ""metric"": ""within_label_silhouette__sample_ID"", ""population"": ""joint"", ""stat"": ""mean""}"
Table S7-03044,si,Table S7,0.040,summary,"{""block"": ""B"", ""dim"": 30, ""method"": ""sclsc_refonly"", ""metric"": ""within_label_silhouette__sample_ID"", ""population"": ""joint"", ""stat"": ""sd""}"
Table S7-03045,si,Table S7,1/1,summary,"{""block"": ""B"", ""dim"": 30, ""method"": ""sclsc_refonly"", ""metric"": ""within_label_silhouette__sample_ID"", ""population"": ""joint"", ""stat"": ""D""}"
Table S7-03046,si,Table S7,3/3,summary,"{""block"": ""B"", ""dim"": 30, ""method"": ""sclsc_refonly"", ""metric"": ""within_label_silhouette__sample_ID"", ""population"": ""joint"", ""stat"": ""B""}"
Table S7-03047,si,Table S7,15/15,summary,"{""block"": ""B"", ""dim"": 30, ""method"": ""sclsc_refonly"", ""metric"": ""within_label_silhouette__sample_ID"", ""population"": ""joint"", ""stat"": ""F""}"
Table S7-03048,si,Table S7,S,summary,"{""block"": ""B"", ""dim"": 30, ""method"": ""sclsc_refonly"", ""metric"": ""within_label_silhouette__sample_ID"", ""population"": ""joint"", ""stat"": ""na_code""}"
Table S7-03049,si,Table S7,NA,summary,"{""block"": ""B"", ""dim"": 30, ""method"": ""sclsc_refonly"", ""metric"": ""within_label_silhouette__sample_ID"", ""population"": ""query"", ""stat"": ""mean""}"
Table S7-03050,si,Table S7,–,summary,"{""block"": ""B"", ""dim"": 30, ""method"": ""sclsc_refonly"", ""metric"": ""within_label_silhouette__sample_ID"", ""population"": ""query"", ""stat"": ""sd""}"
Table S7-03051,si,Table S7,0/1,summary,"{""block"": ""B"", ""dim"": 30, ""method"": ""sclsc_refonly"", ""metric"": ""within_label_silhouette__sample_ID"", ""population"": ""query"", ""stat"": ""D""}"
Table S7-03052,si,Table S7,0/3,summary,"{""block"": ""B"", ""dim"": 30, ""method"": ""sclsc_refonly"", ""metric"": ""within_label_silhouette__sample_ID"", ""population"": ""query"", ""stat"": ""B""}"
Table S7-03053,si,Table S7,0/15,summary,"{""block"": ""B"", ""dim"": 30, ""method"": ""sclsc_refonly"", ""metric"": ""within_label_silhouette__sample_ID"", ""population"": ""query"", ""stat"": ""F""}"
Table S7-03054,si,Table S7,"C,S",summary,"{""block"": ""B"", ""dim"": 30, ""method"": ""sclsc_refonly"", ""metric"": ""within_label_silhouette__sample_ID"", ""population"": ""query"", ""stat"": ""na_code""}"
Table S7-03055,si,Table S7,0.005,summary,"{""block"": ""B"", ""dim"": 30, ""method"": ""sclsc_refonly"", ""metric"": ""within_label_silhouette__sample_ID"", ""population"": ""reference"", ""stat"": ""mean""}"
Table S7-03056,si,Table S7,0.020,summary,"{""block"": ""B"", ""dim"": 30, ""method"": ""sclsc_refonly"", ""metric"": ""within_label_silhouette__sample_ID"", ""population"": ""reference"", ""stat"": ""sd""}"
Table S7-03057,si,Table S7,1/1,summary,"{""block"": ""B"", ""dim"": 30, ""method"": ""sclsc_refonly"", ""metric"": ""within_label_silhouette__sample_ID"", ""population"": ""reference"", ""stat"": ""D""}"
Table S7-03058,si,Table S7,3/3,summary,"{""block"": ""B"", ""dim"": 30, ""method"": ""sclsc_refonly"", ""metric"": ""within_label_silhouette__sample_ID"", ""population"": ""reference"", ""stat"": ""B""}"
Table S7-03059,si,Table S7,15/15,summary,"{""block"": ""B"", ""dim"": 30, ""method"": ""sclsc_refonly"", ""metric"": ""within_label_silhouette__sample_ID"", ""population"": ""reference"", ""stat"": ""F""}"
Table S7-03060,si,Table S7,S,summary,"{""block"": ""B"", ""dim"": 30, ""method"": ""sclsc_refonly"", ""metric"": ""within_label_silhouette__sample_ID"", ""population"": ""reference"", ""stat"": ""na_code""}"
Table S7-03061,si,Table S7,-0.011,summary,"{""block"": ""B"", ""dim"": 30, ""method"": ""sclsc_refonly"", ""metric"": ""within_label_silhouette__study"", ""population"": ""joint"", ""stat"": ""mean""}"
Table S7-03062,si,Table S7,0.040,summary,"{""block"": ""B"", ""dim"": 30, ""method"": ""sclsc_refonly"", ""metric"": ""within_label_silhouette__study"", ""population"": ""joint"", ""stat"": ""sd""}"
Table S7-03063,si,Table S7,1/1,summary,"{""block"": ""B"", ""dim"": 30, ""method"": ""sclsc_refonly"", ""metric"": ""within_label_silhouette__study"", ""population"": ""joint"", ""stat"": ""D""}"
Table S7-03064,si,Table S7,3/3,summary,"{""block"": ""B"", ""dim"": 30, ""method"": ""sclsc_refonly"", ""metric"": ""within_label_silhouette__study"", ""population"": ""joint"", ""stat"": ""B""}"
Table S7-03065,si,Table S7,15/15,summary,"{""block"": ""B"", ""dim"": 30, ""method"": ""sclsc_refonly"", ""metric"": ""within_label_silhouette__study"", ""population"": ""joint"", ""stat"": ""F""}"
Table S7-03066,si,Table S7,S,summary,"{""block"": ""B"", ""dim"": 30, ""method"": ""sclsc_refonly"", ""metric"": ""within_label_silhouette__study"", ""population"": ""joint"", ""stat"": ""na_code""}"
Table S7-03067,si,Table S7,NA,summary,"{""block"": ""B"", ""dim"": 30, ""method"": ""sclsc_refonly"", ""metric"": ""within_label_silhouette__study"", ""population"": ""query"", ""stat"": ""mean""}"
Table S7-03068,si,Table S7,–,summary,"{""block"": ""B"", ""dim"": 30, ""method"": ""sclsc_refonly"", ""metric"": ""within_label_silhouette__study"", ""population"": ""query"", ""stat"": ""sd""}"
Table S7-03069,si,Table S7,0/1,summary,"{""block"": ""B"", ""dim"": 30, ""method"": ""sclsc_refonly"", ""metric"": ""within_label_silhouette__study"", ""population"": ""query"", ""stat"": ""D""}"
Table S7-03070,si,Table S7,0/3,summary,"{""block"": ""B"", ""dim"": 30, ""method"": ""sclsc_refonly"", ""metric"": ""within_label_silhouette__study"", ""population"": ""query"", ""stat"": ""B""}"
Table S7-03071,si,Table S7,0/15,summary,"{""block"": ""B"", ""dim"": 30, ""method"": ""sclsc_refonly"", ""metric"": ""within_label_silhouette__study"", ""population"": ""query"", ""stat"": ""F""}"
Table S7-03072,si,Table S7,"C,S",summary,"{""block"": ""B"", ""dim"": 30, ""method"": ""sclsc_refonly"", ""metric"": ""within_label_silhouette__study"", ""population"": ""query"", ""stat"": ""na_code""}"
Table S7-03073,si,Table S7,0.005,summary,"{""block"": ""B"", ""dim"": 30, ""method"": ""sclsc_refonly"", ""metric"": ""within_label_silhouette__study"", ""population"": ""reference"", ""stat"": ""mean""}"
Table S7-03074,si,Table S7,0.020,summary,"{""block"": ""B"", ""dim"": 30, ""method"": ""sclsc_refonly"", ""metric"": ""within_label_silhouette__study"", ""population"": ""reference"", ""stat"": ""sd""}"
Table S7-03075,si,Table S7,1/1,summary,"{""block"": ""B"", ""dim"": 30, ""method"": ""sclsc_refonly"", ""metric"": ""within_label_silhouette__study"", ""population"": ""reference"", ""stat"": ""D""}"
Table S7-03076,si,Table S7,3/3,summary,"{""block"": ""B"", ""dim"": 30, ""method"": ""sclsc_refonly"", ""metric"": ""within_label_silhouette__study"", ""population"": ""reference"", ""stat"": ""B""}"
Table S7-03077,si,Table S7,15/15,summary,"{""block"": ""B"", ""dim"": 30, ""method"": ""sclsc_refonly"", ""metric"": ""within_label_silhouette__study"", ""population"": ""reference"", ""stat"": ""F""}"
Table S7-03078,si,Table S7,S,summary,"{""block"": ""B"", ""dim"": 30, ""method"": ""sclsc_refonly"", ""metric"": ""within_label_silhouette__study"", ""population"": ""reference"", ""stat"": ""na_code""}"
Table S9 (arms)-03079,si,Table S9 (arms),0.404,summary,"{""dim"": 128, ""method"": ""solar_orthogonal"", ""metric"": ""ARI_cluster/label"", ""population"": ""joint"", ""stat"": ""mean""}"
Table S9 (arms)-03080,si,Table S9 (arms),0.077,summary,"{""dim"": 128, ""method"": ""solar_orthogonal"", ""metric"": ""ARI_cluster/label"", ""population"": ""joint"", ""stat"": ""sd""}"
Table S9 (arms)-03081,si,Table S9 (arms),3/3,summary,"{""dim"": 128, ""method"": ""solar_orthogonal"", ""metric"": ""ARI_cluster/label"", ""population"": ""joint"", ""stat"": ""D""}"
Table S9 (arms)-03082,si,Table S9 (arms),9/9,summary,"{""dim"": 128, ""method"": ""solar_orthogonal"", ""metric"": ""ARI_cluster/label"", ""population"": ""joint"", ""stat"": ""B""}"
Table S9 (arms)-03083,si,Table S9 (arms),45/45,summary,"{""dim"": 128, ""method"": ""solar_orthogonal"", ""metric"": ""ARI_cluster/label"", ""population"": ""joint"", ""stat"": ""F""}"
Table S9 (arms)-03084,si,Table S9 (arms),–,summary,"{""dim"": 128, ""method"": ""solar_orthogonal"", ""metric"": ""ARI_cluster/label"", ""population"": ""joint"", ""stat"": ""na_code""}"
Table S9 (arms)-03085,si,Table S9 (arms),0.869,summary,"{""dim"": 128, ""method"": ""solar_orthogonal"", ""metric"": ""ASW_label"", ""population"": ""joint"", ""stat"": ""mean""}"
Table S9 (arms)-03086,si,Table S9 (arms),0.036,summary,"{""dim"": 128, ""method"": ""solar_orthogonal"", ""metric"": ""ASW_label"", ""population"": ""joint"", ""stat"": ""sd""}"
Table S9 (arms)-03087,si,Table S9 (arms),3/3,summary,"{""dim"": 128, ""method"": ""solar_orthogonal"", ""metric"": ""ASW_label"", ""population"": ""joint"", ""stat"": ""D""}"
Table S9 (arms)-03088,si,Table S9 (arms),9/9,summary,"{""dim"": 128, ""method"": ""solar_orthogonal"", ""metric"": ""ASW_label"", ""population"": ""joint"", ""stat"": ""B""}"
Table S9 (arms)-03089,si,Table S9 (arms),45/45,summary,"{""dim"": 128, ""method"": ""solar_orthogonal"", ""metric"": ""ASW_label"", ""population"": ""joint"", ""stat"": ""F""}"
Table S9 (arms)-03090,si,Table S9 (arms),–,summary,"{""dim"": 128, ""method"": ""solar_orthogonal"", ""metric"": ""ASW_label"", ""population"": ""joint"", ""stat"": ""na_code""}"
Table S9 (arms)-03091,si,Table S9 (arms),0.842,summary,"{""dim"": 128, ""method"": ""solar_orthogonal"", ""metric"": ""ASW_label/batch"", ""population"": ""joint"", ""stat"": ""mean""}"
Table S9 (arms)-03092,si,Table S9 (arms),0.020,summary,"{""dim"": 128, ""method"": ""solar_orthogonal"", ""metric"": ""ASW_label/batch"", ""population"": ""joint"", ""stat"": ""sd""}"
Table S9 (arms)-03093,si,Table S9 (arms),3/3,summary,"{""dim"": 128, ""method"": ""solar_orthogonal"", ""metric"": ""ASW_label/batch"", ""population"": ""joint"", ""stat"": ""D""}"
Table S9 (arms)-03094,si,Table S9 (arms),9/9,summary,"{""dim"": 128, ""method"": ""solar_orthogonal"", ""metric"": ""ASW_label/batch"", ""population"": ""joint"", ""stat"": ""B""}"
Table S9 (arms)-03095,si,Table S9 (arms),45/45,summary,"{""dim"": 128, ""method"": ""solar_orthogonal"", ""metric"": ""ASW_label/batch"", ""population"": ""joint"", ""stat"": ""F""}"
Table S9 (arms)-03096,si,Table S9 (arms),–,summary,"{""dim"": 128, ""method"": ""solar_orthogonal"", ""metric"": ""ASW_label/batch"", ""population"": ""joint"", ""stat"": ""na_code""}"
Table S9 (arms)-03097,si,Table S9 (arms),0.758,summary,"{""dim"": 128, ""method"": ""solar_orthogonal"", ""metric"": ""NMI_cluster/label"", ""population"": ""joint"", ""stat"": ""mean""}"
Table S9 (arms)-03098,si,Table S9 (arms),0.034,summary,"{""dim"": 128, ""method"": ""solar_orthogonal"", ""metric"": ""NMI_cluster/label"", ""population"": ""joint"", ""stat"": ""sd""}"
Table S9 (arms)-03099,si,Table S9 (arms),3/3,summary,"{""dim"": 128, ""method"": ""solar_orthogonal"", ""metric"": ""NMI_cluster/label"", ""population"": ""joint"", ""stat"": ""D""}"
Table S9 (arms)-03100,si,Table S9 (arms),9/9,summary,"{""dim"": 128, ""method"": ""solar_orthogonal"", ""metric"": ""NMI_cluster/label"", ""population"": ""joint"", ""stat"": ""B""}"
Table S9 (arms)-03101,si,Table S9 (arms),45/45,summary,"{""dim"": 128, ""method"": ""solar_orthogonal"", ""metric"": ""NMI_cluster/label"", ""population"": ""joint"", ""stat"": ""F""}"
Table S9 (arms)-03102,si,Table S9 (arms),–,summary,"{""dim"": 128, ""method"": ""solar_orthogonal"", ""metric"": ""NMI_cluster/label"", ""population"": ""joint"", ""stat"": ""na_code""}"
Table S9 (arms)-03103,si,Table S9 (arms),0.771,summary,"{""dim"": 128, ""method"": ""solar_orthogonal"", ""metric"": ""PCR_batch"", ""population"": ""joint"", ""stat"": ""mean""}"
Table S9 (arms)-03104,si,Table S9 (arms),0.118,summary,"{""dim"": 128, ""method"": ""solar_orthogonal"", ""metric"": ""PCR_batch"", ""population"": ""joint"", ""stat"": ""sd""}"
Table S9 (arms)-03105,si,Table S9 (arms),3/3,summary,"{""dim"": 128, ""method"": ""solar_orthogonal"", ""metric"": ""PCR_batch"", ""population"": ""joint"", ""stat"": ""D""}"
Table S9 (arms)-03106,si,Table S9 (arms),9/9,summary,"{""dim"": 128, ""method"": ""solar_orthogonal"", ""metric"": ""PCR_batch"", ""population"": ""joint"", ""stat"": ""B""}"
Table S9 (arms)-03107,si,Table S9 (arms),45/45,summary,"{""dim"": 128, ""method"": ""solar_orthogonal"", ""metric"": ""PCR_batch"", ""population"": ""joint"", ""stat"": ""F""}"
Table S9 (arms)-03108,si,Table S9 (arms),–,summary,"{""dim"": 128, ""method"": ""solar_orthogonal"", ""metric"": ""PCR_batch"", ""population"": ""joint"", ""stat"": ""na_code""}"
Table S9 (arms)-03109,si,Table S9 (arms),0.838,summary,"{""dim"": 128, ""method"": ""solar_orthogonal"", ""metric"": ""balanced_accuracy"", ""population"": ""query"", ""stat"": ""mean""}"
Table S9 (arms)-03110,si,Table S9 (arms),0.079,summary,"{""dim"": 128, ""method"": ""solar_orthogonal"", ""metric"": ""balanced_accuracy"", ""population"": ""query"", ""stat"": ""sd""}"
Table S9 (arms)-03111,si,Table S9 (arms),3/3,summary,"{""dim"": 128, ""method"": ""solar_orthogonal"", ""metric"": ""balanced_accuracy"", ""population"": ""query"", ""stat"": ""D""}"
Table S9 (arms)-03112,si,Table S9 (arms),9/9,summary,"{""dim"": 128, ""method"": ""solar_orthogonal"", ""metric"": ""balanced_accuracy"", ""population"": ""query"", ""stat"": ""B""}"
Table S9 (arms)-03113,si,Table S9 (arms),45/45,summary,"{""dim"": 128, ""method"": ""solar_orthogonal"", ""metric"": ""balanced_accuracy"", ""population"": ""query"", ""stat"": ""F""}"
Table S9 (arms)-03114,si,Table S9 (arms),–,summary,"{""dim"": 128, ""method"": ""solar_orthogonal"", ""metric"": ""balanced_accuracy"", ""population"": ""query"", ""stat"": ""na_code""}"
Table S9 (arms)-03115,si,Table S9 (arms),1.000,summary,"{""dim"": 128, ""method"": ""solar_orthogonal"", ""metric"": ""cLISI"", ""population"": ""joint"", ""stat"": ""mean""}"
Table S9 (arms)-03116,si,Table S9 (arms),0.000,summary,"{""dim"": 128, ""method"": ""solar_orthogonal"", ""metric"": ""cLISI"", ""population"": ""joint"", ""stat"": ""sd""}"
Table S9 (arms)-03117,si,Table S9 (arms),3/3,summary,"{""dim"": 128, ""method"": ""solar_orthogonal"", ""metric"": ""cLISI"", ""population"": ""joint"", ""stat"": ""D""}"
Table S9 (arms)-03118,si,Table S9 (arms),9/9,summary,"{""dim"": 128, ""method"": ""solar_orthogonal"", ""metric"": ""cLISI"", ""population"": ""joint"", ""stat"": ""B""}"
Table S9 (arms)-03119,si,Table S9 (arms),45/45,summary,"{""dim"": 128, ""method"": ""solar_orthogonal"", ""metric"": ""cLISI"", ""population"": ""joint"", ""stat"": ""F""}"
Table S9 (arms)-03120,si,Table S9 (arms),–,summary,"{""dim"": 128, ""method"": ""solar_orthogonal"", ""metric"": ""cLISI"", ""population"": ""joint"", ""stat"": ""na_code""}"
Table S9 (arms)-03121,si,Table S9 (arms),0.539,summary,"{""dim"": 128, ""method"": ""solar_orthogonal"", ""metric"": ""cell_cycle_conservation"", ""population"": ""joint"", ""stat"": ""mean""}"
Table S9 (arms)-03122,si,Table S9 (arms),0.179,summary,"{""dim"": 128, ""method"": ""solar_orthogonal"", ""metric"": ""cell_cycle_conservation"", ""population"": ""joint"", ""stat"": ""sd""}"
Table S9 (arms)-03123,si,Table S9 (arms),3/3,summary,"{""dim"": 128, ""method"": ""solar_orthogonal"", ""metric"": ""cell_cycle_conservation"", ""population"": ""joint"", ""stat"": ""D""}"
Table S9 (arms)-03124,si,Table S9 (arms),9/9,summary,"{""dim"": 128, ""method"": ""solar_orthogonal"", ""metric"": ""cell_cycle_conservation"", ""population"": ""joint"", ""stat"": ""B""}"
Table S9 (arms)-03125,si,Table S9 (arms),45/45,summary,"{""dim"": 128, ""method"": ""solar_orthogonal"", ""metric"": ""cell_cycle_conservation"", ""population"": ""joint"", ""stat"": ""F""}"
Table S9 (arms)-03126,si,Table S9 (arms),–,summary,"{""dim"": 128, ""method"": ""solar_orthogonal"", ""metric"": ""cell_cycle_conservation"", ""population"": ""joint"", ""stat"": ""na_code""}"
Table S9 (arms)-03127,si,Table S9 (arms),NA,summary,"{""dim"": 128, ""method"": ""solar_orthogonal"", ""metric"": ""hvg_overlap"", ""population"": ""joint"", ""stat"": ""mean""}"
Table S9 (arms)-03128,si,Table S9 (arms),–,summary,"{""dim"": 128, ""method"": ""solar_orthogonal"", ""metric"": ""hvg_overlap"", ""population"": ""joint"", ""stat"": ""sd""}"
Table S9 (arms)-03129,si,Table S9 (arms),0/3,summary,"{""dim"": 128, ""method"": ""solar_orthogonal"", ""metric"": ""hvg_overlap"", ""population"": ""joint"", ""stat"": ""D""}"
Table S9 (arms)-03130,si,Table S9 (arms),0/9,summary,"{""dim"": 128, ""method"": ""solar_orthogonal"", ""metric"": ""hvg_overlap"", ""population"": ""joint"", ""stat"": ""B""}"
Table S9 (arms)-03131,si,Table S9 (arms),0/45,summary,"{""dim"": 128, ""method"": ""solar_orthogonal"", ""metric"": ""hvg_overlap"", ""population"": ""joint"", ""stat"": ""F""}"
Table S9 (arms)-03132,si,Table S9 (arms),H,summary,"{""dim"": 128, ""method"": ""solar_orthogonal"", ""metric"": ""hvg_overlap"", ""population"": ""joint"", ""stat"": ""na_code""}"
Table S9 (arms)-03133,si,Table S9 (arms),1.268,summary,"{""dim"": 128, ""method"": ""solar_orthogonal"", ""metric"": ""iLISI"", ""population"": ""joint"", ""stat"": ""mean""}"
Table S9 (arms)-03134,si,Table S9 (arms),0.165,summary,"{""dim"": 128, ""method"": ""solar_orthogonal"", ""metric"": ""iLISI"", ""population"": ""joint"", ""stat"": ""sd""}"
Table S9 (arms)-03135,si,Table S9 (arms),3/3,summary,"{""dim"": 128, ""method"": ""solar_orthogonal"", ""metric"": ""iLISI"", ""population"": ""joint"", ""stat"": ""D""}"
Table S9 (arms)-03136,si,Table S9 (arms),9/9,summary,"{""dim"": 128, ""method"": ""solar_orthogonal"", ""metric"": ""iLISI"", ""population"": ""joint"", ""stat"": ""B""}"
Table S9 (arms)-03137,si,Table S9 (arms),45/45,summary,"{""dim"": 128, ""method"": ""solar_orthogonal"", ""metric"": ""iLISI"", ""population"": ""joint"", ""stat"": ""F""}"
Table S9 (arms)-03138,si,Table S9 (arms),–,summary,"{""dim"": 128, ""method"": ""solar_orthogonal"", ""metric"": ""iLISI"", ""population"": ""joint"", ""stat"": ""na_code""}"
Table S9 (arms)-03139,si,Table S9 (arms),0.501,summary,"{""dim"": 128, ""method"": ""solar_orthogonal"", ""metric"": ""isolated_label_silhouette"", ""population"": ""joint"", ""stat"": ""mean""}"
Table S9 (arms)-03140,si,Table S9 (arms),0.010,summary,"{""dim"": 128, ""method"": ""solar_orthogonal"", ""metric"": ""isolated_label_silhouette"", ""population"": ""joint"", ""stat"": ""sd""}"
Table S9 (arms)-03141,si,Table S9 (arms),3/3,summary,"{""dim"": 128, ""method"": ""solar_orthogonal"", ""metric"": ""isolated_label_silhouette"", ""population"": ""joint"", ""stat"": ""D""}"
Table S9 (arms)-03142,si,Table S9 (arms),9/9,summary,"{""dim"": 128, ""method"": ""solar_orthogonal"", ""metric"": ""isolated_label_silhouette"", ""population"": ""joint"", ""stat"": ""B""}"
Table S9 (arms)-03143,si,Table S9 (arms),45/45,summary,"{""dim"": 128, ""method"": ""solar_orthogonal"", ""metric"": ""isolated_label_silhouette"", ""population"": ""joint"", ""stat"": ""F""}"
Table S9 (arms)-03144,si,Table S9 (arms),–,summary,"{""dim"": 128, ""method"": ""solar_orthogonal"", ""metric"": ""isolated_label_silhouette"", ""population"": ""joint"", ""stat"": ""na_code""}"
Table S9 (arms)-03145,si,Table S9 (arms),0.813,summary,"{""dim"": 128, ""method"": ""solar_orthogonal"", ""metric"": ""macro_f1"", ""population"": ""query"", ""stat"": ""mean""}"
Table S9 (arms)-03146,si,Table S9 (arms),0.109,summary,"{""dim"": 128, ""method"": ""solar_orthogonal"", ""metric"": ""macro_f1"", ""population"": ""query"", ""stat"": ""sd""}"
Table S9 (arms)-03147,si,Table S9 (arms),3/3,summary,"{""dim"": 128, ""method"": ""solar_orthogonal"", ""metric"": ""macro_f1"", ""population"": ""query"", ""stat"": ""D""}"
Table S9 (arms)-03148,si,Table S9 (arms),9/9,summary,"{""dim"": 128, ""method"": ""solar_orthogonal"", ""metric"": ""macro_f1"", ""population"": ""query"", ""stat"": ""B""}"
Table S9 (arms)-03149,si,Table S9 (arms),45/45,summary,"{""dim"": 128, ""method"": ""solar_orthogonal"", ""metric"": ""macro_f1"", ""population"": ""query"", ""stat"": ""F""}"
Table S9 (arms)-03150,si,Table S9 (arms),–,summary,"{""dim"": 128, ""method"": ""solar_orthogonal"", ""metric"": ""macro_f1"", ""population"": ""query"", ""stat"": ""na_code""}"
Table S9 (arms)-03151,si,Table S9 (arms),0.873,summary,"{""dim"": 128, ""method"": ""solar_orthogonal"", ""metric"": ""pseudotime_smoothness"", ""population"": ""joint"", ""stat"": ""mean""}"
Table S9 (arms)-03152,si,Table S9 (arms),0.007,summary,"{""dim"": 128, ""method"": ""solar_orthogonal"", ""metric"": ""pseudotime_smoothness"", ""population"": ""joint"", ""stat"": ""sd""}"
Table S9 (arms)-03153,si,Table S9 (arms),1/1,summary,"{""dim"": 128, ""method"": ""solar_orthogonal"", ""metric"": ""pseudotime_smoothness"", ""population"": ""joint"", ""stat"": ""D""}"
Table S9 (arms)-03154,si,Table S9 (arms),3/3,summary,"{""dim"": 128, ""method"": ""solar_orthogonal"", ""metric"": ""pseudotime_smoothness"", ""population"": ""joint"", ""stat"": ""B""}"
Table S9 (arms)-03155,si,Table S9 (arms),15/15,summary,"{""dim"": 128, ""method"": ""solar_orthogonal"", ""metric"": ""pseudotime_smoothness"", ""population"": ""joint"", ""stat"": ""F""}"
Table S9 (arms)-03156,si,Table S9 (arms),S,summary,"{""dim"": 128, ""method"": ""solar_orthogonal"", ""metric"": ""pseudotime_smoothness"", ""population"": ""joint"", ""stat"": ""na_code""}"
Table S9 (arms)-03157,si,Table S9 (arms),0.949,summary,"{""dim"": 128, ""method"": ""solar_orthogonal"", ""metric"": ""pseudotime_smoothness"", ""population"": ""query"", ""stat"": ""mean""}"
Table S9 (arms)-03158,si,Table S9 (arms),–,summary,"{""dim"": 128, ""method"": ""solar_orthogonal"", ""metric"": ""pseudotime_smoothness"", ""population"": ""query"", ""stat"": ""sd""}"
Table S9 (arms)-03159,si,Table S9 (arms),1/1,summary,"{""dim"": 128, ""method"": ""solar_orthogonal"", ""metric"": ""pseudotime_smoothness"", ""population"": ""query"", ""stat"": ""D""}"
Table S9 (arms)-03160,si,Table S9 (arms),1/3,summary,"{""dim"": 128, ""method"": ""solar_orthogonal"", ""metric"": ""pseudotime_smoothness"", ""population"": ""query"", ""stat"": ""B""}"
Table S9 (arms)-03161,si,Table S9 (arms),5/15,summary,"{""dim"": 128, ""method"": ""solar_orthogonal"", ""metric"": ""pseudotime_smoothness"", ""population"": ""query"", ""stat"": ""F""}"
Table S9 (arms)-03162,si,Table S9 (arms),"P,S",summary,"{""dim"": 128, ""method"": ""solar_orthogonal"", ""metric"": ""pseudotime_smoothness"", ""population"": ""query"", ""stat"": ""na_code""}"
Table S9 (arms)-03163,si,Table S9 (arms),0.852,summary,"{""dim"": 128, ""method"": ""solar_orthogonal"", ""metric"": ""pseudotime_smoothness"", ""population"": ""reference"", ""stat"": ""mean""}"
Table S9 (arms)-03164,si,Table S9 (arms),0.043,summary,"{""dim"": 128, ""method"": ""solar_orthogonal"", ""metric"": ""pseudotime_smoothness"", ""population"": ""reference"", ""stat"": ""sd""}"
Table S9 (arms)-03165,si,Table S9 (arms),1/1,summary,"{""dim"": 128, ""method"": ""solar_orthogonal"", ""metric"": ""pseudotime_smoothness"", ""population"": ""reference"", ""stat"": ""D""}"
Table S9 (arms)-03166,si,Table S9 (arms),3/3,summary,"{""dim"": 128, ""method"": ""solar_orthogonal"", ""metric"": ""pseudotime_smoothness"", ""population"": ""reference"", ""stat"": ""B""}"
Table S9 (arms)-03167,si,Table S9 (arms),15/15,summary,"{""dim"": 128, ""method"": ""solar_orthogonal"", ""metric"": ""pseudotime_smoothness"", ""population"": ""reference"", ""stat"": ""F""}"
Table S9 (arms)-03168,si,Table S9 (arms),S,summary,"{""dim"": 128, ""method"": ""solar_orthogonal"", ""metric"": ""pseudotime_smoothness"", ""population"": ""reference"", ""stat"": ""na_code""}"
Table S9 (arms)-03169,si,Table S9 (arms),0.623,summary,"{""dim"": 128, ""method"": ""solar_orthogonal"", ""metric"": ""trajectory"", ""population"": ""joint"", ""stat"": ""mean""}"
Table S9 (arms)-03170,si,Table S9 (arms),0.095,summary,"{""dim"": 128, ""method"": ""solar_orthogonal"", ""metric"": ""trajectory"", ""population"": ""joint"", ""stat"": ""sd""}"
Table S9 (arms)-03171,si,Table S9 (arms),1/1,summary,"{""dim"": 128, ""method"": ""solar_orthogonal"", ""metric"": ""trajectory"", ""population"": ""joint"", ""stat"": ""D""}"
Table S9 (arms)-03172,si,Table S9 (arms),3/3,summary,"{""dim"": 128, ""method"": ""solar_orthogonal"", ""metric"": ""trajectory"", ""population"": ""joint"", ""stat"": ""B""}"
Table S9 (arms)-03173,si,Table S9 (arms),15/15,summary,"{""dim"": 128, ""method"": ""solar_orthogonal"", ""metric"": ""trajectory"", ""population"": ""joint"", ""stat"": ""F""}"
Table S9 (arms)-03174,si,Table S9 (arms),T,summary,"{""dim"": 128, ""method"": ""solar_orthogonal"", ""metric"": ""trajectory"", ""population"": ""joint"", ""stat"": ""na_code""}"
Table S9 (arms)-03175,si,Table S9 (arms),0.933,summary,"{""dim"": 128, ""method"": ""solar_orthogonal"", ""metric"": ""trustworthiness"", ""population"": ""joint"", ""stat"": ""mean""}"
Table S9 (arms)-03176,si,Table S9 (arms),0.018,summary,"{""dim"": 128, ""method"": ""solar_orthogonal"", ""metric"": ""trustworthiness"", ""population"": ""joint"", ""stat"": ""sd""}"
Table S9 (arms)-03177,si,Table S9 (arms),2/2,summary,"{""dim"": 128, ""method"": ""solar_orthogonal"", ""metric"": ""trustworthiness"", ""population"": ""joint"", ""stat"": ""D""}"
Table S9 (arms)-03178,si,Table S9 (arms),6/6,summary,"{""dim"": 128, ""method"": ""solar_orthogonal"", ""metric"": ""trustworthiness"", ""population"": ""joint"", ""stat"": ""B""}"
Table S9 (arms)-03179,si,Table S9 (arms),30/30,summary,"{""dim"": 128, ""method"": ""solar_orthogonal"", ""metric"": ""trustworthiness"", ""population"": ""joint"", ""stat"": ""F""}"
Table S9 (arms)-03180,si,Table S9 (arms),S,summary,"{""dim"": 128, ""method"": ""solar_orthogonal"", ""metric"": ""trustworthiness"", ""population"": ""joint"", ""stat"": ""na_code""}"
Table S9 (arms)-03181,si,Table S9 (arms),0.941,summary,"{""dim"": 128, ""method"": ""solar_orthogonal"", ""metric"": ""trustworthiness"", ""population"": ""query"", ""stat"": ""mean""}"
Table S9 (arms)-03182,si,Table S9 (arms),0.012,summary,"{""dim"": 128, ""method"": ""solar_orthogonal"", ""metric"": ""trustworthiness"", ""population"": ""query"", ""stat"": ""sd""}"
Table S9 (arms)-03183,si,Table S9 (arms),2/2,summary,"{""dim"": 128, ""method"": ""solar_orthogonal"", ""metric"": ""trustworthiness"", ""population"": ""query"", ""stat"": ""D""}"
Table S9 (arms)-03184,si,Table S9 (arms),6/6,summary,"{""dim"": 128, ""method"": ""solar_orthogonal"", ""metric"": ""trustworthiness"", ""population"": ""query"", ""stat"": ""B""}"
Table S9 (arms)-03185,si,Table S9 (arms),30/30,summary,"{""dim"": 128, ""method"": ""solar_orthogonal"", ""metric"": ""trustworthiness"", ""population"": ""query"", ""stat"": ""F""}"
Table S9 (arms)-03186,si,Table S9 (arms),S,summary,"{""dim"": 128, ""method"": ""solar_orthogonal"", ""metric"": ""trustworthiness"", ""population"": ""query"", ""stat"": ""na_code""}"
Table S9 (arms)-03187,si,Table S9 (arms),0.928,summary,"{""dim"": 128, ""method"": ""solar_orthogonal"", ""metric"": ""trustworthiness"", ""population"": ""reference"", ""stat"": ""mean""}"
Table S9 (arms)-03188,si,Table S9 (arms),0.019,summary,"{""dim"": 128, ""method"": ""solar_orthogonal"", ""metric"": ""trustworthiness"", ""population"": ""reference"", ""stat"": ""sd""}"
Table S9 (arms)-03189,si,Table S9 (arms),2/2,summary,"{""dim"": 128, ""method"": ""solar_orthogonal"", ""metric"": ""trustworthiness"", ""population"": ""reference"", ""stat"": ""D""}"
Table S9 (arms)-03190,si,Table S9 (arms),6/6,summary,"{""dim"": 128, ""method"": ""solar_orthogonal"", ""metric"": ""trustworthiness"", ""population"": ""reference"", ""stat"": ""B""}"
Table S9 (arms)-03191,si,Table S9 (arms),30/30,summary,"{""dim"": 128, ""method"": ""solar_orthogonal"", ""metric"": ""trustworthiness"", ""population"": ""reference"", ""stat"": ""F""}"
Table S9 (arms)-03192,si,Table S9 (arms),S,summary,"{""dim"": 128, ""method"": ""solar_orthogonal"", ""metric"": ""trustworthiness"", ""population"": ""reference"", ""stat"": ""na_code""}"
Table S9 (arms)-03193,si,Table S9 (arms),-0.095,summary,"{""dim"": 128, ""method"": ""solar_orthogonal"", ""metric"": ""within_label_silhouette__donor"", ""population"": ""joint"", ""stat"": ""mean""}"
Table S9 (arms)-03194,si,Table S9 (arms),0.003,summary,"{""dim"": 128, ""method"": ""solar_orthogonal"", ""metric"": ""within_label_silhouette__donor"", ""population"": ""joint"", ""stat"": ""sd""}"
Table S9 (arms)-03195,si,Table S9 (arms),1/1,summary,"{""dim"": 128, ""method"": ""solar_orthogonal"", ""metric"": ""within_label_silhouette__donor"", ""population"": ""joint"", ""stat"": ""D""}"
Table S9 (arms)-03196,si,Table S9 (arms),3/3,summary,"{""dim"": 128, ""method"": ""solar_orthogonal"", ""metric"": ""within_label_silhouette__donor"", ""population"": ""joint"", ""stat"": ""B""}"
Table S9 (arms)-03197,si,Table S9 (arms),15/15,summary,"{""dim"": 128, ""method"": ""solar_orthogonal"", ""metric"": ""within_label_silhouette__donor"", ""population"": ""joint"", ""stat"": ""F""}"
Table S9 (arms)-03198,si,Table S9 (arms),S,summary,"{""dim"": 128, ""method"": ""solar_orthogonal"", ""metric"": ""within_label_silhouette__donor"", ""population"": ""joint"", ""stat"": ""na_code""}"
Table S9 (arms)-03199,si,Table S9 (arms),NA,summary,"{""dim"": 128, ""method"": ""solar_orthogonal"", ""metric"": ""within_label_silhouette__donor"", ""population"": ""query"", ""stat"": ""mean""}"
Table S9 (arms)-03200,si,Table S9 (arms),–,summary,"{""dim"": 128, ""method"": ""solar_orthogonal"", ""metric"": ""within_label_silhouette__donor"", ""population"": ""query"", ""stat"": ""sd""}"
Table S9 (arms)-03201,si,Table S9 (arms),0/1,summary,"{""dim"": 128, ""method"": ""solar_orthogonal"", ""metric"": ""within_label_silhouette__donor"", ""population"": ""query"", ""stat"": ""D""}"
Table S9 (arms)-03202,si,Table S9 (arms),0/3,summary,"{""dim"": 128, ""method"": ""solar_orthogonal"", ""metric"": ""within_label_silhouette__donor"", ""population"": ""query"", ""stat"": ""B""}"
Table S9 (arms)-03203,si,Table S9 (arms),0/15,summary,"{""dim"": 128, ""method"": ""solar_orthogonal"", ""metric"": ""within_label_silhouette__donor"", ""population"": ""query"", ""stat"": ""F""}"
Table S9 (arms)-03204,si,Table S9 (arms),"C,S",summary,"{""dim"": 128, ""method"": ""solar_orthogonal"", ""metric"": ""within_label_silhouette__donor"", ""population"": ""query"", ""stat"": ""na_code""}"
Table S9 (arms)-03205,si,Table S9 (arms),-0.089,summary,"{""dim"": 128, ""method"": ""solar_orthogonal"", ""metric"": ""within_label_silhouette__donor"", ""population"": ""reference"", ""stat"": ""mean""}"
Table S9 (arms)-03206,si,Table S9 (arms),0.004,summary,"{""dim"": 128, ""method"": ""solar_orthogonal"", ""metric"": ""within_label_silhouette__donor"", ""population"": ""reference"", ""stat"": ""sd""}"
Table S9 (arms)-03207,si,Table S9 (arms),1/1,summary,"{""dim"": 128, ""method"": ""solar_orthogonal"", ""metric"": ""within_label_silhouette__donor"", ""population"": ""reference"", ""stat"": ""D""}"
Table S9 (arms)-03208,si,Table S9 (arms),3/3,summary,"{""dim"": 128, ""method"": ""solar_orthogonal"", ""metric"": ""within_label_silhouette__donor"", ""population"": ""reference"", ""stat"": ""B""}"
Table S9 (arms)-03209,si,Table S9 (arms),15/15,summary,"{""dim"": 128, ""method"": ""solar_orthogonal"", ""metric"": ""within_label_silhouette__donor"", ""population"": ""reference"", ""stat"": ""F""}"
Table S9 (arms)-03210,si,Table S9 (arms),S,summary,"{""dim"": 128, ""method"": ""solar_orthogonal"", ""metric"": ""within_label_silhouette__donor"", ""population"": ""reference"", ""stat"": ""na_code""}"
Table S9 (arms)-03211,si,Table S9 (arms),0.236,summary,"{""dim"": 128, ""method"": ""solar_orthogonal"", ""metric"": ""within_label_silhouette__patientGroup"", ""population"": ""joint"", ""stat"": ""mean""}"
Table S9 (arms)-03212,si,Table S9 (arms),0.015,summary,"{""dim"": 128, ""method"": ""solar_orthogonal"", ""metric"": ""within_label_silhouette__patientGroup"", ""population"": ""joint"", ""stat"": ""sd""}"
Table S9 (arms)-03213,si,Table S9 (arms),1/1,summary,"{""dim"": 128, ""method"": ""solar_orthogonal"", ""metric"": ""within_label_silhouette__patientGroup"", ""population"": ""joint"", ""stat"": ""D""}"
Table S9 (arms)-03214,si,Table S9 (arms),3/3,summary,"{""dim"": 128, ""method"": ""solar_orthogonal"", ""metric"": ""within_label_silhouette__patientGroup"", ""population"": ""joint"", ""stat"": ""B""}"
Table S9 (arms)-03215,si,Table S9 (arms),15/15,summary,"{""dim"": 128, ""method"": ""solar_orthogonal"", ""metric"": ""within_label_silhouette__patientGroup"", ""population"": ""joint"", ""stat"": ""F""}"
Table S9 (arms)-03216,si,Table S9 (arms),S,summary,"{""dim"": 128, ""method"": ""solar_orthogonal"", ""metric"": ""within_label_silhouette__patientGroup"", ""population"": ""joint"", ""stat"": ""na_code""}"
Table S9 (arms)-03217,si,Table S9 (arms),NA,summary,"{""dim"": 128, ""method"": ""solar_orthogonal"", ""metric"": ""within_label_silhouette__patientGroup"", ""population"": ""query"", ""stat"": ""mean""}"
Table S9 (arms)-03218,si,Table S9 (arms),–,summary,"{""dim"": 128, ""method"": ""solar_orthogonal"", ""metric"": ""within_label_silhouette__patientGroup"", ""population"": ""query"", ""stat"": ""sd""}"
Table S9 (arms)-03219,si,Table S9 (arms),0/1,summary,"{""dim"": 128, ""method"": ""solar_orthogonal"", ""metric"": ""within_label_silhouette__patientGroup"", ""population"": ""query"", ""stat"": ""D""}"
Table S9 (arms)-03220,si,Table S9 (arms),0/3,summary,"{""dim"": 128, ""method"": ""solar_orthogonal"", ""metric"": ""within_label_silhouette__patientGroup"", ""population"": ""query"", ""stat"": ""B""}"
Table S9 (arms)-03221,si,Table S9 (arms),0/15,summary,"{""dim"": 128, ""method"": ""solar_orthogonal"", ""metric"": ""within_label_silhouette__patientGroup"", ""population"": ""query"", ""stat"": ""F""}"
Table S9 (arms)-03222,si,Table S9 (arms),"C,S",summary,"{""dim"": 128, ""method"": ""solar_orthogonal"", ""metric"": ""within_label_silhouette__patientGroup"", ""population"": ""query"", ""stat"": ""na_code""}"
Table S9 (arms)-03223,si,Table S9 (arms),0.250,summary,"{""dim"": 128, ""method"": ""solar_orthogonal"", ""metric"": ""within_label_silhouette__patientGroup"", ""population"": ""reference"", ""stat"": ""mean""}"
Table S9 (arms)-03224,si,Table S9 (arms),0.024,summary,"{""dim"": 128, ""method"": ""solar_orthogonal"", ""metric"": ""within_label_silhouette__patientGroup"", ""population"": ""reference"", ""stat"": ""sd""}"
Table S9 (arms)-03225,si,Table S9 (arms),1/1,summary,"{""dim"": 128, ""method"": ""solar_orthogonal"", ""metric"": ""within_label_silhouette__patientGroup"", ""population"": ""reference"", ""stat"": ""D""}"
Table S9 (arms)-03226,si,Table S9 (arms),3/3,summary,"{""dim"": 128, ""method"": ""solar_orthogonal"", ""metric"": ""within_label_silhouette__patientGroup"", ""population"": ""reference"", ""stat"": ""B""}"
Table S9 (arms)-03227,si,Table S9 (arms),15/15,summary,"{""dim"": 128, ""method"": ""solar_orthogonal"", ""metric"": ""within_label_silhouette__patientGroup"", ""population"": ""reference"", ""stat"": ""F""}"
Table S9 (arms)-03228,si,Table S9 (arms),S,summary,"{""dim"": 128, ""method"": ""solar_orthogonal"", ""metric"": ""within_label_silhouette__patientGroup"", ""population"": ""reference"", ""stat"": ""na_code""}"
Table S9 (arms)-03229,si,Table S9 (arms),0.007,summary,"{""dim"": 128, ""method"": ""solar_orthogonal"", ""metric"": ""within_label_silhouette__sample_ID"", ""population"": ""joint"", ""stat"": ""mean""}"
Table S9 (arms)-03230,si,Table S9 (arms),0.023,summary,"{""dim"": 128, ""method"": ""solar_orthogonal"", ""metric"": ""within_label_silhouette__sample_ID"", ""population"": ""joint"", ""stat"": ""sd""}"
Table S9 (arms)-03231,si,Table S9 (arms),1/1,summary,"{""dim"": 128, ""method"": ""solar_orthogonal"", ""metric"": ""within_label_silhouette__sample_ID"", ""population"": ""joint"", ""stat"": ""D""}"
Table S9 (arms)-03232,si,Table S9 (arms),3/3,summary,"{""dim"": 128, ""method"": ""solar_orthogonal"", ""metric"": ""within_label_silhouette__sample_ID"", ""population"": ""joint"", ""stat"": ""B""}"
Table S9 (arms)-03233,si,Table S9 (arms),15/15,summary,"{""dim"": 128, ""method"": ""solar_orthogonal"", ""metric"": ""within_label_silhouette__sample_ID"", ""population"": ""joint"", ""stat"": ""F""}"
Table S9 (arms)-03234,si,Table S9 (arms),S,summary,"{""dim"": 128, ""method"": ""solar_orthogonal"", ""metric"": ""within_label_silhouette__sample_ID"", ""population"": ""joint"", ""stat"": ""na_code""}"
Table S9 (arms)-03235,si,Table S9 (arms),NA,summary,"{""dim"": 128, ""method"": ""solar_orthogonal"", ""metric"": ""within_label_silhouette__sample_ID"", ""population"": ""query"", ""stat"": ""mean""}"
Table S9 (arms)-03236,si,Table S9 (arms),–,summary,"{""dim"": 128, ""method"": ""solar_orthogonal"", ""metric"": ""within_label_silhouette__sample_ID"", ""population"": ""query"", ""stat"": ""sd""}"
Table S9 (arms)-03237,si,Table S9 (arms),0/1,summary,"{""dim"": 128, ""method"": ""solar_orthogonal"", ""metric"": ""within_label_silhouette__sample_ID"", ""population"": ""query"", ""stat"": ""D""}"
Table S9 (arms)-03238,si,Table S9 (arms),0/3,summary,"{""dim"": 128, ""method"": ""solar_orthogonal"", ""metric"": ""within_label_silhouette__sample_ID"", ""population"": ""query"", ""stat"": ""B""}"
Table S9 (arms)-03239,si,Table S9 (arms),0/15,summary,"{""dim"": 128, ""method"": ""solar_orthogonal"", ""metric"": ""within_label_silhouette__sample_ID"", ""population"": ""query"", ""stat"": ""F""}"
Table S9 (arms)-03240,si,Table S9 (arms),"C,S",summary,"{""dim"": 128, ""method"": ""solar_orthogonal"", ""metric"": ""within_label_silhouette__sample_ID"", ""population"": ""query"", ""stat"": ""na_code""}"
Table S9 (arms)-03241,si,Table S9 (arms),0.001,summary,"{""dim"": 128, ""method"": ""solar_orthogonal"", ""metric"": ""within_label_silhouette__sample_ID"", ""population"": ""reference"", ""stat"": ""mean""}"
Table S9 (arms)-03242,si,Table S9 (arms),0.015,summary,"{""dim"": 128, ""method"": ""solar_orthogonal"", ""metric"": ""within_label_silhouette__sample_ID"", ""population"": ""reference"", ""stat"": ""sd""}"
Table S9 (arms)-03243,si,Table S9 (arms),1/1,summary,"{""dim"": 128, ""method"": ""solar_orthogonal"", ""metric"": ""within_label_silhouette__sample_ID"", ""population"": ""reference"", ""stat"": ""D""}"
Table S9 (arms)-03244,si,Table S9 (arms),3/3,summary,"{""dim"": 128, ""method"": ""solar_orthogonal"", ""metric"": ""within_label_silhouette__sample_ID"", ""population"": ""reference"", ""stat"": ""B""}"
Table S9 (arms)-03245,si,Table S9 (arms),15/15,summary,"{""dim"": 128, ""method"": ""solar_orthogonal"", ""metric"": ""within_label_silhouette__sample_ID"", ""population"": ""reference"", ""stat"": ""F""}"
Table S9 (arms)-03246,si,Table S9 (arms),S,summary,"{""dim"": 128, ""method"": ""solar_orthogonal"", ""metric"": ""within_label_silhouette__sample_ID"", ""population"": ""reference"", ""stat"": ""na_code""}"
Table S9 (arms)-03247,si,Table S9 (arms),0.007,summary,"{""dim"": 128, ""method"": ""solar_orthogonal"", ""metric"": ""within_label_silhouette__study"", ""population"": ""joint"", ""stat"": ""mean""}"
Table S9 (arms)-03248,si,Table S9 (arms),0.023,summary,"{""dim"": 128, ""method"": ""solar_orthogonal"", ""metric"": ""within_label_silhouette__study"", ""population"": ""joint"", ""stat"": ""sd""}"
Table S9 (arms)-03249,si,Table S9 (arms),1/1,summary,"{""dim"": 128, ""method"": ""solar_orthogonal"", ""metric"": ""within_label_silhouette__study"", ""population"": ""joint"", ""stat"": ""D""}"
Table S9 (arms)-03250,si,Table S9 (arms),3/3,summary,"{""dim"": 128, ""method"": ""solar_orthogonal"", ""metric"": ""within_label_silhouette__study"", ""population"": ""joint"", ""stat"": ""B""}"
Table S9 (arms)-03251,si,Table S9 (arms),15/15,summary,"{""dim"": 128, ""method"": ""solar_orthogonal"", ""metric"": ""within_label_silhouette__study"", ""population"": ""joint"", ""stat"": ""F""}"
Table S9 (arms)-03252,si,Table S9 (arms),S,summary,"{""dim"": 128, ""method"": ""solar_orthogonal"", ""metric"": ""within_label_silhouette__study"", ""population"": ""joint"", ""stat"": ""na_code""}"
Table S9 (arms)-03253,si,Table S9 (arms),NA,summary,"{""dim"": 128, ""method"": ""solar_orthogonal"", ""metric"": ""within_label_silhouette__study"", ""population"": ""query"", ""stat"": ""mean""}"
Table S9 (arms)-03254,si,Table S9 (arms),–,summary,"{""dim"": 128, ""method"": ""solar_orthogonal"", ""metric"": ""within_label_silhouette__study"", ""population"": ""query"", ""stat"": ""sd""}"
Table S9 (arms)-03255,si,Table S9 (arms),0/1,summary,"{""dim"": 128, ""method"": ""solar_orthogonal"", ""metric"": ""within_label_silhouette__study"", ""population"": ""query"", ""stat"": ""D""}"
Table S9 (arms)-03256,si,Table S9 (arms),0/3,summary,"{""dim"": 128, ""method"": ""solar_orthogonal"", ""metric"": ""within_label_silhouette__study"", ""population"": ""query"", ""stat"": ""B""}"
Table S9 (arms)-03257,si,Table S9 (arms),0/15,summary,"{""dim"": 128, ""method"": ""solar_orthogonal"", ""metric"": ""within_label_silhouette__study"", ""population"": ""query"", ""stat"": ""F""}"
Table S9 (arms)-03258,si,Table S9 (arms),"C,S",summary,"{""dim"": 128, ""method"": ""solar_orthogonal"", ""metric"": ""within_label_silhouette__study"", ""population"": ""query"", ""stat"": ""na_code""}"
Table S9 (arms)-03259,si,Table S9 (arms),0.001,summary,"{""dim"": 128, ""method"": ""solar_orthogonal"", ""metric"": ""within_label_silhouette__study"", ""population"": ""reference"", ""stat"": ""mean""}"
Table S9 (arms)-03260,si,Table S9 (arms),0.015,summary,"{""dim"": 128, ""method"": ""solar_orthogonal"", ""metric"": ""within_label_silhouette__study"", ""population"": ""reference"", ""stat"": ""sd""}"
Table S9 (arms)-03261,si,Table S9 (arms),1/1,summary,"{""dim"": 128, ""method"": ""solar_orthogonal"", ""metric"": ""within_label_silhouette__study"", ""population"": ""reference"", ""stat"": ""D""}"
Table S9 (arms)-03262,si,Table S9 (arms),3/3,summary,"{""dim"": 128, ""method"": ""solar_orthogonal"", ""metric"": ""within_label_silhouette__study"", ""population"": ""reference"", ""stat"": ""B""}"
Table S9 (arms)-03263,si,Table S9 (arms),15/15,summary,"{""dim"": 128, ""method"": ""solar_orthogonal"", ""metric"": ""within_label_silhouette__study"", ""population"": ""reference"", ""stat"": ""F""}"
Table S9 (arms)-03264,si,Table S9 (arms),S,summary,"{""dim"": 128, ""method"": ""solar_orthogonal"", ""metric"": ""within_label_silhouette__study"", ""population"": ""reference"", ""stat"": ""na_code""}"
Table S9 (arms)-03265,si,Table S9 (arms),0.390,summary,"{""dim"": 128, ""method"": ""solar_orthogonal_uniq"", ""metric"": ""ARI_cluster/label"", ""population"": ""joint"", ""stat"": ""mean""}"
Table S9 (arms)-03266,si,Table S9 (arms),0.076,summary,"{""dim"": 128, ""method"": ""solar_orthogonal_uniq"", ""metric"": ""ARI_cluster/label"", ""population"": ""joint"", ""stat"": ""sd""}"
Table S9 (arms)-03267,si,Table S9 (arms),3/3,summary,"{""dim"": 128, ""method"": ""solar_orthogonal_uniq"", ""metric"": ""ARI_cluster/label"", ""population"": ""joint"", ""stat"": ""D""}"
Table S9 (arms)-03268,si,Table S9 (arms),9/9,summary,"{""dim"": 128, ""method"": ""solar_orthogonal_uniq"", ""metric"": ""ARI_cluster/label"", ""population"": ""joint"", ""stat"": ""B""}"
Table S9 (arms)-03269,si,Table S9 (arms),45/45,summary,"{""dim"": 128, ""method"": ""solar_orthogonal_uniq"", ""metric"": ""ARI_cluster/label"", ""population"": ""joint"", ""stat"": ""F""}"
Table S9 (arms)-03270,si,Table S9 (arms),–,summary,"{""dim"": 128, ""method"": ""solar_orthogonal_uniq"", ""metric"": ""ARI_cluster/label"", ""population"": ""joint"", ""stat"": ""na_code""}"
Table S9 (arms)-03271,si,Table S9 (arms),0.844,summary,"{""dim"": 128, ""method"": ""solar_orthogonal_uniq"", ""metric"": ""ASW_label"", ""population"": ""joint"", ""stat"": ""mean""}"
Table S9 (arms)-03272,si,Table S9 (arms),0.039,summary,"{""dim"": 128, ""method"": ""solar_orthogonal_uniq"", ""metric"": ""ASW_label"", ""population"": ""joint"", ""stat"": ""sd""}"
Table S9 (arms)-03273,si,Table S9 (arms),3/3,summary,"{""dim"": 128, ""method"": ""solar_orthogonal_uniq"", ""metric"": ""ASW_label"", ""population"": ""joint"", ""stat"": ""D""}"
Table S9 (arms)-03274,si,Table S9 (arms),9/9,summary,"{""dim"": 128, ""method"": ""solar_orthogonal_uniq"", ""metric"": ""ASW_label"", ""population"": ""joint"", ""stat"": ""B""}"
Table S9 (arms)-03275,si,Table S9 (arms),45/45,summary,"{""dim"": 128, ""method"": ""solar_orthogonal_uniq"", ""metric"": ""ASW_label"", ""population"": ""joint"", ""stat"": ""F""}"
Table S9 (arms)-03276,si,Table S9 (arms),–,summary,"{""dim"": 128, ""method"": ""solar_orthogonal_uniq"", ""metric"": ""ASW_label"", ""population"": ""joint"", ""stat"": ""na_code""}"
Table S9 (arms)-03277,si,Table S9 (arms),0.868,summary,"{""dim"": 128, ""method"": ""solar_orthogonal_uniq"", ""metric"": ""ASW_label/batch"", ""population"": ""joint"", ""stat"": ""mean""}"
Table S9 (arms)-03278,si,Table S9 (arms),0.014,summary,"{""dim"": 128, ""method"": ""solar_orthogonal_uniq"", ""metric"": ""ASW_label/batch"", ""population"": ""joint"", ""stat"": ""sd""}"
Table S9 (arms)-03279,si,Table S9 (arms),3/3,summary,"{""dim"": 128, ""method"": ""solar_orthogonal_uniq"", ""metric"": ""ASW_label/batch"", ""population"": ""joint"", ""stat"": ""D""}"
Table S9 (arms)-03280,si,Table S9 (arms),9/9,summary,"{""dim"": 128, ""method"": ""solar_orthogonal_uniq"", ""metric"": ""ASW_label/batch"", ""population"": ""joint"", ""stat"": ""B""}"
Table S9 (arms)-03281,si,Table S9 (arms),45/45,summary,"{""dim"": 128, ""method"": ""solar_orthogonal_uniq"", ""metric"": ""ASW_label/batch"", ""population"": ""joint"", ""stat"": ""F""}"
Table S9 (arms)-03282,si,Table S9 (arms),–,summary,"{""dim"": 128, ""method"": ""solar_orthogonal_uniq"", ""metric"": ""ASW_label/batch"", ""population"": ""joint"", ""stat"": ""na_code""}"
Table S9 (arms)-03283,si,Table S9 (arms),0.754,summary,"{""dim"": 128, ""method"": ""solar_orthogonal_uniq"", ""metric"": ""NMI_cluster/label"", ""population"": ""joint"", ""stat"": ""mean""}"
Table S9 (arms)-03284,si,Table S9 (arms),0.035,summary,"{""dim"": 128, ""method"": ""solar_orthogonal_uniq"", ""metric"": ""NMI_cluster/label"", ""population"": ""joint"", ""stat"": ""sd""}"
Table S9 (arms)-03285,si,Table S9 (arms),3/3,summary,"{""dim"": 128, ""method"": ""solar_orthogonal_uniq"", ""metric"": ""NMI_cluster/label"", ""population"": ""joint"", ""stat"": ""D""}"
Table S9 (arms)-03286,si,Table S9 (arms),9/9,summary,"{""dim"": 128, ""method"": ""solar_orthogonal_uniq"", ""metric"": ""NMI_cluster/label"", ""population"": ""joint"", ""stat"": ""B""}"
Table S9 (arms)-03287,si,Table S9 (arms),45/45,summary,"{""dim"": 128, ""method"": ""solar_orthogonal_uniq"", ""metric"": ""NMI_cluster/label"", ""population"": ""joint"", ""stat"": ""F""}"
Table S9 (arms)-03288,si,Table S9 (arms),–,summary,"{""dim"": 128, ""method"": ""solar_orthogonal_uniq"", ""metric"": ""NMI_cluster/label"", ""population"": ""joint"", ""stat"": ""na_code""}"
Table S9 (arms)-03289,si,Table S9 (arms),0.751,summary,"{""dim"": 128, ""method"": ""solar_orthogonal_uniq"", ""metric"": ""PCR_batch"", ""population"": ""joint"", ""stat"": ""mean""}"
Table S9 (arms)-03290,si,Table S9 (arms),0.138,summary,"{""dim"": 128, ""method"": ""solar_orthogonal_uniq"", ""metric"": ""PCR_batch"", ""population"": ""joint"", ""stat"": ""sd""}"
Table S9 (arms)-03291,si,Table S9 (arms),3/3,summary,"{""dim"": 128, ""method"": ""solar_orthogonal_uniq"", ""metric"": ""PCR_batch"", ""population"": ""joint"", ""stat"": ""D""}"
Table S9 (arms)-03292,si,Table S9 (arms),9/9,summary,"{""dim"": 128, ""method"": ""solar_orthogonal_uniq"", ""metric"": ""PCR_batch"", ""population"": ""joint"", ""stat"": ""B""}"
Table S9 (arms)-03293,si,Table S9 (arms),45/45,summary,"{""dim"": 128, ""method"": ""solar_orthogonal_uniq"", ""metric"": ""PCR_batch"", ""population"": ""joint"", ""stat"": ""F""}"
Table S9 (arms)-03294,si,Table S9 (arms),–,summary,"{""dim"": 128, ""method"": ""solar_orthogonal_uniq"", ""metric"": ""PCR_batch"", ""population"": ""joint"", ""stat"": ""na_code""}"
Table S9 (arms)-03295,si,Table S9 (arms),0.838,summary,"{""dim"": 128, ""method"": ""solar_orthogonal_uniq"", ""metric"": ""balanced_accuracy"", ""population"": ""query"", ""stat"": ""mean""}"
Table S9 (arms)-03296,si,Table S9 (arms),0.084,summary,"{""dim"": 128, ""method"": ""solar_orthogonal_uniq"", ""metric"": ""balanced_accuracy"", ""population"": ""query"", ""stat"": ""sd""}"
Table S9 (arms)-03297,si,Table S9 (arms),3/3,summary,"{""dim"": 128, ""method"": ""solar_orthogonal_uniq"", ""metric"": ""balanced_accuracy"", ""population"": ""query"", ""stat"": ""D""}"
Table S9 (arms)-03298,si,Table S9 (arms),9/9,summary,"{""dim"": 128, ""method"": ""solar_orthogonal_uniq"", ""metric"": ""balanced_accuracy"", ""population"": ""query"", ""stat"": ""B""}"
Table S9 (arms)-03299,si,Table S9 (arms),45/45,summary,"{""dim"": 128, ""method"": ""solar_orthogonal_uniq"", ""metric"": ""balanced_accuracy"", ""population"": ""query"", ""stat"": ""F""}"
Table S9 (arms)-03300,si,Table S9 (arms),–,summary,"{""dim"": 128, ""method"": ""solar_orthogonal_uniq"", ""metric"": ""balanced_accuracy"", ""population"": ""query"", ""stat"": ""na_code""}"
Table S9 (arms)-03301,si,Table S9 (arms),1.000,summary,"{""dim"": 128, ""method"": ""solar_orthogonal_uniq"", ""metric"": ""cLISI"", ""population"": ""joint"", ""stat"": ""mean""}"
Table S9 (arms)-03302,si,Table S9 (arms),0.000,summary,"{""dim"": 128, ""method"": ""solar_orthogonal_uniq"", ""metric"": ""cLISI"", ""population"": ""joint"", ""stat"": ""sd""}"
Table S9 (arms)-03303,si,Table S9 (arms),3/3,summary,"{""dim"": 128, ""method"": ""solar_orthogonal_uniq"", ""metric"": ""cLISI"", ""population"": ""joint"", ""stat"": ""D""}"
Table S9 (arms)-03304,si,Table S9 (arms),9/9,summary,"{""dim"": 128, ""method"": ""solar_orthogonal_uniq"", ""metric"": ""cLISI"", ""population"": ""joint"", ""stat"": ""B""}"
Table S9 (arms)-03305,si,Table S9 (arms),45/45,summary,"{""dim"": 128, ""method"": ""solar_orthogonal_uniq"", ""metric"": ""cLISI"", ""population"": ""joint"", ""stat"": ""F""}"
Table S9 (arms)-03306,si,Table S9 (arms),–,summary,"{""dim"": 128, ""method"": ""solar_orthogonal_uniq"", ""metric"": ""cLISI"", ""population"": ""joint"", ""stat"": ""na_code""}"
Table S9 (arms)-03307,si,Table S9 (arms),0.571,summary,"{""dim"": 128, ""method"": ""solar_orthogonal_uniq"", ""metric"": ""cell_cycle_conservation"", ""population"": ""joint"", ""stat"": ""mean""}"
Table S9 (arms)-03308,si,Table S9 (arms),0.188,summary,"{""dim"": 128, ""method"": ""solar_orthogonal_uniq"", ""metric"": ""cell_cycle_conservation"", ""population"": ""joint"", ""stat"": ""sd""}"
Table S9 (arms)-03309,si,Table S9 (arms),3/3,summary,"{""dim"": 128, ""method"": ""solar_orthogonal_uniq"", ""metric"": ""cell_cycle_conservation"", ""population"": ""joint"", ""stat"": ""D""}"
Table S9 (arms)-03310,si,Table S9 (arms),9/9,summary,"{""dim"": 128, ""method"": ""solar_orthogonal_uniq"", ""metric"": ""cell_cycle_conservation"", ""population"": ""joint"", ""stat"": ""B""}"
Table S9 (arms)-03311,si,Table S9 (arms),45/45,summary,"{""dim"": 128, ""method"": ""solar_orthogonal_uniq"", ""metric"": ""cell_cycle_conservation"", ""population"": ""joint"", ""stat"": ""F""}"
Table S9 (arms)-03312,si,Table S9 (arms),–,summary,"{""dim"": 128, ""method"": ""solar_orthogonal_uniq"", ""metric"": ""cell_cycle_conservation"", ""population"": ""joint"", ""stat"": ""na_code""}"
Table S9 (arms)-03313,si,Table S9 (arms),NA,summary,"{""dim"": 128, ""method"": ""solar_orthogonal_uniq"", ""metric"": ""hvg_overlap"", ""population"": ""joint"", ""stat"": ""mean""}"
Table S9 (arms)-03314,si,Table S9 (arms),–,summary,"{""dim"": 128, ""method"": ""solar_orthogonal_uniq"", ""metric"": ""hvg_overlap"", ""population"": ""joint"", ""stat"": ""sd""}"
Table S9 (arms)-03315,si,Table S9 (arms),0/3,summary,"{""dim"": 128, ""method"": ""solar_orthogonal_uniq"", ""metric"": ""hvg_overlap"", ""population"": ""joint"", ""stat"": ""D""}"
Table S9 (arms)-03316,si,Table S9 (arms),0/9,summary,"{""dim"": 128, ""method"": ""solar_orthogonal_uniq"", ""metric"": ""hvg_overlap"", ""population"": ""joint"", ""stat"": ""B""}"
Table S9 (arms)-03317,si,Table S9 (arms),0/45,summary,"{""dim"": 128, ""method"": ""solar_orthogonal_uniq"", ""metric"": ""hvg_overlap"", ""population"": ""joint"", ""stat"": ""F""}"
Table S9 (arms)-03318,si,Table S9 (arms),H,summary,"{""dim"": 128, ""method"": ""solar_orthogonal_uniq"", ""metric"": ""hvg_overlap"", ""population"": ""joint"", ""stat"": ""na_code""}"
Table S9 (arms)-03319,si,Table S9 (arms),0.841,summary,"{""dim"": 128, ""method"": ""solar_orthogonal_uniq"", ""metric"": ""iLISI"", ""population"": ""joint"", ""stat"": ""mean""}"
Table S9 (arms)-03320,si,Table S9 (arms),0.175,summary,"{""dim"": 128, ""method"": ""solar_orthogonal_uniq"", ""metric"": ""iLISI"", ""population"": ""joint"", ""stat"": ""sd""}"
Table S9 (arms)-03321,si,Table S9 (arms),3/3,summary,"{""dim"": 128, ""method"": ""solar_orthogonal_uniq"", ""metric"": ""iLISI"", ""population"": ""joint"", ""stat"": ""D""}"
Table S9 (arms)-03322,si,Table S9 (arms),9/9,summary,"{""dim"": 128, ""method"": ""solar_orthogonal_uniq"", ""metric"": ""iLISI"", ""population"": ""joint"", ""stat"": ""B""}"
Table S9 (arms)-03323,si,Table S9 (arms),45/45,summary,"{""dim"": 128, ""method"": ""solar_orthogonal_uniq"", ""metric"": ""iLISI"", ""population"": ""joint"", ""stat"": ""F""}"
Table S9 (arms)-03324,si,Table S9 (arms),–,summary,"{""dim"": 128, ""method"": ""solar_orthogonal_uniq"", ""metric"": ""iLISI"", ""population"": ""joint"", ""stat"": ""na_code""}"
Table S9 (arms)-03325,si,Table S9 (arms),0.501,summary,"{""dim"": 128, ""method"": ""solar_orthogonal_uniq"", ""metric"": ""isolated_label_silhouette"", ""population"": ""joint"", ""stat"": ""mean""}"
Table S9 (arms)-03326,si,Table S9 (arms),0.010,summary,"{""dim"": 128, ""method"": ""solar_orthogonal_uniq"", ""metric"": ""isolated_label_silhouette"", ""population"": ""joint"", ""stat"": ""sd""}"
Table S9 (arms)-03327,si,Table S9 (arms),3/3,summary,"{""dim"": 128, ""method"": ""solar_orthogonal_uniq"", ""metric"": ""isolated_label_silhouette"", ""population"": ""joint"", ""stat"": ""D""}"
Table S9 (arms)-03328,si,Table S9 (arms),9/9,summary,"{""dim"": 128, ""method"": ""solar_orthogonal_uniq"", ""metric"": ""isolated_label_silhouette"", ""population"": ""joint"", ""stat"": ""B""}"
Table S9 (arms)-03329,si,Table S9 (arms),45/45,summary,"{""dim"": 128, ""method"": ""solar_orthogonal_uniq"", ""metric"": ""isolated_label_silhouette"", ""population"": ""joint"", ""stat"": ""F""}"
Table S9 (arms)-03330,si,Table S9 (arms),–,summary,"{""dim"": 128, ""method"": ""solar_orthogonal_uniq"", ""metric"": ""isolated_label_silhouette"", ""population"": ""joint"", ""stat"": ""na_code""}"
Table S9 (arms)-03331,si,Table S9 (arms),0.813,summary,"{""dim"": 128, ""method"": ""solar_orthogonal_uniq"", ""metric"": ""macro_f1"", ""population"": ""query"", ""stat"": ""mean""}"
Table S9 (arms)-03332,si,Table S9 (arms),0.118,summary,"{""dim"": 128, ""method"": ""solar_orthogonal_uniq"", ""metric"": ""macro_f1"", ""population"": ""query"", ""stat"": ""sd""}"
Table S9 (arms)-03333,si,Table S9 (arms),3/3,summary,"{""dim"": 128, ""method"": ""solar_orthogonal_uniq"", ""metric"": ""macro_f1"", ""population"": ""query"", ""stat"": ""D""}"
Table S9 (arms)-03334,si,Table S9 (arms),9/9,summary,"{""dim"": 128, ""method"": ""solar_orthogonal_uniq"", ""metric"": ""macro_f1"", ""population"": ""query"", ""stat"": ""B""}"
Table S9 (arms)-03335,si,Table S9 (arms),45/45,summary,"{""dim"": 128, ""method"": ""solar_orthogonal_uniq"", ""metric"": ""macro_f1"", ""population"": ""query"", ""stat"": ""F""}"
Table S9 (arms)-03336,si,Table S9 (arms),–,summary,"{""dim"": 128, ""method"": ""solar_orthogonal_uniq"", ""metric"": ""macro_f1"", ""population"": ""query"", ""stat"": ""na_code""}"
Table S9 (arms)-03337,si,Table S9 (arms),0.878,summary,"{""dim"": 128, ""method"": ""solar_orthogonal_uniq"", ""metric"": ""pseudotime_smoothness"", ""population"": ""joint"", ""stat"": ""mean""}"
Table S9 (arms)-03338,si,Table S9 (arms),0.007,summary,"{""dim"": 128, ""method"": ""solar_orthogonal_uniq"", ""metric"": ""pseudotime_smoothness"", ""population"": ""joint"", ""stat"": ""sd""}"
Table S9 (arms)-03339,si,Table S9 (arms),1/1,summary,"{""dim"": 128, ""method"": ""solar_orthogonal_uniq"", ""metric"": ""pseudotime_smoothness"", ""population"": ""joint"", ""stat"": ""D""}"
Table S9 (arms)-03340,si,Table S9 (arms),3/3,summary,"{""dim"": 128, ""method"": ""solar_orthogonal_uniq"", ""metric"": ""pseudotime_smoothness"", ""population"": ""joint"", ""stat"": ""B""}"
Table S9 (arms)-03341,si,Table S9 (arms),15/15,summary,"{""dim"": 128, ""method"": ""solar_orthogonal_uniq"", ""metric"": ""pseudotime_smoothness"", ""population"": ""joint"", ""stat"": ""F""}"
Table S9 (arms)-03342,si,Table S9 (arms),S,summary,"{""dim"": 128, ""method"": ""solar_orthogonal_uniq"", ""metric"": ""pseudotime_smoothness"", ""population"": ""joint"", ""stat"": ""na_code""}"
Table S9 (arms)-03343,si,Table S9 (arms),0.953,summary,"{""dim"": 128, ""method"": ""solar_orthogonal_uniq"", ""metric"": ""pseudotime_smoothness"", ""population"": ""query"", ""stat"": ""mean""}"
Table S9 (arms)-03344,si,Table S9 (arms),–,summary,"{""dim"": 128, ""method"": ""solar_orthogonal_uniq"", ""metric"": ""pseudotime_smoothness"", ""population"": ""query"", ""stat"": ""sd""}"
Table S9 (arms)-03345,si,Table S9 (arms),1/1,summary,"{""dim"": 128, ""method"": ""solar_orthogonal_uniq"", ""metric"": ""pseudotime_smoothness"", ""population"": ""query"", ""stat"": ""D""}"
Table S9 (arms)-03346,si,Table S9 (arms),1/3,summary,"{""dim"": 128, ""method"": ""solar_orthogonal_uniq"", ""metric"": ""pseudotime_smoothness"", ""population"": ""query"", ""stat"": ""B""}"
Table S9 (arms)-03347,si,Table S9 (arms),5/15,summary,"{""dim"": 128, ""method"": ""solar_orthogonal_uniq"", ""metric"": ""pseudotime_smoothness"", ""population"": ""query"", ""stat"": ""F""}"
Table S9 (arms)-03348,si,Table S9 (arms),"P,S",summary,"{""dim"": 128, ""method"": ""solar_orthogonal_uniq"", ""metric"": ""pseudotime_smoothness"", ""population"": ""query"", ""stat"": ""na_code""}"
Table S9 (arms)-03349,si,Table S9 (arms),0.857,summary,"{""dim"": 128, ""method"": ""solar_orthogonal_uniq"", ""metric"": ""pseudotime_smoothness"", ""population"": ""reference"", ""stat"": ""mean""}"
Table S9 (arms)-03350,si,Table S9 (arms),0.043,summary,"{""dim"": 128, ""method"": ""solar_orthogonal_uniq"", ""metric"": ""pseudotime_smoothness"", ""population"": ""reference"", ""stat"": ""sd""}"
Table S9 (arms)-03351,si,Table S9 (arms),1/1,summary,"{""dim"": 128, ""method"": ""solar_orthogonal_uniq"", ""metric"": ""pseudotime_smoothness"", ""population"": ""reference"", ""stat"": ""D""}"
Table S9 (arms)-03352,si,Table S9 (arms),3/3,summary,"{""dim"": 128, ""method"": ""solar_orthogonal_uniq"", ""metric"": ""pseudotime_smoothness"", ""population"": ""reference"", ""stat"": ""B""}"
Table S9 (arms)-03353,si,Table S9 (arms),15/15,summary,"{""dim"": 128, ""method"": ""solar_orthogonal_uniq"", ""metric"": ""pseudotime_smoothness"", ""population"": ""reference"", ""stat"": ""F""}"
Table S9 (arms)-03354,si,Table S9 (arms),S,summary,"{""dim"": 128, ""method"": ""solar_orthogonal_uniq"", ""metric"": ""pseudotime_smoothness"", ""population"": ""reference"", ""stat"": ""na_code""}"
Table S9 (arms)-03355,si,Table S9 (arms),0.762,summary,"{""dim"": 128, ""method"": ""solar_orthogonal_uniq"", ""metric"": ""trajectory"", ""population"": ""joint"", ""stat"": ""mean""}"
Table S9 (arms)-03356,si,Table S9 (arms),0.105,summary,"{""dim"": 128, ""method"": ""solar_orthogonal_uniq"", ""metric"": ""trajectory"", ""population"": ""joint"", ""stat"": ""sd""}"
Table S9 (arms)-03357,si,Table S9 (arms),1/1,summary,"{""dim"": 128, ""method"": ""solar_orthogonal_uniq"", ""metric"": ""trajectory"", ""population"": ""joint"", ""stat"": ""D""}"
Table S9 (arms)-03358,si,Table S9 (arms),3/3,summary,"{""dim"": 128, ""method"": ""solar_orthogonal_uniq"", ""metric"": ""trajectory"", ""population"": ""joint"", ""stat"": ""B""}"
Table S9 (arms)-03359,si,Table S9 (arms),15/15,summary,"{""dim"": 128, ""method"": ""solar_orthogonal_uniq"", ""metric"": ""trajectory"", ""population"": ""joint"", ""stat"": ""F""}"
Table S9 (arms)-03360,si,Table S9 (arms),T,summary,"{""dim"": 128, ""method"": ""solar_orthogonal_uniq"", ""metric"": ""trajectory"", ""population"": ""joint"", ""stat"": ""na_code""}"
Table S9 (arms)-03361,si,Table S9 (arms),0.951,summary,"{""dim"": 128, ""method"": ""solar_orthogonal_uniq"", ""metric"": ""trustworthiness"", ""population"": ""joint"", ""stat"": ""mean""}"
Table S9 (arms)-03362,si,Table S9 (arms),0.010,summary,"{""dim"": 128, ""method"": ""solar_orthogonal_uniq"", ""metric"": ""trustworthiness"", ""population"": ""joint"", ""stat"": ""sd""}"
Table S9 (arms)-03363,si,Table S9 (arms),2/2,summary,"{""dim"": 128, ""method"": ""solar_orthogonal_uniq"", ""metric"": ""trustworthiness"", ""population"": ""joint"", ""stat"": ""D""}"
Table S9 (arms)-03364,si,Table S9 (arms),6/6,summary,"{""dim"": 128, ""method"": ""solar_orthogonal_uniq"", ""metric"": ""trustworthiness"", ""population"": ""joint"", ""stat"": ""B""}"
Table S9 (arms)-03365,si,Table S9 (arms),30/30,summary,"{""dim"": 128, ""method"": ""solar_orthogonal_uniq"", ""metric"": ""trustworthiness"", ""population"": ""joint"", ""stat"": ""F""}"
Table S9 (arms)-03366,si,Table S9 (arms),S,summary,"{""dim"": 128, ""method"": ""solar_orthogonal_uniq"", ""metric"": ""trustworthiness"", ""population"": ""joint"", ""stat"": ""na_code""}"
Table S9 (arms)-03367,si,Table S9 (arms),0.947,summary,"{""dim"": 128, ""method"": ""solar_orthogonal_uniq"", ""metric"": ""trustworthiness"", ""population"": ""query"", ""stat"": ""mean""}"
Table S9 (arms)-03368,si,Table S9 (arms),0.010,summary,"{""dim"": 128, ""method"": ""solar_orthogonal_uniq"", ""metric"": ""trustworthiness"", ""population"": ""query"", ""stat"": ""sd""}"
Table S9 (arms)-03369,si,Table S9 (arms),2/2,summary,"{""dim"": 128, ""method"": ""solar_orthogonal_uniq"", ""metric"": ""trustworthiness"", ""population"": ""query"", ""stat"": ""D""}"
Table S9 (arms)-03370,si,Table S9 (arms),6/6,summary,"{""dim"": 128, ""method"": ""solar_orthogonal_uniq"", ""metric"": ""trustworthiness"", ""population"": ""query"", ""stat"": ""B""}"
Table S9 (arms)-03371,si,Table S9 (arms),30/30,summary,"{""dim"": 128, ""method"": ""solar_orthogonal_uniq"", ""metric"": ""trustworthiness"", ""population"": ""query"", ""stat"": ""F""}"
Table S9 (arms)-03372,si,Table S9 (arms),S,summary,"{""dim"": 128, ""method"": ""solar_orthogonal_uniq"", ""metric"": ""trustworthiness"", ""population"": ""query"", ""stat"": ""na_code""}"
Table S9 (arms)-03373,si,Table S9 (arms),0.947,summary,"{""dim"": 128, ""method"": ""solar_orthogonal_uniq"", ""metric"": ""trustworthiness"", ""population"": ""reference"", ""stat"": ""mean""}"
Table S9 (arms)-03374,si,Table S9 (arms),0.012,summary,"{""dim"": 128, ""method"": ""solar_orthogonal_uniq"", ""metric"": ""trustworthiness"", ""population"": ""reference"", ""stat"": ""sd""}"
Table S9 (arms)-03375,si,Table S9 (arms),2/2,summary,"{""dim"": 128, ""method"": ""solar_orthogonal_uniq"", ""metric"": ""trustworthiness"", ""population"": ""reference"", ""stat"": ""D""}"
Table S9 (arms)-03376,si,Table S9 (arms),6/6,summary,"{""dim"": 128, ""method"": ""solar_orthogonal_uniq"", ""metric"": ""trustworthiness"", ""population"": ""reference"", ""stat"": ""B""}"
Table S9 (arms)-03377,si,Table S9 (arms),30/30,summary,"{""dim"": 128, ""method"": ""solar_orthogonal_uniq"", ""metric"": ""trustworthiness"", ""population"": ""reference"", ""stat"": ""F""}"
Table S9 (arms)-03378,si,Table S9 (arms),S,summary,"{""dim"": 128, ""method"": ""solar_orthogonal_uniq"", ""metric"": ""trustworthiness"", ""population"": ""reference"", ""stat"": ""na_code""}"
Table S9 (arms)-03379,si,Table S9 (arms),-0.047,summary,"{""dim"": 128, ""method"": ""solar_orthogonal_uniq"", ""metric"": ""within_label_silhouette__donor"", ""population"": ""joint"", ""stat"": ""mean""}"
Table S9 (arms)-03380,si,Table S9 (arms),0.011,summary,"{""dim"": 128, ""method"": ""solar_orthogonal_uniq"", ""metric"": ""within_label_silhouette__donor"", ""population"": ""joint"", ""stat"": ""sd""}"
Table S9 (arms)-03381,si,Table S9 (arms),1/1,summary,"{""dim"": 128, ""method"": ""solar_orthogonal_uniq"", ""metric"": ""within_label_silhouette__donor"", ""population"": ""joint"", ""stat"": ""D""}"
Table S9 (arms)-03382,si,Table S9 (arms),3/3,summary,"{""dim"": 128, ""method"": ""solar_orthogonal_uniq"", ""metric"": ""within_label_silhouette__donor"", ""population"": ""joint"", ""stat"": ""B""}"
Table S9 (arms)-03383,si,Table S9 (arms),15/15,summary,"{""dim"": 128, ""method"": ""solar_orthogonal_uniq"", ""metric"": ""within_label_silhouette__donor"", ""population"": ""joint"", ""stat"": ""F""}"
Table S9 (arms)-03384,si,Table S9 (arms),S,summary,"{""dim"": 128, ""method"": ""solar_orthogonal_uniq"", ""metric"": ""within_label_silhouette__donor"", ""population"": ""joint"", ""stat"": ""na_code""}"
Table S9 (arms)-03385,si,Table S9 (arms),NA,summary,"{""dim"": 128, ""method"": ""solar_orthogonal_uniq"", ""metric"": ""within_label_silhouette__donor"", ""population"": ""query"", ""stat"": ""mean""}"
Table S9 (arms)-03386,si,Table S9 (arms),–,summary,"{""dim"": 128, ""method"": ""solar_orthogonal_uniq"", ""metric"": ""within_label_silhouette__donor"", ""population"": ""query"", ""stat"": ""sd""}"
Table S9 (arms)-03387,si,Table S9 (arms),0/1,summary,"{""dim"": 128, ""method"": ""solar_orthogonal_uniq"", ""metric"": ""within_label_silhouette__donor"", ""population"": ""query"", ""stat"": ""D""}"
Table S9 (arms)-03388,si,Table S9 (arms),0/3,summary,"{""dim"": 128, ""method"": ""solar_orthogonal_uniq"", ""metric"": ""within_label_silhouette__donor"", ""population"": ""query"", ""stat"": ""B""}"
Table S9 (arms)-03389,si,Table S9 (arms),0/15,summary,"{""dim"": 128, ""method"": ""solar_orthogonal_uniq"", ""metric"": ""within_label_silhouette__donor"", ""population"": ""query"", ""stat"": ""F""}"
Table S9 (arms)-03390,si,Table S9 (arms),"C,S",summary,"{""dim"": 128, ""method"": ""solar_orthogonal_uniq"", ""metric"": ""within_label_silhouette__donor"", ""population"": ""query"", ""stat"": ""na_code""}"
Table S9 (arms)-03391,si,Table S9 (arms),-0.041,summary,"{""dim"": 128, ""method"": ""solar_orthogonal_uniq"", ""metric"": ""within_label_silhouette__donor"", ""population"": ""reference"", ""stat"": ""mean""}"
Table S9 (arms)-03392,si,Table S9 (arms),0.008,summary,"{""dim"": 128, ""method"": ""solar_orthogonal_uniq"", ""metric"": ""within_label_silhouette__donor"", ""population"": ""reference"", ""stat"": ""sd""}"
Table S9 (arms)-03393,si,Table S9 (arms),1/1,summary,"{""dim"": 128, ""method"": ""solar_orthogonal_uniq"", ""metric"": ""within_label_silhouette__donor"", ""population"": ""reference"", ""stat"": ""D""}"
Table S9 (arms)-03394,si,Table S9 (arms),3/3,summary,"{""dim"": 128, ""method"": ""solar_orthogonal_uniq"", ""metric"": ""within_label_silhouette__donor"", ""population"": ""reference"", ""stat"": ""B""}"
Table S9 (arms)-03395,si,Table S9 (arms),15/15,summary,"{""dim"": 128, ""method"": ""solar_orthogonal_uniq"", ""metric"": ""within_label_silhouette__donor"", ""population"": ""reference"", ""stat"": ""F""}"
Table S9 (arms)-03396,si,Table S9 (arms),S,summary,"{""dim"": 128, ""method"": ""solar_orthogonal_uniq"", ""metric"": ""within_label_silhouette__donor"", ""population"": ""reference"", ""stat"": ""na_code""}"
Table S9 (arms)-03397,si,Table S9 (arms),0.219,summary,"{""dim"": 128, ""method"": ""solar_orthogonal_uniq"", ""metric"": ""within_label_silhouette__patientGroup"", ""population"": ""joint"", ""stat"": ""mean""}"
Table S9 (arms)-03398,si,Table S9 (arms),0.012,summary,"{""dim"": 128, ""method"": ""solar_orthogonal_uniq"", ""metric"": ""within_label_silhouette__patientGroup"", ""population"": ""joint"", ""stat"": ""sd""}"
Table S9 (arms)-03399,si,Table S9 (arms),1/1,summary,"{""dim"": 128, ""method"": ""solar_orthogonal_uniq"", ""metric"": ""within_label_silhouette__patientGroup"", ""population"": ""joint"", ""stat"": ""D""}"
Table S9 (arms)-03400,si,Table S9 (arms),3/3,summary,"{""dim"": 128, ""method"": ""solar_orthogonal_uniq"", ""metric"": ""within_label_silhouette__patientGroup"", ""population"": ""joint"", ""stat"": ""B""}"
Table S9 (arms)-03401,si,Table S9 (arms),15/15,summary,"{""dim"": 128, ""method"": ""solar_orthogonal_uniq"", ""metric"": ""within_label_silhouette__patientGroup"", ""population"": ""joint"", ""stat"": ""F""}"
Table S9 (arms)-03402,si,Table S9 (arms),S,summary,"{""dim"": 128, ""method"": ""solar_orthogonal_uniq"", ""metric"": ""within_label_silhouette__patientGroup"", ""population"": ""joint"", ""stat"": ""na_code""}"
Table S9 (arms)-03403,si,Table S9 (arms),NA,summary,"{""dim"": 128, ""method"": ""solar_orthogonal_uniq"", ""metric"": ""within_label_silhouette__patientGroup"", ""population"": ""query"", ""stat"": ""mean""}"
Table S9 (arms)-03404,si,Table S9 (arms),–,summary,"{""dim"": 128, ""method"": ""solar_orthogonal_uniq"", ""metric"": ""within_label_silhouette__patientGroup"", ""population"": ""query"", ""stat"": ""sd""}"
Table S9 (arms)-03405,si,Table S9 (arms),0/1,summary,"{""dim"": 128, ""method"": ""solar_orthogonal_uniq"", ""metric"": ""within_label_silhouette__patientGroup"", ""population"": ""query"", ""stat"": ""D""}"
Table S9 (arms)-03406,si,Table S9 (arms),0/3,summary,"{""dim"": 128, ""method"": ""solar_orthogonal_uniq"", ""metric"": ""within_label_silhouette__patientGroup"", ""population"": ""query"", ""stat"": ""B""}"
Table S9 (arms)-03407,si,Table S9 (arms),0/15,summary,"{""dim"": 128, ""method"": ""solar_orthogonal_uniq"", ""metric"": ""within_label_silhouette__patientGroup"", ""population"": ""query"", ""stat"": ""F""}"
Table S9 (arms)-03408,si,Table S9 (arms),"C,S",summary,"{""dim"": 128, ""method"": ""solar_orthogonal_uniq"", ""metric"": ""within_label_silhouette__patientGroup"", ""population"": ""query"", ""stat"": ""na_code""}"
Table S9 (arms)-03409,si,Table S9 (arms),0.232,summary,"{""dim"": 128, ""method"": ""solar_orthogonal_uniq"", ""metric"": ""within_label_silhouette__patientGroup"", ""population"": ""reference"", ""stat"": ""mean""}"
Table S9 (arms)-03410,si,Table S9 (arms),0.018,summary,"{""dim"": 128, ""method"": ""solar_orthogonal_uniq"", ""metric"": ""within_label_silhouette__patientGroup"", ""population"": ""reference"", ""stat"": ""sd""}"
Table S9 (arms)-03411,si,Table S9 (arms),1/1,summary,"{""dim"": 128, ""method"": ""solar_orthogonal_uniq"", ""metric"": ""within_label_silhouette__patientGroup"", ""population"": ""reference"", ""stat"": ""D""}"
Table S9 (arms)-03412,si,Table S9 (arms),3/3,summary,"{""dim"": 128, ""method"": ""solar_orthogonal_uniq"", ""metric"": ""within_label_silhouette__patientGroup"", ""population"": ""reference"", ""stat"": ""B""}"
Table S9 (arms)-03413,si,Table S9 (arms),15/15,summary,"{""dim"": 128, ""method"": ""solar_orthogonal_uniq"", ""metric"": ""within_label_silhouette__patientGroup"", ""population"": ""reference"", ""stat"": ""F""}"
Table S9 (arms)-03414,si,Table S9 (arms),S,summary,"{""dim"": 128, ""method"": ""solar_orthogonal_uniq"", ""metric"": ""within_label_silhouette__patientGroup"", ""population"": ""reference"", ""stat"": ""na_code""}"
Table S9 (arms)-03415,si,Table S9 (arms),0.037,summary,"{""dim"": 128, ""method"": ""solar_orthogonal_uniq"", ""metric"": ""within_label_silhouette__sample_ID"", ""population"": ""joint"", ""stat"": ""mean""}"
Table S9 (arms)-03416,si,Table S9 (arms),0.018,summary,"{""dim"": 128, ""method"": ""solar_orthogonal_uniq"", ""metric"": ""within_label_silhouette__sample_ID"", ""population"": ""joint"", ""stat"": ""sd""}"
Table S9 (arms)-03417,si,Table S9 (arms),1/1,summary,"{""dim"": 128, ""method"": ""solar_orthogonal_uniq"", ""metric"": ""within_label_silhouette__sample_ID"", ""population"": ""joint"", ""stat"": ""D""}"
Table S9 (arms)-03418,si,Table S9 (arms),3/3,summary,"{""dim"": 128, ""method"": ""solar_orthogonal_uniq"", ""metric"": ""within_label_silhouette__sample_ID"", ""population"": ""joint"", ""stat"": ""B""}"
Table S9 (arms)-03419,si,Table S9 (arms),15/15,summary,"{""dim"": 128, ""method"": ""solar_orthogonal_uniq"", ""metric"": ""within_label_silhouette__sample_ID"", ""population"": ""joint"", ""stat"": ""F""}"
Table S9 (arms)-03420,si,Table S9 (arms),S,summary,"{""dim"": 128, ""method"": ""solar_orthogonal_uniq"", ""metric"": ""within_label_silhouette__sample_ID"", ""population"": ""joint"", ""stat"": ""na_code""}"
Table S9 (arms)-03421,si,Table S9 (arms),NA,summary,"{""dim"": 128, ""method"": ""solar_orthogonal_uniq"", ""metric"": ""within_label_silhouette__sample_ID"", ""population"": ""query"", ""stat"": ""mean""}"
Table S9 (arms)-03422,si,Table S9 (arms),–,summary,"{""dim"": 128, ""method"": ""solar_orthogonal_uniq"", ""metric"": ""within_label_silhouette__sample_ID"", ""population"": ""query"", ""stat"": ""sd""}"
Table S9 (arms)-03423,si,Table S9 (arms),0/1,summary,"{""dim"": 128, ""method"": ""solar_orthogonal_uniq"", ""metric"": ""within_label_silhouette__sample_ID"", ""population"": ""query"", ""stat"": ""D""}"
Table S9 (arms)-03424,si,Table S9 (arms),0/3,summary,"{""dim"": 128, ""method"": ""solar_orthogonal_uniq"", ""metric"": ""within_label_silhouette__sample_ID"", ""population"": ""query"", ""stat"": ""B""}"
Table S9 (arms)-03425,si,Table S9 (arms),0/15,summary,"{""dim"": 128, ""method"": ""solar_orthogonal_uniq"", ""metric"": ""within_label_silhouette__sample_ID"", ""population"": ""query"", ""stat"": ""F""}"
Table S9 (arms)-03426,si,Table S9 (arms),"C,S",summary,"{""dim"": 128, ""method"": ""solar_orthogonal_uniq"", ""metric"": ""within_label_silhouette__sample_ID"", ""population"": ""query"", ""stat"": ""na_code""}"
Table S9 (arms)-03427,si,Table S9 (arms),0.026,summary,"{""dim"": 128, ""method"": ""solar_orthogonal_uniq"", ""metric"": ""within_label_silhouette__sample_ID"", ""population"": ""reference"", ""stat"": ""mean""}"
Table S9 (arms)-03428,si,Table S9 (arms),0.006,summary,"{""dim"": 128, ""method"": ""solar_orthogonal_uniq"", ""metric"": ""within_label_silhouette__sample_ID"", ""population"": ""reference"", ""stat"": ""sd""}"
Table S9 (arms)-03429,si,Table S9 (arms),1/1,summary,"{""dim"": 128, ""method"": ""solar_orthogonal_uniq"", ""metric"": ""within_label_silhouette__sample_ID"", ""population"": ""reference"", ""stat"": ""D""}"
Table S9 (arms)-03430,si,Table S9 (arms),3/3,summary,"{""dim"": 128, ""method"": ""solar_orthogonal_uniq"", ""metric"": ""within_label_silhouette__sample_ID"", ""population"": ""reference"", ""stat"": ""B""}"
Table S9 (arms)-03431,si,Table S9 (arms),15/15,summary,"{""dim"": 128, ""method"": ""solar_orthogonal_uniq"", ""metric"": ""within_label_silhouette__sample_ID"", ""population"": ""reference"", ""stat"": ""F""}"
Table S9 (arms)-03432,si,Table S9 (arms),S,summary,"{""dim"": 128, ""method"": ""solar_orthogonal_uniq"", ""metric"": ""within_label_silhouette__sample_ID"", ""population"": ""reference"", ""stat"": ""na_code""}"
Table S9 (arms)-03433,si,Table S9 (arms),0.037,summary,"{""dim"": 128, ""method"": ""solar_orthogonal_uniq"", ""metric"": ""within_label_silhouette__study"", ""population"": ""joint"", ""stat"": ""mean""}"
Table S9 (arms)-03434,si,Table S9 (arms),0.018,summary,"{""dim"": 128, ""method"": ""solar_orthogonal_uniq"", ""metric"": ""within_label_silhouette__study"", ""population"": ""joint"", ""stat"": ""sd""}"
Table S9 (arms)-03435,si,Table S9 (arms),1/1,summary,"{""dim"": 128, ""method"": ""solar_orthogonal_uniq"", ""metric"": ""within_label_silhouette__study"", ""population"": ""joint"", ""stat"": ""D""}"
Table S9 (arms)-03436,si,Table S9 (arms),3/3,summary,"{""dim"": 128, ""method"": ""solar_orthogonal_uniq"", ""metric"": ""within_label_silhouette__study"", ""population"": ""joint"", ""stat"": ""B""}"
Table S9 (arms)-03437,si,Table S9 (arms),15/15,summary,"{""dim"": 128, ""method"": ""solar_orthogonal_uniq"", ""metric"": ""within_label_silhouette__study"", ""population"": ""joint"", ""stat"": ""F""}"
Table S9 (arms)-03438,si,Table S9 (arms),S,summary,"{""dim"": 128, ""method"": ""solar_orthogonal_uniq"", ""metric"": ""within_label_silhouette__study"", ""population"": ""joint"", ""stat"": ""na_code""}"
Table S9 (arms)-03439,si,Table S9 (arms),NA,summary,"{""dim"": 128, ""method"": ""solar_orthogonal_uniq"", ""metric"": ""within_label_silhouette__study"", ""population"": ""query"", ""stat"": ""mean""}"
Table S9 (arms)-03440,si,Table S9 (arms),–,summary,"{""dim"": 128, ""method"": ""solar_orthogonal_uniq"", ""metric"": ""within_label_silhouette__study"", ""population"": ""query"", ""stat"": ""sd""}"
Table S9 (arms)-03441,si,Table S9 (arms),0/1,summary,"{""dim"": 128, ""method"": ""solar_orthogonal_uniq"", ""metric"": ""within_label_silhouette__study"", ""population"": ""query"", ""stat"": ""D""}"
Table S9 (arms)-03442,si,Table S9 (arms),0/3,summary,"{""dim"": 128, ""method"": ""solar_orthogonal_uniq"", ""metric"": ""within_label_silhouette__study"", ""population"": ""query"", ""stat"": ""B""}"
Table S9 (arms)-03443,si,Table S9 (arms),0/15,summary,"{""dim"": 128, ""method"": ""solar_orthogonal_uniq"", ""metric"": ""within_label_silhouette__study"", ""population"": ""query"", ""stat"": ""F""}"
Table S9 (arms)-03444,si,Table S9 (arms),"C,S",summary,"{""dim"": 128, ""method"": ""solar_orthogonal_uniq"", ""metric"": ""within_label_silhouette__study"", ""population"": ""query"", ""stat"": ""na_code""}"
Table S9 (arms)-03445,si,Table S9 (arms),0.026,summary,"{""dim"": 128, ""method"": ""solar_orthogonal_uniq"", ""metric"": ""within_label_silhouette__study"", ""population"": ""reference"", ""stat"": ""mean""}"
Table S9 (arms)-03446,si,Table S9 (arms),0.006,summary,"{""dim"": 128, ""method"": ""solar_orthogonal_uniq"", ""metric"": ""within_label_silhouette__study"", ""population"": ""reference"", ""stat"": ""sd""}"
Table S9 (arms)-03447,si,Table S9 (arms),1/1,summary,"{""dim"": 128, ""method"": ""solar_orthogonal_uniq"", ""metric"": ""within_label_silhouette__study"", ""population"": ""reference"", ""stat"": ""D""}"
Table S9 (arms)-03448,si,Table S9 (arms),3/3,summary,"{""dim"": 128, ""method"": ""solar_orthogonal_uniq"", ""metric"": ""within_label_silhouette__study"", ""population"": ""reference"", ""stat"": ""B""}"
Table S9 (arms)-03449,si,Table S9 (arms),15/15,summary,"{""dim"": 128, ""method"": ""solar_orthogonal_uniq"", ""metric"": ""within_label_silhouette__study"", ""population"": ""reference"", ""stat"": ""F""}"
Table S9 (arms)-03450,si,Table S9 (arms),S,summary,"{""dim"": 128, ""method"": ""solar_orthogonal_uniq"", ""metric"": ""within_label_silhouette__study"", ""population"": ""reference"", ""stat"": ""na_code""}"
Table S9 (arms)-03451,si,Table S9 (arms),0.392,summary,"{""dim"": 128, ""method"": ""solar_none"", ""metric"": ""ARI_cluster/label"", ""population"": ""joint"", ""stat"": ""mean""}"
Table S9 (arms)-03452,si,Table S9 (arms),0.074,summary,"{""dim"": 128, ""method"": ""solar_none"", ""metric"": ""ARI_cluster/label"", ""population"": ""joint"", ""stat"": ""sd""}"
Table S9 (arms)-03453,si,Table S9 (arms),3/3,summary,"{""dim"": 128, ""method"": ""solar_none"", ""metric"": ""ARI_cluster/label"", ""population"": ""joint"", ""stat"": ""D""}"
Table S9 (arms)-03454,si,Table S9 (arms),9/9,summary,"{""dim"": 128, ""method"": ""solar_none"", ""metric"": ""ARI_cluster/label"", ""population"": ""joint"", ""stat"": ""B""}"
Table S9 (arms)-03455,si,Table S9 (arms),45/45,summary,"{""dim"": 128, ""method"": ""solar_none"", ""metric"": ""ARI_cluster/label"", ""population"": ""joint"", ""stat"": ""F""}"
Table S9 (arms)-03456,si,Table S9 (arms),–,summary,"{""dim"": 128, ""method"": ""solar_none"", ""metric"": ""ARI_cluster/label"", ""population"": ""joint"", ""stat"": ""na_code""}"
Table S9 (arms)-03457,si,Table S9 (arms),0.845,summary,"{""dim"": 128, ""method"": ""solar_none"", ""metric"": ""ASW_label"", ""population"": ""joint"", ""stat"": ""mean""}"
Table S9 (arms)-03458,si,Table S9 (arms),0.033,summary,"{""dim"": 128, ""method"": ""solar_none"", ""metric"": ""ASW_label"", ""population"": ""joint"", ""stat"": ""sd""}"
Table S9 (arms)-03459,si,Table S9 (arms),3/3,summary,"{""dim"": 128, ""method"": ""solar_none"", ""metric"": ""ASW_label"", ""population"": ""joint"", ""stat"": ""D""}"
Table S9 (arms)-03460,si,Table S9 (arms),9/9,summary,"{""dim"": 128, ""method"": ""solar_none"", ""metric"": ""ASW_label"", ""population"": ""joint"", ""stat"": ""B""}"
Table S9 (arms)-03461,si,Table S9 (arms),45/45,summary,"{""dim"": 128, ""method"": ""solar_none"", ""metric"": ""ASW_label"", ""population"": ""joint"", ""stat"": ""F""}"
Table S9 (arms)-03462,si,Table S9 (arms),–,summary,"{""dim"": 128, ""method"": ""solar_none"", ""metric"": ""ASW_label"", ""population"": ""joint"", ""stat"": ""na_code""}"
Table S9 (arms)-03463,si,Table S9 (arms),0.859,summary,"{""dim"": 128, ""method"": ""solar_none"", ""metric"": ""ASW_label/batch"", ""population"": ""joint"", ""stat"": ""mean""}"
Table S9 (arms)-03464,si,Table S9 (arms),0.012,summary,"{""dim"": 128, ""method"": ""solar_none"", ""metric"": ""ASW_label/batch"", ""population"": ""joint"", ""stat"": ""sd""}"
Table S9 (arms)-03465,si,Table S9 (arms),3/3,summary,"{""dim"": 128, ""method"": ""solar_none"", ""metric"": ""ASW_label/batch"", ""population"": ""joint"", ""stat"": ""D""}"
Table S9 (arms)-03466,si,Table S9 (arms),9/9,summary,"{""dim"": 128, ""method"": ""solar_none"", ""metric"": ""ASW_label/batch"", ""population"": ""joint"", ""stat"": ""B""}"
Table S9 (arms)-03467,si,Table S9 (arms),45/45,summary,"{""dim"": 128, ""method"": ""solar_none"", ""metric"": ""ASW_label/batch"", ""population"": ""joint"", ""stat"": ""F""}"
Table S9 (arms)-03468,si,Table S9 (arms),–,summary,"{""dim"": 128, ""method"": ""solar_none"", ""metric"": ""ASW_label/batch"", ""population"": ""joint"", ""stat"": ""na_code""}"
Table S9 (arms)-03469,si,Table S9 (arms),0.754,summary,"{""dim"": 128, ""method"": ""solar_none"", ""metric"": ""NMI_cluster/label"", ""population"": ""joint"", ""stat"": ""mean""}"
Table S9 (arms)-03470,si,Table S9 (arms),0.035,summary,"{""dim"": 128, ""method"": ""solar_none"", ""metric"": ""NMI_cluster/label"", ""population"": ""joint"", ""stat"": ""sd""}"
Table S9 (arms)-03471,si,Table S9 (arms),3/3,summary,"{""dim"": 128, ""method"": ""solar_none"", ""metric"": ""NMI_cluster/label"", ""population"": ""joint"", ""stat"": ""D""}"
Table S9 (arms)-03472,si,Table S9 (arms),9/9,summary,"{""dim"": 128, ""method"": ""solar_none"", ""metric"": ""NMI_cluster/label"", ""population"": ""joint"", ""stat"": ""B""}"
Table S9 (arms)-03473,si,Table S9 (arms),45/45,summary,"{""dim"": 128, ""method"": ""solar_none"", ""metric"": ""NMI_cluster/label"", ""population"": ""joint"", ""stat"": ""F""}"
Table S9 (arms)-03474,si,Table S9 (arms),–,summary,"{""dim"": 128, ""method"": ""solar_none"", ""metric"": ""NMI_cluster/label"", ""population"": ""joint"", ""stat"": ""na_code""}"
Table S9 (arms)-03475,si,Table S9 (arms),0.748,summary,"{""dim"": 128, ""method"": ""solar_none"", ""metric"": ""PCR_batch"", ""population"": ""joint"", ""stat"": ""mean""}"
Table S9 (arms)-03476,si,Table S9 (arms),0.142,summary,"{""dim"": 128, ""method"": ""solar_none"", ""metric"": ""PCR_batch"", ""population"": ""joint"", ""stat"": ""sd""}"
Table S9 (arms)-03477,si,Table S9 (arms),3/3,summary,"{""dim"": 128, ""method"": ""solar_none"", ""metric"": ""PCR_batch"", ""population"": ""joint"", ""stat"": ""D""}"
Table S9 (arms)-03478,si,Table S9 (arms),9/9,summary,"{""dim"": 128, ""method"": ""solar_none"", ""metric"": ""PCR_batch"", ""population"": ""joint"", ""stat"": ""B""}"
Table S9 (arms)-03479,si,Table S9 (arms),45/45,summary,"{""dim"": 128, ""method"": ""solar_none"", ""metric"": ""PCR_batch"", ""population"": ""joint"", ""stat"": ""F""}"
Table S9 (arms)-03480,si,Table S9 (arms),–,summary,"{""dim"": 128, ""method"": ""solar_none"", ""metric"": ""PCR_batch"", ""population"": ""joint"", ""stat"": ""na_code""}"
Table S9 (arms)-03481,si,Table S9 (arms),0.834,summary,"{""dim"": 128, ""method"": ""solar_none"", ""metric"": ""balanced_accuracy"", ""population"": ""query"", ""stat"": ""mean""}"
Table S9 (arms)-03482,si,Table S9 (arms),0.083,summary,"{""dim"": 128, ""method"": ""solar_none"", ""metric"": ""balanced_accuracy"", ""population"": ""query"", ""stat"": ""sd""}"
Table S9 (arms)-03483,si,Table S9 (arms),3/3,summary,"{""dim"": 128, ""method"": ""solar_none"", ""metric"": ""balanced_accuracy"", ""population"": ""query"", ""stat"": ""D""}"
Table S9 (arms)-03484,si,Table S9 (arms),9/9,summary,"{""dim"": 128, ""method"": ""solar_none"", ""metric"": ""balanced_accuracy"", ""population"": ""query"", ""stat"": ""B""}"
Table S9 (arms)-03485,si,Table S9 (arms),45/45,summary,"{""dim"": 128, ""method"": ""solar_none"", ""metric"": ""balanced_accuracy"", ""population"": ""query"", ""stat"": ""F""}"
Table S9 (arms)-03486,si,Table S9 (arms),–,summary,"{""dim"": 128, ""method"": ""solar_none"", ""metric"": ""balanced_accuracy"", ""population"": ""query"", ""stat"": ""na_code""}"
Table S9 (arms)-03487,si,Table S9 (arms),1.000,summary,"{""dim"": 128, ""method"": ""solar_none"", ""metric"": ""cLISI"", ""population"": ""joint"", ""stat"": ""mean""}"
Table S9 (arms)-03488,si,Table S9 (arms),0.000,summary,"{""dim"": 128, ""method"": ""solar_none"", ""metric"": ""cLISI"", ""population"": ""joint"", ""stat"": ""sd""}"
Table S9 (arms)-03489,si,Table S9 (arms),3/3,summary,"{""dim"": 128, ""method"": ""solar_none"", ""metric"": ""cLISI"", ""population"": ""joint"", ""stat"": ""D""}"
Table S9 (arms)-03490,si,Table S9 (arms),9/9,summary,"{""dim"": 128, ""method"": ""solar_none"", ""metric"": ""cLISI"", ""population"": ""joint"", ""stat"": ""B""}"
Table S9 (arms)-03491,si,Table S9 (arms),45/45,summary,"{""dim"": 128, ""method"": ""solar_none"", ""metric"": ""cLISI"", ""population"": ""joint"", ""stat"": ""F""}"
Table S9 (arms)-03492,si,Table S9 (arms),–,summary,"{""dim"": 128, ""method"": ""solar_none"", ""metric"": ""cLISI"", ""population"": ""joint"", ""stat"": ""na_code""}"
Table S9 (arms)-03493,si,Table S9 (arms),0.570,summary,"{""dim"": 128, ""method"": ""solar_none"", ""metric"": ""cell_cycle_conservation"", ""population"": ""joint"", ""stat"": ""mean""}"
Table S9 (arms)-03494,si,Table S9 (arms),0.185,summary,"{""dim"": 128, ""method"": ""solar_none"", ""metric"": ""cell_cycle_conservation"", ""population"": ""joint"", ""stat"": ""sd""}"
Table S9 (arms)-03495,si,Table S9 (arms),3/3,summary,"{""dim"": 128, ""method"": ""solar_none"", ""metric"": ""cell_cycle_conservation"", ""population"": ""joint"", ""stat"": ""D""}"
Table S9 (arms)-03496,si,Table S9 (arms),9/9,summary,"{""dim"": 128, ""method"": ""solar_none"", ""metric"": ""cell_cycle_conservation"", ""population"": ""joint"", ""stat"": ""B""}"
Table S9 (arms)-03497,si,Table S9 (arms),45/45,summary,"{""dim"": 128, ""method"": ""solar_none"", ""metric"": ""cell_cycle_conservation"", ""population"": ""joint"", ""stat"": ""F""}"
Table S9 (arms)-03498,si,Table S9 (arms),–,summary,"{""dim"": 128, ""method"": ""solar_none"", ""metric"": ""cell_cycle_conservation"", ""population"": ""joint"", ""stat"": ""na_code""}"
Table S9 (arms)-03499,si,Table S9 (arms),NA,summary,"{""dim"": 128, ""method"": ""solar_none"", ""metric"": ""hvg_overlap"", ""population"": ""joint"", ""stat"": ""mean""}"
Table S9 (arms)-03500,si,Table S9 (arms),–,summary,"{""dim"": 128, ""method"": ""solar_none"", ""metric"": ""hvg_overlap"", ""population"": ""joint"", ""stat"": ""sd""}"
Table S9 (arms)-03501,si,Table S9 (arms),0/3,summary,"{""dim"": 128, ""method"": ""solar_none"", ""metric"": ""hvg_overlap"", ""population"": ""joint"", ""stat"": ""D""}"
Table S9 (arms)-03502,si,Table S9 (arms),0/9,summary,"{""dim"": 128, ""method"": ""solar_none"", ""metric"": ""hvg_overlap"", ""population"": ""joint"", ""stat"": ""B""}"
Table S9 (arms)-03503,si,Table S9 (arms),0/45,summary,"{""dim"": 128, ""method"": ""solar_none"", ""metric"": ""hvg_overlap"", ""population"": ""joint"", ""stat"": ""F""}"
Table S9 (arms)-03504,si,Table S9 (arms),H,summary,"{""dim"": 128, ""method"": ""solar_none"", ""metric"": ""hvg_overlap"", ""population"": ""joint"", ""stat"": ""na_code""}"
Table S9 (arms)-03505,si,Table S9 (arms),0.887,summary,"{""dim"": 128, ""method"": ""solar_none"", ""metric"": ""iLISI"", ""population"": ""joint"", ""stat"": ""mean""}"
Table S9 (arms)-03506,si,Table S9 (arms),0.187,summary,"{""dim"": 128, ""method"": ""solar_none"", ""metric"": ""iLISI"", ""population"": ""joint"", ""stat"": ""sd""}"
Table S9 (arms)-03507,si,Table S9 (arms),3/3,summary,"{""dim"": 128, ""method"": ""solar_none"", ""metric"": ""iLISI"", ""population"": ""joint"", ""stat"": ""D""}"
Table S9 (arms)-03508,si,Table S9 (arms),9/9,summary,"{""dim"": 128, ""method"": ""solar_none"", ""metric"": ""iLISI"", ""population"": ""joint"", ""stat"": ""B""}"
Table S9 (arms)-03509,si,Table S9 (arms),45/45,summary,"{""dim"": 128, ""method"": ""solar_none"", ""metric"": ""iLISI"", ""population"": ""joint"", ""stat"": ""F""}"
Table S9 (arms)-03510,si,Table S9 (arms),–,summary,"{""dim"": 128, ""method"": ""solar_none"", ""metric"": ""iLISI"", ""population"": ""joint"", ""stat"": ""na_code""}"
Table S9 (arms)-03511,si,Table S9 (arms),0.501,summary,"{""dim"": 128, ""method"": ""solar_none"", ""metric"": ""isolated_label_silhouette"", ""population"": ""joint"", ""stat"": ""mean""}"
Table S9 (arms)-03512,si,Table S9 (arms),0.010,summary,"{""dim"": 128, ""method"": ""solar_none"", ""metric"": ""isolated_label_silhouette"", ""population"": ""joint"", ""stat"": ""sd""}"
Table S9 (arms)-03513,si,Table S9 (arms),3/3,summary,"{""dim"": 128, ""method"": ""solar_none"", ""metric"": ""isolated_label_silhouette"", ""population"": ""joint"", ""stat"": ""D""}"
Table S9 (arms)-03514,si,Table S9 (arms),9/9,summary,"{""dim"": 128, ""method"": ""solar_none"", ""metric"": ""isolated_label_silhouette"", ""population"": ""joint"", ""stat"": ""B""}"
Table S9 (arms)-03515,si,Table S9 (arms),45/45,summary,"{""dim"": 128, ""method"": ""solar_none"", ""metric"": ""isolated_label_silhouette"", ""population"": ""joint"", ""stat"": ""F""}"
Table S9 (arms)-03516,si,Table S9 (arms),–,summary,"{""dim"": 128, ""method"": ""solar_none"", ""metric"": ""isolated_label_silhouette"", ""population"": ""joint"", ""stat"": ""na_code""}"
Table S9 (arms)-03517,si,Table S9 (arms),0.806,summary,"{""dim"": 128, ""method"": ""solar_none"", ""metric"": ""macro_f1"", ""population"": ""query"", ""stat"": ""mean""}"
Table S9 (arms)-03518,si,Table S9 (arms),0.115,summary,"{""dim"": 128, ""method"": ""solar_none"", ""metric"": ""macro_f1"", ""population"": ""query"", ""stat"": ""sd""}"
Table S9 (arms)-03519,si,Table S9 (arms),3/3,summary,"{""dim"": 128, ""method"": ""solar_none"", ""metric"": ""macro_f1"", ""population"": ""query"", ""stat"": ""D""}"
Table S9 (arms)-03520,si,Table S9 (arms),9/9,summary,"{""dim"": 128, ""method"": ""solar_none"", ""metric"": ""macro_f1"", ""population"": ""query"", ""stat"": ""B""}"
Table S9 (arms)-03521,si,Table S9 (arms),45/45,summary,"{""dim"": 128, ""method"": ""solar_none"", ""metric"": ""macro_f1"", ""population"": ""query"", ""stat"": ""F""}"
Table S9 (arms)-03522,si,Table S9 (arms),–,summary,"{""dim"": 128, ""method"": ""solar_none"", ""metric"": ""macro_f1"", ""population"": ""query"", ""stat"": ""na_code""}"
Table S9 (arms)-03523,si,Table S9 (arms),0.875,summary,"{""dim"": 128, ""method"": ""solar_none"", ""metric"": ""pseudotime_smoothness"", ""population"": ""joint"", ""stat"": ""mean""}"
Table S9 (arms)-03524,si,Table S9 (arms),0.005,summary,"{""dim"": 128, ""method"": ""solar_none"", ""metric"": ""pseudotime_smoothness"", ""population"": ""joint"", ""stat"": ""sd""}"
Table S9 (arms)-03525,si,Table S9 (arms),1/1,summary,"{""dim"": 128, ""method"": ""solar_none"", ""metric"": ""pseudotime_smoothness"", ""population"": ""joint"", ""stat"": ""D""}"
Table S9 (arms)-03526,si,Table S9 (arms),3/3,summary,"{""dim"": 128, ""method"": ""solar_none"", ""metric"": ""pseudotime_smoothness"", ""population"": ""joint"", ""stat"": ""B""}"
Table S9 (arms)-03527,si,Table S9 (arms),15/15,summary,"{""dim"": 128, ""method"": ""solar_none"", ""metric"": ""pseudotime_smoothness"", ""population"": ""joint"", ""stat"": ""F""}"
Table S9 (arms)-03528,si,Table S9 (arms),S,summary,"{""dim"": 128, ""method"": ""solar_none"", ""metric"": ""pseudotime_smoothness"", ""population"": ""joint"", ""stat"": ""na_code""}"
Table S9 (arms)-03529,si,Table S9 (arms),0.953,summary,"{""dim"": 128, ""method"": ""solar_none"", ""metric"": ""pseudotime_smoothness"", ""population"": ""query"", ""stat"": ""mean""}"
Table S9 (arms)-03530,si,Table S9 (arms),–,summary,"{""dim"": 128, ""method"": ""solar_none"", ""metric"": ""pseudotime_smoothness"", ""population"": ""query"", ""stat"": ""sd""}"
Table S9 (arms)-03531,si,Table S9 (arms),1/1,summary,"{""dim"": 128, ""method"": ""solar_none"", ""metric"": ""pseudotime_smoothness"", ""population"": ""query"", ""stat"": ""D""}"
Table S9 (arms)-03532,si,Table S9 (arms),1/3,summary,"{""dim"": 128, ""method"": ""solar_none"", ""metric"": ""pseudotime_smoothness"", ""population"": ""query"", ""stat"": ""B""}"
Table S9 (arms)-03533,si,Table S9 (arms),5/15,summary,"{""dim"": 128, ""method"": ""solar_none"", ""metric"": ""pseudotime_smoothness"", ""population"": ""query"", ""stat"": ""F""}"
Table S9 (arms)-03534,si,Table S9 (arms),"P,S",summary,"{""dim"": 128, ""method"": ""solar_none"", ""metric"": ""pseudotime_smoothness"", ""population"": ""query"", ""stat"": ""na_code""}"
Table S9 (arms)-03535,si,Table S9 (arms),0.854,summary,"{""dim"": 128, ""method"": ""solar_none"", ""metric"": ""pseudotime_smoothness"", ""population"": ""reference"", ""stat"": ""mean""}"
Table S9 (arms)-03536,si,Table S9 (arms),0.043,summary,"{""dim"": 128, ""method"": ""solar_none"", ""metric"": ""pseudotime_smoothness"", ""population"": ""reference"", ""stat"": ""sd""}"
Table S9 (arms)-03537,si,Table S9 (arms),1/1,summary,"{""dim"": 128, ""method"": ""solar_none"", ""metric"": ""pseudotime_smoothness"", ""population"": ""reference"", ""stat"": ""D""}"
Table S9 (arms)-03538,si,Table S9 (arms),3/3,summary,"{""dim"": 128, ""method"": ""solar_none"", ""metric"": ""pseudotime_smoothness"", ""population"": ""reference"", ""stat"": ""B""}"
Table S9 (arms)-03539,si,Table S9 (arms),15/15,summary,"{""dim"": 128, ""method"": ""solar_none"", ""metric"": ""pseudotime_smoothness"", ""population"": ""reference"", ""stat"": ""F""}"
Table S9 (arms)-03540,si,Table S9 (arms),S,summary,"{""dim"": 128, ""method"": ""solar_none"", ""metric"": ""pseudotime_smoothness"", ""population"": ""reference"", ""stat"": ""na_code""}"
Table S9 (arms)-03541,si,Table S9 (arms),0.685,summary,"{""dim"": 128, ""method"": ""solar_none"", ""metric"": ""trajectory"", ""population"": ""joint"", ""stat"": ""mean""}"
Table S9 (arms)-03542,si,Table S9 (arms),0.114,summary,"{""dim"": 128, ""method"": ""solar_none"", ""metric"": ""trajectory"", ""population"": ""joint"", ""stat"": ""sd""}"
Table S9 (arms)-03543,si,Table S9 (arms),1/1,summary,"{""dim"": 128, ""method"": ""solar_none"", ""metric"": ""trajectory"", ""population"": ""joint"", ""stat"": ""D""}"
Table S9 (arms)-03544,si,Table S9 (arms),3/3,summary,"{""dim"": 128, ""method"": ""solar_none"", ""metric"": ""trajectory"", ""population"": ""joint"", ""stat"": ""B""}"
Table S9 (arms)-03545,si,Table S9 (arms),15/15,summary,"{""dim"": 128, ""method"": ""solar_none"", ""metric"": ""trajectory"", ""population"": ""joint"", ""stat"": ""F""}"
Table S9 (arms)-03546,si,Table S9 (arms),T,summary,"{""dim"": 128, ""method"": ""solar_none"", ""metric"": ""trajectory"", ""population"": ""joint"", ""stat"": ""na_code""}"
Table S9 (arms)-03547,si,Table S9 (arms),0.947,summary,"{""dim"": 128, ""method"": ""solar_none"", ""metric"": ""trustworthiness"", ""population"": ""joint"", ""stat"": ""mean""}"
Table S9 (arms)-03548,si,Table S9 (arms),0.011,summary,"{""dim"": 128, ""method"": ""solar_none"", ""metric"": ""trustworthiness"", ""population"": ""joint"", ""stat"": ""sd""}"
Table S9 (arms)-03549,si,Table S9 (arms),2/2,summary,"{""dim"": 128, ""method"": ""solar_none"", ""metric"": ""trustworthiness"", ""population"": ""joint"", ""stat"": ""D""}"
Table S9 (arms)-03550,si,Table S9 (arms),6/6,summary,"{""dim"": 128, ""method"": ""solar_none"", ""metric"": ""trustworthiness"", ""population"": ""joint"", ""stat"": ""B""}"
Table S9 (arms)-03551,si,Table S9 (arms),30/30,summary,"{""dim"": 128, ""method"": ""solar_none"", ""metric"": ""trustworthiness"", ""population"": ""joint"", ""stat"": ""F""}"
Table S9 (arms)-03552,si,Table S9 (arms),S,summary,"{""dim"": 128, ""method"": ""solar_none"", ""metric"": ""trustworthiness"", ""population"": ""joint"", ""stat"": ""na_code""}"
Table S9 (arms)-03553,si,Table S9 (arms),0.946,summary,"{""dim"": 128, ""method"": ""solar_none"", ""metric"": ""trustworthiness"", ""population"": ""query"", ""stat"": ""mean""}"
Table S9 (arms)-03554,si,Table S9 (arms),0.010,summary,"{""dim"": 128, ""method"": ""solar_none"", ""metric"": ""trustworthiness"", ""population"": ""query"", ""stat"": ""sd""}"
Table S9 (arms)-03555,si,Table S9 (arms),2/2,summary,"{""dim"": 128, ""method"": ""solar_none"", ""metric"": ""trustworthiness"", ""population"": ""query"", ""stat"": ""D""}"
Table S9 (arms)-03556,si,Table S9 (arms),6/6,summary,"{""dim"": 128, ""method"": ""solar_none"", ""metric"": ""trustworthiness"", ""population"": ""query"", ""stat"": ""B""}"
Table S9 (arms)-03557,si,Table S9 (arms),30/30,summary,"{""dim"": 128, ""method"": ""solar_none"", ""metric"": ""trustworthiness"", ""population"": ""query"", ""stat"": ""F""}"
Table S9 (arms)-03558,si,Table S9 (arms),S,summary,"{""dim"": 128, ""method"": ""solar_none"", ""metric"": ""trustworthiness"", ""population"": ""query"", ""stat"": ""na_code""}"
Table S9 (arms)-03559,si,Table S9 (arms),0.943,summary,"{""dim"": 128, ""method"": ""solar_none"", ""metric"": ""trustworthiness"", ""population"": ""reference"", ""stat"": ""mean""}"
Table S9 (arms)-03560,si,Table S9 (arms),0.013,summary,"{""dim"": 128, ""method"": ""solar_none"", ""metric"": ""trustworthiness"", ""population"": ""reference"", ""stat"": ""sd""}"
Table S9 (arms)-03561,si,Table S9 (arms),2/2,summary,"{""dim"": 128, ""method"": ""solar_none"", ""metric"": ""trustworthiness"", ""population"": ""reference"", ""stat"": ""D""}"
Table S9 (arms)-03562,si,Table S9 (arms),6/6,summary,"{""dim"": 128, ""method"": ""solar_none"", ""metric"": ""trustworthiness"", ""population"": ""reference"", ""stat"": ""B""}"
Table S9 (arms)-03563,si,Table S9 (arms),30/30,summary,"{""dim"": 128, ""method"": ""solar_none"", ""metric"": ""trustworthiness"", ""population"": ""reference"", ""stat"": ""F""}"
Table S9 (arms)-03564,si,Table S9 (arms),S,summary,"{""dim"": 128, ""method"": ""solar_none"", ""metric"": ""trustworthiness"", ""population"": ""reference"", ""stat"": ""na_code""}"
Table S9 (arms)-03565,si,Table S9 (arms),-0.055,summary,"{""dim"": 128, ""method"": ""solar_none"", ""metric"": ""within_label_silhouette__donor"", ""population"": ""joint"", ""stat"": ""mean""}"
Table S9 (arms)-03566,si,Table S9 (arms),0.009,summary,"{""dim"": 128, ""method"": ""solar_none"", ""metric"": ""within_label_silhouette__donor"", ""population"": ""joint"", ""stat"": ""sd""}"
Table S9 (arms)-03567,si,Table S9 (arms),1/1,summary,"{""dim"": 128, ""method"": ""solar_none"", ""metric"": ""within_label_silhouette__donor"", ""population"": ""joint"", ""stat"": ""D""}"
Table S9 (arms)-03568,si,Table S9 (arms),3/3,summary,"{""dim"": 128, ""method"": ""solar_none"", ""metric"": ""within_label_silhouette__donor"", ""population"": ""joint"", ""stat"": ""B""}"
Table S9 (arms)-03569,si,Table S9 (arms),15/15,summary,"{""dim"": 128, ""method"": ""solar_none"", ""metric"": ""within_label_silhouette__donor"", ""population"": ""joint"", ""stat"": ""F""}"
Table S9 (arms)-03570,si,Table S9 (arms),S,summary,"{""dim"": 128, ""method"": ""solar_none"", ""metric"": ""within_label_silhouette__donor"", ""population"": ""joint"", ""stat"": ""na_code""}"
Table S9 (arms)-03571,si,Table S9 (arms),NA,summary,"{""dim"": 128, ""method"": ""solar_none"", ""metric"": ""within_label_silhouette__donor"", ""population"": ""query"", ""stat"": ""mean""}"
Table S9 (arms)-03572,si,Table S9 (arms),–,summary,"{""dim"": 128, ""method"": ""solar_none"", ""metric"": ""within_label_silhouette__donor"", ""population"": ""query"", ""stat"": ""sd""}"
Table S9 (arms)-03573,si,Table S9 (arms),0/1,summary,"{""dim"": 128, ""method"": ""solar_none"", ""metric"": ""within_label_silhouette__donor"", ""population"": ""query"", ""stat"": ""D""}"
Table S9 (arms)-03574,si,Table S9 (arms),0/3,summary,"{""dim"": 128, ""method"": ""solar_none"", ""metric"": ""within_label_silhouette__donor"", ""population"": ""query"", ""stat"": ""B""}"
Table S9 (arms)-03575,si,Table S9 (arms),0/15,summary,"{""dim"": 128, ""method"": ""solar_none"", ""metric"": ""within_label_silhouette__donor"", ""population"": ""query"", ""stat"": ""F""}"
Table S9 (arms)-03576,si,Table S9 (arms),"C,S",summary,"{""dim"": 128, ""method"": ""solar_none"", ""metric"": ""within_label_silhouette__donor"", ""population"": ""query"", ""stat"": ""na_code""}"
Table S9 (arms)-03577,si,Table S9 (arms),-0.049,summary,"{""dim"": 128, ""method"": ""solar_none"", ""metric"": ""within_label_silhouette__donor"", ""population"": ""reference"", ""stat"": ""mean""}"
Table S9 (arms)-03578,si,Table S9 (arms),0.006,summary,"{""dim"": 128, ""method"": ""solar_none"", ""metric"": ""within_label_silhouette__donor"", ""population"": ""reference"", ""stat"": ""sd""}"
Table S9 (arms)-03579,si,Table S9 (arms),1/1,summary,"{""dim"": 128, ""method"": ""solar_none"", ""metric"": ""within_label_silhouette__donor"", ""population"": ""reference"", ""stat"": ""D""}"
Table S9 (arms)-03580,si,Table S9 (arms),3/3,summary,"{""dim"": 128, ""method"": ""solar_none"", ""metric"": ""within_label_silhouette__donor"", ""population"": ""reference"", ""stat"": ""B""}"
Table S9 (arms)-03581,si,Table S9 (arms),15/15,summary,"{""dim"": 128, ""method"": ""solar_none"", ""metric"": ""within_label_silhouette__donor"", ""population"": ""reference"", ""stat"": ""F""}"
Table S9 (arms)-03582,si,Table S9 (arms),S,summary,"{""dim"": 128, ""method"": ""solar_none"", ""metric"": ""within_label_silhouette__donor"", ""population"": ""reference"", ""stat"": ""na_code""}"
Table S9 (arms)-03583,si,Table S9 (arms),0.224,summary,"{""dim"": 128, ""method"": ""solar_none"", ""metric"": ""within_label_silhouette__patientGroup"", ""population"": ""joint"", ""stat"": ""mean""}"
Table S9 (arms)-03584,si,Table S9 (arms),0.012,summary,"{""dim"": 128, ""method"": ""solar_none"", ""metric"": ""within_label_silhouette__patientGroup"", ""population"": ""joint"", ""stat"": ""sd""}"
Table S9 (arms)-03585,si,Table S9 (arms),1/1,summary,"{""dim"": 128, ""method"": ""solar_none"", ""metric"": ""within_label_silhouette__patientGroup"", ""population"": ""joint"", ""stat"": ""D""}"
Table S9 (arms)-03586,si,Table S9 (arms),3/3,summary,"{""dim"": 128, ""method"": ""solar_none"", ""metric"": ""within_label_silhouette__patientGroup"", ""population"": ""joint"", ""stat"": ""B""}"
Table S9 (arms)-03587,si,Table S9 (arms),15/15,summary,"{""dim"": 128, ""method"": ""solar_none"", ""metric"": ""within_label_silhouette__patientGroup"", ""population"": ""joint"", ""stat"": ""F""}"
Table S9 (arms)-03588,si,Table S9 (arms),S,summary,"{""dim"": 128, ""method"": ""solar_none"", ""metric"": ""within_label_silhouette__patientGroup"", ""population"": ""joint"", ""stat"": ""na_code""}"
Table S9 (arms)-03589,si,Table S9 (arms),NA,summary,"{""dim"": 128, ""method"": ""solar_none"", ""metric"": ""within_label_silhouette__patientGroup"", ""population"": ""query"", ""stat"": ""mean""}"
Table S9 (arms)-03590,si,Table S9 (arms),–,summary,"{""dim"": 128, ""method"": ""solar_none"", ""metric"": ""within_label_silhouette__patientGroup"", ""population"": ""query"", ""stat"": ""sd""}"
Table S9 (arms)-03591,si,Table S9 (arms),0/1,summary,"{""dim"": 128, ""method"": ""solar_none"", ""metric"": ""within_label_silhouette__patientGroup"", ""population"": ""query"", ""stat"": ""D""}"
Table S9 (arms)-03592,si,Table S9 (arms),0/3,summary,"{""dim"": 128, ""method"": ""solar_none"", ""metric"": ""within_label_silhouette__patientGroup"", ""population"": ""query"", ""stat"": ""B""}"
Table S9 (arms)-03593,si,Table S9 (arms),0/15,summary,"{""dim"": 128, ""method"": ""solar_none"", ""metric"": ""within_label_silhouette__patientGroup"", ""population"": ""query"", ""stat"": ""F""}"
Table S9 (arms)-03594,si,Table S9 (arms),"C,S",summary,"{""dim"": 128, ""method"": ""solar_none"", ""metric"": ""within_label_silhouette__patientGroup"", ""population"": ""query"", ""stat"": ""na_code""}"
Table S9 (arms)-03595,si,Table S9 (arms),0.236,summary,"{""dim"": 128, ""method"": ""solar_none"", ""metric"": ""within_label_silhouette__patientGroup"", ""population"": ""reference"", ""stat"": ""mean""}"
Table S9 (arms)-03596,si,Table S9 (arms),0.018,summary,"{""dim"": 128, ""method"": ""solar_none"", ""metric"": ""within_label_silhouette__patientGroup"", ""population"": ""reference"", ""stat"": ""sd""}"
Table S9 (arms)-03597,si,Table S9 (arms),1/1,summary,"{""dim"": 128, ""method"": ""solar_none"", ""metric"": ""within_label_silhouette__patientGroup"", ""population"": ""reference"", ""stat"": ""D""}"
Table S9 (arms)-03598,si,Table S9 (arms),3/3,summary,"{""dim"": 128, ""method"": ""solar_none"", ""metric"": ""within_label_silhouette__patientGroup"", ""population"": ""reference"", ""stat"": ""B""}"
Table S9 (arms)-03599,si,Table S9 (arms),15/15,summary,"{""dim"": 128, ""method"": ""solar_none"", ""metric"": ""within_label_silhouette__patientGroup"", ""population"": ""reference"", ""stat"": ""F""}"
Table S9 (arms)-03600,si,Table S9 (arms),S,summary,"{""dim"": 128, ""method"": ""solar_none"", ""metric"": ""within_label_silhouette__patientGroup"", ""population"": ""reference"", ""stat"": ""na_code""}"
Table S9 (arms)-03601,si,Table S9 (arms),0.032,summary,"{""dim"": 128, ""method"": ""solar_none"", ""metric"": ""within_label_silhouette__sample_ID"", ""population"": ""joint"", ""stat"": ""mean""}"
Table S9 (arms)-03602,si,Table S9 (arms),0.019,summary,"{""dim"": 128, ""method"": ""solar_none"", ""metric"": ""within_label_silhouette__sample_ID"", ""population"": ""joint"", ""stat"": ""sd""}"
Table S9 (arms)-03603,si,Table S9 (arms),1/1,summary,"{""dim"": 128, ""method"": ""solar_none"", ""metric"": ""within_label_silhouette__sample_ID"", ""population"": ""joint"", ""stat"": ""D""}"
Table S9 (arms)-03604,si,Table S9 (arms),3/3,summary,"{""dim"": 128, ""method"": ""solar_none"", ""metric"": ""within_label_silhouette__sample_ID"", ""population"": ""joint"", ""stat"": ""B""}"
Table S9 (arms)-03605,si,Table S9 (arms),15/15,summary,"{""dim"": 128, ""method"": ""solar_none"", ""metric"": ""within_label_silhouette__sample_ID"", ""population"": ""joint"", ""stat"": ""F""}"
Table S9 (arms)-03606,si,Table S9 (arms),S,summary,"{""dim"": 128, ""method"": ""solar_none"", ""metric"": ""within_label_silhouette__sample_ID"", ""population"": ""joint"", ""stat"": ""na_code""}"
Table S9 (arms)-03607,si,Table S9 (arms),NA,summary,"{""dim"": 128, ""method"": ""solar_none"", ""metric"": ""within_label_silhouette__sample_ID"", ""population"": ""query"", ""stat"": ""mean""}"
Table S9 (arms)-03608,si,Table S9 (arms),–,summary,"{""dim"": 128, ""method"": ""solar_none"", ""metric"": ""within_label_silhouette__sample_ID"", ""population"": ""query"", ""stat"": ""sd""}"
Table S9 (arms)-03609,si,Table S9 (arms),0/1,summary,"{""dim"": 128, ""method"": ""solar_none"", ""metric"": ""within_label_silhouette__sample_ID"", ""population"": ""query"", ""stat"": ""D""}"
Table S9 (arms)-03610,si,Table S9 (arms),0/3,summary,"{""dim"": 128, ""method"": ""solar_none"", ""metric"": ""within_label_silhouette__sample_ID"", ""population"": ""query"", ""stat"": ""B""}"
Table S9 (arms)-03611,si,Table S9 (arms),0/15,summary,"{""dim"": 128, ""method"": ""solar_none"", ""metric"": ""within_label_silhouette__sample_ID"", ""population"": ""query"", ""stat"": ""F""}"
Table S9 (arms)-03612,si,Table S9 (arms),"C,S",summary,"{""dim"": 128, ""method"": ""solar_none"", ""metric"": ""within_label_silhouette__sample_ID"", ""population"": ""query"", ""stat"": ""na_code""}"
Table S9 (arms)-03613,si,Table S9 (arms),0.022,summary,"{""dim"": 128, ""method"": ""solar_none"", ""metric"": ""within_label_silhouette__sample_ID"", ""population"": ""reference"", ""stat"": ""mean""}"
Table S9 (arms)-03614,si,Table S9 (arms),0.005,summary,"{""dim"": 128, ""method"": ""solar_none"", ""metric"": ""within_label_silhouette__sample_ID"", ""population"": ""reference"", ""stat"": ""sd""}"
Table S9 (arms)-03615,si,Table S9 (arms),1/1,summary,"{""dim"": 128, ""method"": ""solar_none"", ""metric"": ""within_label_silhouette__sample_ID"", ""population"": ""reference"", ""stat"": ""D""}"
Table S9 (arms)-03616,si,Table S9 (arms),3/3,summary,"{""dim"": 128, ""method"": ""solar_none"", ""metric"": ""within_label_silhouette__sample_ID"", ""population"": ""reference"", ""stat"": ""B""}"
Table S9 (arms)-03617,si,Table S9 (arms),15/15,summary,"{""dim"": 128, ""method"": ""solar_none"", ""metric"": ""within_label_silhouette__sample_ID"", ""population"": ""reference"", ""stat"": ""F""}"
Table S9 (arms)-03618,si,Table S9 (arms),S,summary,"{""dim"": 128, ""method"": ""solar_none"", ""metric"": ""within_label_silhouette__sample_ID"", ""population"": ""reference"", ""stat"": ""na_code""}"
Table S9 (arms)-03619,si,Table S9 (arms),0.032,summary,"{""dim"": 128, ""method"": ""solar_none"", ""metric"": ""within_label_silhouette__study"", ""population"": ""joint"", ""stat"": ""mean""}"
Table S9 (arms)-03620,si,Table S9 (arms),0.019,summary,"{""dim"": 128, ""method"": ""solar_none"", ""metric"": ""within_label_silhouette__study"", ""population"": ""joint"", ""stat"": ""sd""}"
Table S9 (arms)-03621,si,Table S9 (arms),1/1,summary,"{""dim"": 128, ""method"": ""solar_none"", ""metric"": ""within_label_silhouette__study"", ""population"": ""joint"", ""stat"": ""D""}"
Table S9 (arms)-03622,si,Table S9 (arms),3/3,summary,"{""dim"": 128, ""method"": ""solar_none"", ""metric"": ""within_label_silhouette__study"", ""population"": ""joint"", ""stat"": ""B""}"
Table S9 (arms)-03623,si,Table S9 (arms),15/15,summary,"{""dim"": 128, ""method"": ""solar_none"", ""metric"": ""within_label_silhouette__study"", ""population"": ""joint"", ""stat"": ""F""}"
Table S9 (arms)-03624,si,Table S9 (arms),S,summary,"{""dim"": 128, ""method"": ""solar_none"", ""metric"": ""within_label_silhouette__study"", ""population"": ""joint"", ""stat"": ""na_code""}"
Table S9 (arms)-03625,si,Table S9 (arms),NA,summary,"{""dim"": 128, ""method"": ""solar_none"", ""metric"": ""within_label_silhouette__study"", ""population"": ""query"", ""stat"": ""mean""}"
Table S9 (arms)-03626,si,Table S9 (arms),–,summary,"{""dim"": 128, ""method"": ""solar_none"", ""metric"": ""within_label_silhouette__study"", ""population"": ""query"", ""stat"": ""sd""}"
Table S9 (arms)-03627,si,Table S9 (arms),0/1,summary,"{""dim"": 128, ""method"": ""solar_none"", ""metric"": ""within_label_silhouette__study"", ""population"": ""query"", ""stat"": ""D""}"
Table S9 (arms)-03628,si,Table S9 (arms),0/3,summary,"{""dim"": 128, ""method"": ""solar_none"", ""metric"": ""within_label_silhouette__study"", ""population"": ""query"", ""stat"": ""B""}"
Table S9 (arms)-03629,si,Table S9 (arms),0/15,summary,"{""dim"": 128, ""method"": ""solar_none"", ""metric"": ""within_label_silhouette__study"", ""population"": ""query"", ""stat"": ""F""}"
Table S9 (arms)-03630,si,Table S9 (arms),"C,S",summary,"{""dim"": 128, ""method"": ""solar_none"", ""metric"": ""within_label_silhouette__study"", ""population"": ""query"", ""stat"": ""na_code""}"
Table S9 (arms)-03631,si,Table S9 (arms),0.022,summary,"{""dim"": 128, ""method"": ""solar_none"", ""metric"": ""within_label_silhouette__study"", ""population"": ""reference"", ""stat"": ""mean""}"
Table S9 (arms)-03632,si,Table S9 (arms),0.005,summary,"{""dim"": 128, ""method"": ""solar_none"", ""metric"": ""within_label_silhouette__study"", ""population"": ""reference"", ""stat"": ""sd""}"
Table S9 (arms)-03633,si,Table S9 (arms),1/1,summary,"{""dim"": 128, ""method"": ""solar_none"", ""metric"": ""within_label_silhouette__study"", ""population"": ""reference"", ""stat"": ""D""}"
Table S9 (arms)-03634,si,Table S9 (arms),3/3,summary,"{""dim"": 128, ""method"": ""solar_none"", ""metric"": ""within_label_silhouette__study"", ""population"": ""reference"", ""stat"": ""B""}"
Table S9 (arms)-03635,si,Table S9 (arms),15/15,summary,"{""dim"": 128, ""method"": ""solar_none"", ""metric"": ""within_label_silhouette__study"", ""population"": ""reference"", ""stat"": ""F""}"
Table S9 (arms)-03636,si,Table S9 (arms),S,summary,"{""dim"": 128, ""method"": ""solar_none"", ""metric"": ""within_label_silhouette__study"", ""population"": ""reference"", ""stat"": ""na_code""}"
Table S8-03637,si,Table S8,0.441,contrast,"{""left"": [""solar_orthogonal"", 30], ""metric"": ""ARI_cluster/label"", ""population"": ""joint"", ""right"": [""solar_orthogonal"", 128], ""stat"": ""L""}"
Table S8-03638,si,Table S8,0.404,contrast,"{""left"": [""solar_orthogonal"", 30], ""metric"": ""ARI_cluster/label"", ""population"": ""joint"", ""right"": [""solar_orthogonal"", 128], ""stat"": ""R""}"
Table S8-03639,si,Table S8,+0.036,contrast,"{""left"": [""solar_orthogonal"", 30], ""metric"": ""ARI_cluster/label"", ""population"": ""joint"", ""right"": [""solar_orthogonal"", 128], ""stat"": ""delta""}"
Table S8-03640,si,Table S8,3/3,contrast,"{""left"": [""solar_orthogonal"", 30], ""metric"": ""ARI_cluster/label"", ""population"": ""joint"", ""right"": [""solar_orthogonal"", 128], ""stat"": ""D""}"
Table S8-03641,si,Table S8,9/9,contrast,"{""left"": [""solar_orthogonal"", 30], ""metric"": ""ARI_cluster/label"", ""population"": ""joint"", ""right"": [""solar_orthogonal"", 128], ""stat"": ""B""}"
Table S8-03642,si,Table S8,45/45,contrast,"{""left"": [""solar_orthogonal"", 30], ""metric"": ""ARI_cluster/label"", ""population"": ""joint"", ""right"": [""solar_orthogonal"", 128], ""stat"": ""FL""}"
Table S8-03643,si,Table S8,45/45,contrast,"{""left"": [""solar_orthogonal"", 30], ""metric"": ""ARI_cluster/label"", ""population"": ""joint"", ""right"": [""solar_orthogonal"", 128], ""stat"": ""FR""}"
Table S8-03644,si,Table S8,0.873,contrast,"{""left"": [""solar_orthogonal"", 30], ""metric"": ""ASW_label"", ""population"": ""joint"", ""right"": [""solar_orthogonal"", 128], ""stat"": ""L""}"
Table S8-03645,si,Table S8,0.869,contrast,"{""left"": [""solar_orthogonal"", 30], ""metric"": ""ASW_label"", ""population"": ""joint"", ""right"": [""solar_orthogonal"", 128], ""stat"": ""R""}"
Table S8-03646,si,Table S8,+0.004,contrast,"{""left"": [""solar_orthogonal"", 30], ""metric"": ""ASW_label"", ""population"": ""joint"", ""right"": [""solar_orthogonal"", 128], ""stat"": ""delta""}"
Table S8-03647,si,Table S8,3/3,contrast,"{""left"": [""solar_orthogonal"", 30], ""metric"": ""ASW_label"", ""population"": ""joint"", ""right"": [""solar_orthogonal"", 128], ""stat"": ""D""}"
Table S8-03648,si,Table S8,9/9,contrast,"{""left"": [""solar_orthogonal"", 30], ""metric"": ""ASW_label"", ""population"": ""joint"", ""right"": [""solar_orthogonal"", 128], ""stat"": ""B""}"
Table S8-03649,si,Table S8,45/45,contrast,"{""left"": [""solar_orthogonal"", 30], ""metric"": ""ASW_label"", ""population"": ""joint"", ""right"": [""solar_orthogonal"", 128], ""stat"": ""FL""}"
Table S8-03650,si,Table S8,45/45,contrast,"{""left"": [""solar_orthogonal"", 30], ""metric"": ""ASW_label"", ""population"": ""joint"", ""right"": [""solar_orthogonal"", 128], ""stat"": ""FR""}"
Table S8-03651,si,Table S8,0.836,contrast,"{""left"": [""solar_orthogonal"", 30], ""metric"": ""ASW_label/batch"", ""population"": ""joint"", ""right"": [""solar_orthogonal"", 128], ""stat"": ""L""}"
Table S8-03652,si,Table S8,0.842,contrast,"{""left"": [""solar_orthogonal"", 30], ""metric"": ""ASW_label/batch"", ""population"": ""joint"", ""right"": [""solar_orthogonal"", 128], ""stat"": ""R""}"
Table S8-03653,si,Table S8,-0.006,contrast,"{""left"": [""solar_orthogonal"", 30], ""metric"": ""ASW_label/batch"", ""population"": ""joint"", ""right"": [""solar_orthogonal"", 128], ""stat"": ""delta""}"
Table S8-03654,si,Table S8,3/3,contrast,"{""left"": [""solar_orthogonal"", 30], ""metric"": ""ASW_label/batch"", ""population"": ""joint"", ""right"": [""solar_orthogonal"", 128], ""stat"": ""D""}"
Table S8-03655,si,Table S8,9/9,contrast,"{""left"": [""solar_orthogonal"", 30], ""metric"": ""ASW_label/batch"", ""population"": ""joint"", ""right"": [""solar_orthogonal"", 128], ""stat"": ""B""}"
Table S8-03656,si,Table S8,45/45,contrast,"{""left"": [""solar_orthogonal"", 30], ""metric"": ""ASW_label/batch"", ""population"": ""joint"", ""right"": [""solar_orthogonal"", 128], ""stat"": ""FL""}"
Table S8-03657,si,Table S8,45/45,contrast,"{""left"": [""solar_orthogonal"", 30], ""metric"": ""ASW_label/batch"", ""population"": ""joint"", ""right"": [""solar_orthogonal"", 128], ""stat"": ""FR""}"
Table S8-03658,si,Table S8,0.774,contrast,"{""left"": [""solar_orthogonal"", 30], ""metric"": ""NMI_cluster/label"", ""population"": ""joint"", ""right"": [""solar_orthogonal"", 128], ""stat"": ""L""}"
Table S8-03659,si,Table S8,0.758,contrast,"{""left"": [""solar_orthogonal"", 30], ""metric"": ""NMI_cluster/label"", ""population"": ""joint"", ""right"": [""solar_orthogonal"", 128], ""stat"": ""R""}"
Table S8-03660,si,Table S8,+0.016,contrast,"{""left"": [""solar_orthogonal"", 30], ""metric"": ""NMI_cluster/label"", ""population"": ""joint"", ""right"": [""solar_orthogonal"", 128], ""stat"": ""delta""}"
Table S8-03661,si,Table S8,3/3,contrast,"{""left"": [""solar_orthogonal"", 30], ""metric"": ""NMI_cluster/label"", ""population"": ""joint"", ""right"": [""solar_orthogonal"", 128], ""stat"": ""D""}"
Table S8-03662,si,Table S8,9/9,contrast,"{""left"": [""solar_orthogonal"", 30], ""metric"": ""NMI_cluster/label"", ""population"": ""joint"", ""right"": [""solar_orthogonal"", 128], ""stat"": ""B""}"
Table S8-03663,si,Table S8,45/45,contrast,"{""left"": [""solar_orthogonal"", 30], ""metric"": ""NMI_cluster/label"", ""population"": ""joint"", ""right"": [""solar_orthogonal"", 128], ""stat"": ""FL""}"
Table S8-03664,si,Table S8,45/45,contrast,"{""left"": [""solar_orthogonal"", 30], ""metric"": ""NMI_cluster/label"", ""population"": ""joint"", ""right"": [""solar_orthogonal"", 128], ""stat"": ""FR""}"
Table S8-03665,si,Table S8,0.777,contrast,"{""left"": [""solar_orthogonal"", 30], ""metric"": ""PCR_batch"", ""population"": ""joint"", ""right"": [""solar_orthogonal"", 128], ""stat"": ""L""}"
Table S8-03666,si,Table S8,0.771,contrast,"{""left"": [""solar_orthogonal"", 30], ""metric"": ""PCR_batch"", ""population"": ""joint"", ""right"": [""solar_orthogonal"", 128], ""stat"": ""R""}"
Table S8-03667,si,Table S8,+0.005,contrast,"{""left"": [""solar_orthogonal"", 30], ""metric"": ""PCR_batch"", ""population"": ""joint"", ""right"": [""solar_orthogonal"", 128], ""stat"": ""delta""}"
Table S8-03668,si,Table S8,3/3,contrast,"{""left"": [""solar_orthogonal"", 30], ""metric"": ""PCR_batch"", ""population"": ""joint"", ""right"": [""solar_orthogonal"", 128], ""stat"": ""D""}"
Table S8-03669,si,Table S8,9/9,contrast,"{""left"": [""solar_orthogonal"", 30], ""metric"": ""PCR_batch"", ""population"": ""joint"", ""right"": [""solar_orthogonal"", 128], ""stat"": ""B""}"
Table S8-03670,si,Table S8,45/45,contrast,"{""left"": [""solar_orthogonal"", 30], ""metric"": ""PCR_batch"", ""population"": ""joint"", ""right"": [""solar_orthogonal"", 128], ""stat"": ""FL""}"
Table S8-03671,si,Table S8,45/45,contrast,"{""left"": [""solar_orthogonal"", 30], ""metric"": ""PCR_batch"", ""population"": ""joint"", ""right"": [""solar_orthogonal"", 128], ""stat"": ""FR""}"
Table S8-03672,si,Table S8,0.837,contrast,"{""left"": [""solar_orthogonal"", 30], ""metric"": ""balanced_accuracy"", ""population"": ""query"", ""right"": [""solar_orthogonal"", 128], ""stat"": ""L""}"
Table S8-03673,si,Table S8,0.838,contrast,"{""left"": [""solar_orthogonal"", 30], ""metric"": ""balanced_accuracy"", ""population"": ""query"", ""right"": [""solar_orthogonal"", 128], ""stat"": ""R""}"
Table S8-03674,si,Table S8,0.000,contrast,"{""left"": [""solar_orthogonal"", 30], ""metric"": ""balanced_accuracy"", ""population"": ""query"", ""right"": [""solar_orthogonal"", 128], ""stat"": ""delta""}"
Table S8-03675,si,Table S8,3/3,contrast,"{""left"": [""solar_orthogonal"", 30], ""metric"": ""balanced_accuracy"", ""population"": ""query"", ""right"": [""solar_orthogonal"", 128], ""stat"": ""D""}"
Table S8-03676,si,Table S8,9/9,contrast,"{""left"": [""solar_orthogonal"", 30], ""metric"": ""balanced_accuracy"", ""population"": ""query"", ""right"": [""solar_orthogonal"", 128], ""stat"": ""B""}"
Table S8-03677,si,Table S8,45/45,contrast,"{""left"": [""solar_orthogonal"", 30], ""metric"": ""balanced_accuracy"", ""population"": ""query"", ""right"": [""solar_orthogonal"", 128], ""stat"": ""FL""}"
Table S8-03678,si,Table S8,45/45,contrast,"{""left"": [""solar_orthogonal"", 30], ""metric"": ""balanced_accuracy"", ""population"": ""query"", ""right"": [""solar_orthogonal"", 128], ""stat"": ""FR""}"
Table S8-03679,si,Table S8,1.000,contrast,"{""left"": [""solar_orthogonal"", 30], ""metric"": ""cLISI"", ""population"": ""joint"", ""right"": [""solar_orthogonal"", 128], ""stat"": ""L""}"
Table S8-03680,si,Table S8,1.000,contrast,"{""left"": [""solar_orthogonal"", 30], ""metric"": ""cLISI"", ""population"": ""joint"", ""right"": [""solar_orthogonal"", 128], ""stat"": ""R""}"
Table S8-03681,si,Table S8,+0.000,contrast,"{""left"": [""solar_orthogonal"", 30], ""metric"": ""cLISI"", ""population"": ""joint"", ""right"": [""solar_orthogonal"", 128], ""stat"": ""delta""}"
Table S8-03682,si,Table S8,3/3,contrast,"{""left"": [""solar_orthogonal"", 30], ""metric"": ""cLISI"", ""population"": ""joint"", ""right"": [""solar_orthogonal"", 128], ""stat"": ""D""}"
Table S8-03683,si,Table S8,9/9,contrast,"{""left"": [""solar_orthogonal"", 30], ""metric"": ""cLISI"", ""population"": ""joint"", ""right"": [""solar_orthogonal"", 128], ""stat"": ""B""}"
Table S8-03684,si,Table S8,45/45,contrast,"{""left"": [""solar_orthogonal"", 30], ""metric"": ""cLISI"", ""population"": ""joint"", ""right"": [""solar_orthogonal"", 128], ""stat"": ""FL""}"
Table S8-03685,si,Table S8,45/45,contrast,"{""left"": [""solar_orthogonal"", 30], ""metric"": ""cLISI"", ""population"": ""joint"", ""right"": [""solar_orthogonal"", 128], ""stat"": ""FR""}"
Table S8-03686,si,Table S8,0.527,contrast,"{""left"": [""solar_orthogonal"", 30], ""metric"": ""cell_cycle_conservation"", ""population"": ""joint"", ""right"": [""solar_orthogonal"", 128], ""stat"": ""L""}"
Table S8-03687,si,Table S8,0.539,contrast,"{""left"": [""solar_orthogonal"", 30], ""metric"": ""cell_cycle_conservation"", ""population"": ""joint"", ""right"": [""solar_orthogonal"", 128], ""stat"": ""R""}"
Table S8-03688,si,Table S8,-0.012,contrast,"{""left"": [""solar_orthogonal"", 30], ""metric"": ""cell_cycle_conservation"", ""population"": ""joint"", ""right"": [""solar_orthogonal"", 128], ""stat"": ""delta""}"
Table S8-03689,si,Table S8,3/3,contrast,"{""left"": [""solar_orthogonal"", 30], ""metric"": ""cell_cycle_conservation"", ""population"": ""joint"", ""right"": [""solar_orthogonal"", 128], ""stat"": ""D""}"
Table S8-03690,si,Table S8,9/9,contrast,"{""left"": [""solar_orthogonal"", 30], ""metric"": ""cell_cycle_conservation"", ""population"": ""joint"", ""right"": [""solar_orthogonal"", 128], ""stat"": ""B""}"
Table S8-03691,si,Table S8,45/45,contrast,"{""left"": [""solar_orthogonal"", 30], ""metric"": ""cell_cycle_conservation"", ""population"": ""joint"", ""right"": [""solar_orthogonal"", 128], ""stat"": ""FL""}"
Table S8-03692,si,Table S8,45/45,contrast,"{""left"": [""solar_orthogonal"", 30], ""metric"": ""cell_cycle_conservation"", ""population"": ""joint"", ""right"": [""solar_orthogonal"", 128], ""stat"": ""FR""}"
Table S8-03693,si,Table S8,NA,contrast,"{""left"": [""solar_orthogonal"", 30], ""metric"": ""hvg_overlap"", ""population"": ""joint"", ""right"": [""solar_orthogonal"", 128], ""stat"": ""L""}"
Table S8-03694,si,Table S8,NA,contrast,"{""left"": [""solar_orthogonal"", 30], ""metric"": ""hvg_overlap"", ""population"": ""joint"", ""right"": [""solar_orthogonal"", 128], ""stat"": ""R""}"
Table S8-03695,si,Table S8,NA,contrast,"{""left"": [""solar_orthogonal"", 30], ""metric"": ""hvg_overlap"", ""population"": ""joint"", ""right"": [""solar_orthogonal"", 128], ""stat"": ""delta""}"
Table S8-03696,si,Table S8,0/3,contrast,"{""left"": [""solar_orthogonal"", 30], ""metric"": ""hvg_overlap"", ""population"": ""joint"", ""right"": [""solar_orthogonal"", 128], ""stat"": ""D""}"
Table S8-03697,si,Table S8,0/9,contrast,"{""left"": [""solar_orthogonal"", 30], ""metric"": ""hvg_overlap"", ""population"": ""joint"", ""right"": [""solar_orthogonal"", 128], ""stat"": ""B""}"
Table S8-03698,si,Table S8,0/45,contrast,"{""left"": [""solar_orthogonal"", 30], ""metric"": ""hvg_overlap"", ""population"": ""joint"", ""right"": [""solar_orthogonal"", 128], ""stat"": ""FL""}"
Table S8-03699,si,Table S8,0/45,contrast,"{""left"": [""solar_orthogonal"", 30], ""metric"": ""hvg_overlap"", ""population"": ""joint"", ""right"": [""solar_orthogonal"", 128], ""stat"": ""FR""}"
Table S8-03700,si,Table S8,1.740,contrast,"{""left"": [""solar_orthogonal"", 30], ""metric"": ""iLISI"", ""population"": ""joint"", ""right"": [""solar_orthogonal"", 128], ""stat"": ""L""}"
Table S8-03701,si,Table S8,1.268,contrast,"{""left"": [""solar_orthogonal"", 30], ""metric"": ""iLISI"", ""population"": ""joint"", ""right"": [""solar_orthogonal"", 128], ""stat"": ""R""}"
Table S8-03702,si,Table S8,+0.472,contrast,"{""left"": [""solar_orthogonal"", 30], ""metric"": ""iLISI"", ""population"": ""joint"", ""right"": [""solar_orthogonal"", 128], ""stat"": ""delta""}"
Table S8-03703,si,Table S8,3/3,contrast,"{""left"": [""solar_orthogonal"", 30], ""metric"": ""iLISI"", ""population"": ""joint"", ""right"": [""solar_orthogonal"", 128], ""stat"": ""D""}"
Table S8-03704,si,Table S8,9/9,contrast,"{""left"": [""solar_orthogonal"", 30], ""metric"": ""iLISI"", ""population"": ""joint"", ""right"": [""solar_orthogonal"", 128], ""stat"": ""B""}"
Table S8-03705,si,Table S8,45/45,contrast,"{""left"": [""solar_orthogonal"", 30], ""metric"": ""iLISI"", ""population"": ""joint"", ""right"": [""solar_orthogonal"", 128], ""stat"": ""FL""}"
Table S8-03706,si,Table S8,45/45,contrast,"{""left"": [""solar_orthogonal"", 30], ""metric"": ""iLISI"", ""population"": ""joint"", ""right"": [""solar_orthogonal"", 128], ""stat"": ""FR""}"
Table S8-03707,si,Table S8,0.501,contrast,"{""left"": [""solar_orthogonal"", 30], ""metric"": ""isolated_label_silhouette"", ""population"": ""joint"", ""right"": [""solar_orthogonal"", 128], ""stat"": ""L""}"
Table S8-03708,si,Table S8,0.501,contrast,"{""left"": [""solar_orthogonal"", 30], ""metric"": ""isolated_label_silhouette"", ""population"": ""joint"", ""right"": [""solar_orthogonal"", 128], ""stat"": ""R""}"
Table S8-03709,si,Table S8,+0.000,contrast,"{""left"": [""solar_orthogonal"", 30], ""metric"": ""isolated_label_silhouette"", ""population"": ""joint"", ""right"": [""solar_orthogonal"", 128], ""stat"": ""delta""}"
Table S8-03710,si,Table S8,3/3,contrast,"{""left"": [""solar_orthogonal"", 30], ""metric"": ""isolated_label_silhouette"", ""population"": ""joint"", ""right"": [""solar_orthogonal"", 128], ""stat"": ""D""}"
Table S8-03711,si,Table S8,9/9,contrast,"{""left"": [""solar_orthogonal"", 30], ""metric"": ""isolated_label_silhouette"", ""population"": ""joint"", ""right"": [""solar_orthogonal"", 128], ""stat"": ""B""}"
Table S8-03712,si,Table S8,45/45,contrast,"{""left"": [""solar_orthogonal"", 30], ""metric"": ""isolated_label_silhouette"", ""population"": ""joint"", ""right"": [""solar_orthogonal"", 128], ""stat"": ""FL""}"
Table S8-03713,si,Table S8,45/45,contrast,"{""left"": [""solar_orthogonal"", 30], ""metric"": ""isolated_label_silhouette"", ""population"": ""joint"", ""right"": [""solar_orthogonal"", 128], ""stat"": ""FR""}"
Table S8-03714,si,Table S8,0.811,contrast,"{""left"": [""solar_orthogonal"", 30], ""metric"": ""macro_f1"", ""population"": ""query"", ""right"": [""solar_orthogonal"", 128], ""stat"": ""L""}"
Table S8-03715,si,Table S8,0.813,contrast,"{""left"": [""solar_orthogonal"", 30], ""metric"": ""macro_f1"", ""population"": ""query"", ""right"": [""solar_orthogonal"", 128], ""stat"": ""R""}"
Table S8-03716,si,Table S8,-0.002,contrast,"{""left"": [""solar_orthogonal"", 30], ""metric"": ""macro_f1"", ""population"": ""query"", ""right"": [""solar_orthogonal"", 128], ""stat"": ""delta""}"
Table S8-03717,si,Table S8,3/3,contrast,"{""left"": [""solar_orthogonal"", 30], ""metric"": ""macro_f1"", ""population"": ""query"", ""right"": [""solar_orthogonal"", 128], ""stat"": ""D""}"
Table S8-03718,si,Table S8,9/9,contrast,"{""left"": [""solar_orthogonal"", 30], ""metric"": ""macro_f1"", ""population"": ""query"", ""right"": [""solar_orthogonal"", 128], ""stat"": ""B""}"
Table S8-03719,si,Table S8,45/45,contrast,"{""left"": [""solar_orthogonal"", 30], ""metric"": ""macro_f1"", ""population"": ""query"", ""right"": [""solar_orthogonal"", 128], ""stat"": ""FL""}"
Table S8-03720,si,Table S8,45/45,contrast,"{""left"": [""solar_orthogonal"", 30], ""metric"": ""macro_f1"", ""population"": ""query"", ""right"": [""solar_orthogonal"", 128], ""stat"": ""FR""}"
Table S8-03721,si,Table S8,0.861,contrast,"{""left"": [""solar_orthogonal"", 30], ""metric"": ""pseudotime_smoothness"", ""population"": ""joint"", ""right"": [""solar_orthogonal"", 128], ""stat"": ""L""}"
Table S8-03722,si,Table S8,0.873,contrast,"{""left"": [""solar_orthogonal"", 30], ""metric"": ""pseudotime_smoothness"", ""population"": ""joint"", ""right"": [""solar_orthogonal"", 128], ""stat"": ""R""}"
Table S8-03723,si,Table S8,-0.012,contrast,"{""left"": [""solar_orthogonal"", 30], ""metric"": ""pseudotime_smoothness"", ""population"": ""joint"", ""right"": [""solar_orthogonal"", 128], ""stat"": ""delta""}"
Table S8-03724,si,Table S8,1/1,contrast,"{""left"": [""solar_orthogonal"", 30], ""metric"": ""pseudotime_smoothness"", ""population"": ""joint"", ""right"": [""solar_orthogonal"", 128], ""stat"": ""D""}"
Table S8-03725,si,Table S8,3/3,contrast,"{""left"": [""solar_orthogonal"", 30], ""metric"": ""pseudotime_smoothness"", ""population"": ""joint"", ""right"": [""solar_orthogonal"", 128], ""stat"": ""B""}"
Table S8-03726,si,Table S8,15/15,contrast,"{""left"": [""solar_orthogonal"", 30], ""metric"": ""pseudotime_smoothness"", ""population"": ""joint"", ""right"": [""solar_orthogonal"", 128], ""stat"": ""FL""}"
Table S8-03727,si,Table S8,15/15,contrast,"{""left"": [""solar_orthogonal"", 30], ""metric"": ""pseudotime_smoothness"", ""population"": ""joint"", ""right"": [""solar_orthogonal"", 128], ""stat"": ""FR""}"
Table S8-03728,si,Table S8,0.947,contrast,"{""left"": [""solar_orthogonal"", 30], ""metric"": ""pseudotime_smoothness"", ""population"": ""query"", ""right"": [""solar_orthogonal"", 128], ""stat"": ""L""}"
Table S8-03729,si,Table S8,0.949,contrast,"{""left"": [""solar_orthogonal"", 30], ""metric"": ""pseudotime_smoothness"", ""population"": ""query"", ""right"": [""solar_orthogonal"", 128], ""stat"": ""R""}"
Table S8-03730,si,Table S8,-0.002,contrast,"{""left"": [""solar_orthogonal"", 30], ""metric"": ""pseudotime_smoothness"", ""population"": ""query"", ""right"": [""solar_orthogonal"", 128], ""stat"": ""delta""}"
Table S8-03731,si,Table S8,1/1,contrast,"{""left"": [""solar_orthogonal"", 30], ""metric"": ""pseudotime_smoothness"", ""population"": ""query"", ""right"": [""solar_orthogonal"", 128], ""stat"": ""D""}"
Table S8-03732,si,Table S8,1/3,contrast,"{""left"": [""solar_orthogonal"", 30], ""metric"": ""pseudotime_smoothness"", ""population"": ""query"", ""right"": [""solar_orthogonal"", 128], ""stat"": ""B""}"
Table S8-03733,si,Table S8,5/15,contrast,"{""left"": [""solar_orthogonal"", 30], ""metric"": ""pseudotime_smoothness"", ""population"": ""query"", ""right"": [""solar_orthogonal"", 128], ""stat"": ""FL""}"
Table S8-03734,si,Table S8,5/15,contrast,"{""left"": [""solar_orthogonal"", 30], ""metric"": ""pseudotime_smoothness"", ""population"": ""query"", ""right"": [""solar_orthogonal"", 128], ""stat"": ""FR""}"
Table S8-03735,si,Table S8,0.837,contrast,"{""left"": [""solar_orthogonal"", 30], ""metric"": ""pseudotime_smoothness"", ""population"": ""reference"", ""right"": [""solar_orthogonal"", 128], ""stat"": ""L""}"
Table S8-03736,si,Table S8,0.852,contrast,"{""left"": [""solar_orthogonal"", 30], ""metric"": ""pseudotime_smoothness"", ""population"": ""reference"", ""right"": [""solar_orthogonal"", 128], ""stat"": ""R""}"
Table S8-03737,si,Table S8,-0.014,contrast,"{""left"": [""solar_orthogonal"", 30], ""metric"": ""pseudotime_smoothness"", ""population"": ""reference"", ""right"": [""solar_orthogonal"", 128], ""stat"": ""delta""}"
Table S8-03738,si,Table S8,1/1,contrast,"{""left"": [""solar_orthogonal"", 30], ""metric"": ""pseudotime_smoothness"", ""population"": ""reference"", ""right"": [""solar_orthogonal"", 128], ""stat"": ""D""}"
Table S8-03739,si,Table S8,3/3,contrast,"{""left"": [""solar_orthogonal"", 30], ""metric"": ""pseudotime_smoothness"", ""population"": ""reference"", ""right"": [""solar_orthogonal"", 128], ""stat"": ""B""}"
Table S8-03740,si,Table S8,15/15,contrast,"{""left"": [""solar_orthogonal"", 30], ""metric"": ""pseudotime_smoothness"", ""population"": ""reference"", ""right"": [""solar_orthogonal"", 128], ""stat"": ""FL""}"
Table S8-03741,si,Table S8,15/15,contrast,"{""left"": [""solar_orthogonal"", 30], ""metric"": ""pseudotime_smoothness"", ""population"": ""reference"", ""right"": [""solar_orthogonal"", 128], ""stat"": ""FR""}"
Table S8-03742,si,Table S8,0.654,contrast,"{""left"": [""solar_orthogonal"", 30], ""metric"": ""trajectory"", ""population"": ""joint"", ""right"": [""solar_orthogonal"", 128], ""stat"": ""L""}"
Table S8-03743,si,Table S8,0.623,contrast,"{""left"": [""solar_orthogonal"", 30], ""metric"": ""trajectory"", ""population"": ""joint"", ""right"": [""solar_orthogonal"", 128], ""stat"": ""R""}"
Table S8-03744,si,Table S8,+0.031,contrast,"{""left"": [""solar_orthogonal"", 30], ""metric"": ""trajectory"", ""population"": ""joint"", ""right"": [""solar_orthogonal"", 128], ""stat"": ""delta""}"
Table S8-03745,si,Table S8,1/1,contrast,"{""left"": [""solar_orthogonal"", 30], ""metric"": ""trajectory"", ""population"": ""joint"", ""right"": [""solar_orthogonal"", 128], ""stat"": ""D""}"
Table S8-03746,si,Table S8,3/3,contrast,"{""left"": [""solar_orthogonal"", 30], ""metric"": ""trajectory"", ""population"": ""joint"", ""right"": [""solar_orthogonal"", 128], ""stat"": ""B""}"
Table S8-03747,si,Table S8,15/15,contrast,"{""left"": [""solar_orthogonal"", 30], ""metric"": ""trajectory"", ""population"": ""joint"", ""right"": [""solar_orthogonal"", 128], ""stat"": ""FL""}"
Table S8-03748,si,Table S8,15/15,contrast,"{""left"": [""solar_orthogonal"", 30], ""metric"": ""trajectory"", ""population"": ""joint"", ""right"": [""solar_orthogonal"", 128], ""stat"": ""FR""}"
Table S8-03749,si,Table S8,0.912,contrast,"{""left"": [""solar_orthogonal"", 30], ""metric"": ""trustworthiness"", ""population"": ""joint"", ""right"": [""solar_orthogonal"", 128], ""stat"": ""L""}"
Table S8-03750,si,Table S8,0.933,contrast,"{""left"": [""solar_orthogonal"", 30], ""metric"": ""trustworthiness"", ""population"": ""joint"", ""right"": [""solar_orthogonal"", 128], ""stat"": ""R""}"
Table S8-03751,si,Table S8,-0.020,contrast,"{""left"": [""solar_orthogonal"", 30], ""metric"": ""trustworthiness"", ""population"": ""joint"", ""right"": [""solar_orthogonal"", 128], ""stat"": ""delta""}"
Table S8-03752,si,Table S8,2/2,contrast,"{""left"": [""solar_orthogonal"", 30], ""metric"": ""trustworthiness"", ""population"": ""joint"", ""right"": [""solar_orthogonal"", 128], ""stat"": ""D""}"
Table S8-03753,si,Table S8,6/6,contrast,"{""left"": [""solar_orthogonal"", 30], ""metric"": ""trustworthiness"", ""population"": ""joint"", ""right"": [""solar_orthogonal"", 128], ""stat"": ""B""}"
Table S8-03754,si,Table S8,30/30,contrast,"{""left"": [""solar_orthogonal"", 30], ""metric"": ""trustworthiness"", ""population"": ""joint"", ""right"": [""solar_orthogonal"", 128], ""stat"": ""FL""}"
Table S8-03755,si,Table S8,30/30,contrast,"{""left"": [""solar_orthogonal"", 30], ""metric"": ""trustworthiness"", ""population"": ""joint"", ""right"": [""solar_orthogonal"", 128], ""stat"": ""FR""}"
Table S8-03756,si,Table S8,0.936,contrast,"{""left"": [""solar_orthogonal"", 30], ""metric"": ""trustworthiness"", ""population"": ""query"", ""right"": [""solar_orthogonal"", 128], ""stat"": ""L""}"
Table S8-03757,si,Table S8,0.941,contrast,"{""left"": [""solar_orthogonal"", 30], ""metric"": ""trustworthiness"", ""population"": ""query"", ""right"": [""solar_orthogonal"", 128], ""stat"": ""R""}"
Table S8-03758,si,Table S8,-0.004,contrast,"{""left"": [""solar_orthogonal"", 30], ""metric"": ""trustworthiness"", ""population"": ""query"", ""right"": [""solar_orthogonal"", 128], ""stat"": ""delta""}"
Table S8-03759,si,Table S8,2/2,contrast,"{""left"": [""solar_orthogonal"", 30], ""metric"": ""trustworthiness"", ""population"": ""query"", ""right"": [""solar_orthogonal"", 128], ""stat"": ""D""}"
Table S8-03760,si,Table S8,6/6,contrast,"{""left"": [""solar_orthogonal"", 30], ""metric"": ""trustworthiness"", ""population"": ""query"", ""right"": [""solar_orthogonal"", 128], ""stat"": ""B""}"
Table S8-03761,si,Table S8,30/30,contrast,"{""left"": [""solar_orthogonal"", 30], ""metric"": ""trustworthiness"", ""population"": ""query"", ""right"": [""solar_orthogonal"", 128], ""stat"": ""FL""}"
Table S8-03762,si,Table S8,30/30,contrast,"{""left"": [""solar_orthogonal"", 30], ""metric"": ""trustworthiness"", ""population"": ""query"", ""right"": [""solar_orthogonal"", 128], ""stat"": ""FR""}"
Table S8-03763,si,Table S8,0.907,contrast,"{""left"": [""solar_orthogonal"", 30], ""metric"": ""trustworthiness"", ""population"": ""reference"", ""right"": [""solar_orthogonal"", 128], ""stat"": ""L""}"
Table S8-03764,si,Table S8,0.928,contrast,"{""left"": [""solar_orthogonal"", 30], ""metric"": ""trustworthiness"", ""population"": ""reference"", ""right"": [""solar_orthogonal"", 128], ""stat"": ""R""}"
Table S8-03765,si,Table S8,-0.021,contrast,"{""left"": [""solar_orthogonal"", 30], ""metric"": ""trustworthiness"", ""population"": ""reference"", ""right"": [""solar_orthogonal"", 128], ""stat"": ""delta""}"
Table S8-03766,si,Table S8,2/2,contrast,"{""left"": [""solar_orthogonal"", 30], ""metric"": ""trustworthiness"", ""population"": ""reference"", ""right"": [""solar_orthogonal"", 128], ""stat"": ""D""}"
Table S8-03767,si,Table S8,6/6,contrast,"{""left"": [""solar_orthogonal"", 30], ""metric"": ""trustworthiness"", ""population"": ""reference"", ""right"": [""solar_orthogonal"", 128], ""stat"": ""B""}"
Table S8-03768,si,Table S8,30/30,contrast,"{""left"": [""solar_orthogonal"", 30], ""metric"": ""trustworthiness"", ""population"": ""reference"", ""right"": [""solar_orthogonal"", 128], ""stat"": ""FL""}"
Table S8-03769,si,Table S8,30/30,contrast,"{""left"": [""solar_orthogonal"", 30], ""metric"": ""trustworthiness"", ""population"": ""reference"", ""right"": [""solar_orthogonal"", 128], ""stat"": ""FR""}"
Table S8-03770,si,Table S8,-0.108,contrast,"{""left"": [""solar_orthogonal"", 30], ""metric"": ""within_label_silhouette__donor"", ""population"": ""joint"", ""right"": [""solar_orthogonal"", 128], ""stat"": ""L""}"
Table S8-03771,si,Table S8,-0.095,contrast,"{""left"": [""solar_orthogonal"", 30], ""metric"": ""within_label_silhouette__donor"", ""population"": ""joint"", ""right"": [""solar_orthogonal"", 128], ""stat"": ""R""}"
Table S8-03772,si,Table S8,-0.012,contrast,"{""left"": [""solar_orthogonal"", 30], ""metric"": ""within_label_silhouette__donor"", ""population"": ""joint"", ""right"": [""solar_orthogonal"", 128], ""stat"": ""delta""}"
Table S8-03773,si,Table S8,1/1,contrast,"{""left"": [""solar_orthogonal"", 30], ""metric"": ""within_label_silhouette__donor"", ""population"": ""joint"", ""right"": [""solar_orthogonal"", 128], ""stat"": ""D""}"
Table S8-03774,si,Table S8,3/3,contrast,"{""left"": [""solar_orthogonal"", 30], ""metric"": ""within_label_silhouette__donor"", ""population"": ""joint"", ""right"": [""solar_orthogonal"", 128], ""stat"": ""B""}"
Table S8-03775,si,Table S8,15/15,contrast,"{""left"": [""solar_orthogonal"", 30], ""metric"": ""within_label_silhouette__donor"", ""population"": ""joint"", ""right"": [""solar_orthogonal"", 128], ""stat"": ""FL""}"
Table S8-03776,si,Table S8,15/15,contrast,"{""left"": [""solar_orthogonal"", 30], ""metric"": ""within_label_silhouette__donor"", ""population"": ""joint"", ""right"": [""solar_orthogonal"", 128], ""stat"": ""FR""}"
Table S8-03777,si,Table S8,NA,contrast,"{""left"": [""solar_orthogonal"", 30], ""metric"": ""within_label_silhouette__donor"", ""population"": ""query"", ""right"": [""solar_orthogonal"", 128], ""stat"": ""L""}"
Table S8-03778,si,Table S8,NA,contrast,"{""left"": [""solar_orthogonal"", 30], ""metric"": ""within_label_silhouette__donor"", ""population"": ""query"", ""right"": [""solar_orthogonal"", 128], ""stat"": ""R""}"
Table S8-03779,si,Table S8,NA,contrast,"{""left"": [""solar_orthogonal"", 30], ""metric"": ""within_label_silhouette__donor"", ""population"": ""query"", ""right"": [""solar_orthogonal"", 128], ""stat"": ""delta""}"
Table S8-03780,si,Table S8,0/1,contrast,"{""left"": [""solar_orthogonal"", 30], ""metric"": ""within_label_silhouette__donor"", ""population"": ""query"", ""right"": [""solar_orthogonal"", 128], ""stat"": ""D""}"
Table S8-03781,si,Table S8,0/3,contrast,"{""left"": [""solar_orthogonal"", 30], ""metric"": ""within_label_silhouette__donor"", ""population"": ""query"", ""right"": [""solar_orthogonal"", 128], ""stat"": ""B""}"
Table S8-03782,si,Table S8,0/15,contrast,"{""left"": [""solar_orthogonal"", 30], ""metric"": ""within_label_silhouette__donor"", ""population"": ""query"", ""right"": [""solar_orthogonal"", 128], ""stat"": ""FL""}"
Table S8-03783,si,Table S8,0/15,contrast,"{""left"": [""solar_orthogonal"", 30], ""metric"": ""within_label_silhouette__donor"", ""population"": ""query"", ""right"": [""solar_orthogonal"", 128], ""stat"": ""FR""}"
Table S8-03784,si,Table S8,-0.101,contrast,"{""left"": [""solar_orthogonal"", 30], ""metric"": ""within_label_silhouette__donor"", ""population"": ""reference"", ""right"": [""solar_orthogonal"", 128], ""stat"": ""L""}"
Table S8-03785,si,Table S8,-0.089,contrast,"{""left"": [""solar_orthogonal"", 30], ""metric"": ""within_label_silhouette__donor"", ""population"": ""reference"", ""right"": [""solar_orthogonal"", 128], ""stat"": ""R""}"
Table S8-03786,si,Table S8,-0.012,contrast,"{""left"": [""solar_orthogonal"", 30], ""metric"": ""within_label_silhouette__donor"", ""population"": ""reference"", ""right"": [""solar_orthogonal"", 128], ""stat"": ""delta""}"
Table S8-03787,si,Table S8,1/1,contrast,"{""left"": [""solar_orthogonal"", 30], ""metric"": ""within_label_silhouette__donor"", ""population"": ""reference"", ""right"": [""solar_orthogonal"", 128], ""stat"": ""D""}"
Table S8-03788,si,Table S8,3/3,contrast,"{""left"": [""solar_orthogonal"", 30], ""metric"": ""within_label_silhouette__donor"", ""population"": ""reference"", ""right"": [""solar_orthogonal"", 128], ""stat"": ""B""}"
Table S8-03789,si,Table S8,15/15,contrast,"{""left"": [""solar_orthogonal"", 30], ""metric"": ""within_label_silhouette__donor"", ""population"": ""reference"", ""right"": [""solar_orthogonal"", 128], ""stat"": ""FL""}"
Table S8-03790,si,Table S8,15/15,contrast,"{""left"": [""solar_orthogonal"", 30], ""metric"": ""within_label_silhouette__donor"", ""population"": ""reference"", ""right"": [""solar_orthogonal"", 128], ""stat"": ""FR""}"
Table S8-03791,si,Table S8,0.229,contrast,"{""left"": [""solar_orthogonal"", 30], ""metric"": ""within_label_silhouette__patientGroup"", ""population"": ""joint"", ""right"": [""solar_orthogonal"", 128], ""stat"": ""L""}"
Table S8-03792,si,Table S8,0.236,contrast,"{""left"": [""solar_orthogonal"", 30], ""metric"": ""within_label_silhouette__patientGroup"", ""population"": ""joint"", ""right"": [""solar_orthogonal"", 128], ""stat"": ""R""}"
Table S8-03793,si,Table S8,-0.007,contrast,"{""left"": [""solar_orthogonal"", 30], ""metric"": ""within_label_silhouette__patientGroup"", ""population"": ""joint"", ""right"": [""solar_orthogonal"", 128], ""stat"": ""delta""}"
Table S8-03794,si,Table S8,1/1,contrast,"{""left"": [""solar_orthogonal"", 30], ""metric"": ""within_label_silhouette__patientGroup"", ""population"": ""joint"", ""right"": [""solar_orthogonal"", 128], ""stat"": ""D""}"
Table S8-03795,si,Table S8,3/3,contrast,"{""left"": [""solar_orthogonal"", 30], ""metric"": ""within_label_silhouette__patientGroup"", ""population"": ""joint"", ""right"": [""solar_orthogonal"", 128], ""stat"": ""B""}"
Table S8-03796,si,Table S8,15/15,contrast,"{""left"": [""solar_orthogonal"", 30], ""metric"": ""within_label_silhouette__patientGroup"", ""population"": ""joint"", ""right"": [""solar_orthogonal"", 128], ""stat"": ""FL""}"
Table S8-03797,si,Table S8,15/15,contrast,"{""left"": [""solar_orthogonal"", 30], ""metric"": ""within_label_silhouette__patientGroup"", ""population"": ""joint"", ""right"": [""solar_orthogonal"", 128], ""stat"": ""FR""}"
Table S8-03798,si,Table S8,NA,contrast,"{""left"": [""solar_orthogonal"", 30], ""metric"": ""within_label_silhouette__patientGroup"", ""population"": ""query"", ""right"": [""solar_orthogonal"", 128], ""stat"": ""L""}"
Table S8-03799,si,Table S8,NA,contrast,"{""left"": [""solar_orthogonal"", 30], ""metric"": ""within_label_silhouette__patientGroup"", ""population"": ""query"", ""right"": [""solar_orthogonal"", 128], ""stat"": ""R""}"
Table S8-03800,si,Table S8,NA,contrast,"{""left"": [""solar_orthogonal"", 30], ""metric"": ""within_label_silhouette__patientGroup"", ""population"": ""query"", ""right"": [""solar_orthogonal"", 128], ""stat"": ""delta""}"
Table S8-03801,si,Table S8,0/1,contrast,"{""left"": [""solar_orthogonal"", 30], ""metric"": ""within_label_silhouette__patientGroup"", ""population"": ""query"", ""right"": [""solar_orthogonal"", 128], ""stat"": ""D""}"
Table S8-03802,si,Table S8,0/3,contrast,"{""left"": [""solar_orthogonal"", 30], ""metric"": ""within_label_silhouette__patientGroup"", ""population"": ""query"", ""right"": [""solar_orthogonal"", 128], ""stat"": ""B""}"
Table S8-03803,si,Table S8,0/15,contrast,"{""left"": [""solar_orthogonal"", 30], ""metric"": ""within_label_silhouette__patientGroup"", ""population"": ""query"", ""right"": [""solar_orthogonal"", 128], ""stat"": ""FL""}"
Table S8-03804,si,Table S8,0/15,contrast,"{""left"": [""solar_orthogonal"", 30], ""metric"": ""within_label_silhouette__patientGroup"", ""population"": ""query"", ""right"": [""solar_orthogonal"", 128], ""stat"": ""FR""}"
Table S8-03805,si,Table S8,0.243,contrast,"{""left"": [""solar_orthogonal"", 30], ""metric"": ""within_label_silhouette__patientGroup"", ""population"": ""reference"", ""right"": [""solar_orthogonal"", 128], ""stat"": ""L""}"
Table S8-03806,si,Table S8,0.250,contrast,"{""left"": [""solar_orthogonal"", 30], ""metric"": ""within_label_silhouette__patientGroup"", ""population"": ""reference"", ""right"": [""solar_orthogonal"", 128], ""stat"": ""R""}"
Table S8-03807,si,Table S8,-0.006,contrast,"{""left"": [""solar_orthogonal"", 30], ""metric"": ""within_label_silhouette__patientGroup"", ""population"": ""reference"", ""right"": [""solar_orthogonal"", 128], ""stat"": ""delta""}"
Table S8-03808,si,Table S8,1/1,contrast,"{""left"": [""solar_orthogonal"", 30], ""metric"": ""within_label_silhouette__patientGroup"", ""population"": ""reference"", ""right"": [""solar_orthogonal"", 128], ""stat"": ""D""}"
Table S8-03809,si,Table S8,3/3,contrast,"{""left"": [""solar_orthogonal"", 30], ""metric"": ""within_label_silhouette__patientGroup"", ""population"": ""reference"", ""right"": [""solar_orthogonal"", 128], ""stat"": ""B""}"
Table S8-03810,si,Table S8,15/15,contrast,"{""left"": [""solar_orthogonal"", 30], ""metric"": ""within_label_silhouette__patientGroup"", ""population"": ""reference"", ""right"": [""solar_orthogonal"", 128], ""stat"": ""FL""}"
Table S8-03811,si,Table S8,15/15,contrast,"{""left"": [""solar_orthogonal"", 30], ""metric"": ""within_label_silhouette__patientGroup"", ""population"": ""reference"", ""right"": [""solar_orthogonal"", 128], ""stat"": ""FR""}"
Table S8-03812,si,Table S8,-0.002,contrast,"{""left"": [""solar_orthogonal"", 30], ""metric"": ""within_label_silhouette__sample_ID"", ""population"": ""joint"", ""right"": [""solar_orthogonal"", 128], ""stat"": ""L""}"
Table S8-03813,si,Table S8,0.007,contrast,"{""left"": [""solar_orthogonal"", 30], ""metric"": ""within_label_silhouette__sample_ID"", ""population"": ""joint"", ""right"": [""solar_orthogonal"", 128], ""stat"": ""R""}"
Table S8-03814,si,Table S8,-0.009,contrast,"{""left"": [""solar_orthogonal"", 30], ""metric"": ""within_label_silhouette__sample_ID"", ""population"": ""joint"", ""right"": [""solar_orthogonal"", 128], ""stat"": ""delta""}"
Table S8-03815,si,Table S8,1/1,contrast,"{""left"": [""solar_orthogonal"", 30], ""metric"": ""within_label_silhouette__sample_ID"", ""population"": ""joint"", ""right"": [""solar_orthogonal"", 128], ""stat"": ""D""}"
Table S8-03816,si,Table S8,3/3,contrast,"{""left"": [""solar_orthogonal"", 30], ""metric"": ""within_label_silhouette__sample_ID"", ""population"": ""joint"", ""right"": [""solar_orthogonal"", 128], ""stat"": ""B""}"
Table S8-03817,si,Table S8,15/15,contrast,"{""left"": [""solar_orthogonal"", 30], ""metric"": ""within_label_silhouette__sample_ID"", ""population"": ""joint"", ""right"": [""solar_orthogonal"", 128], ""stat"": ""FL""}"
Table S8-03818,si,Table S8,15/15,contrast,"{""left"": [""solar_orthogonal"", 30], ""metric"": ""within_label_silhouette__sample_ID"", ""population"": ""joint"", ""right"": [""solar_orthogonal"", 128], ""stat"": ""FR""}"
Table S8-03819,si,Table S8,NA,contrast,"{""left"": [""solar_orthogonal"", 30], ""metric"": ""within_label_silhouette__sample_ID"", ""population"": ""query"", ""right"": [""solar_orthogonal"", 128], ""stat"": ""L""}"
Table S8-03820,si,Table S8,NA,contrast,"{""left"": [""solar_orthogonal"", 30], ""metric"": ""within_label_silhouette__sample_ID"", ""population"": ""query"", ""right"": [""solar_orthogonal"", 128], ""stat"": ""R""}"
Table S8-03821,si,Table S8,NA,contrast,"{""left"": [""solar_orthogonal"", 30], ""metric"": ""within_label_silhouette__sample_ID"", ""population"": ""query"", ""right"": [""solar_orthogonal"", 128], ""stat"": ""delta""}"
Table S8-03822,si,Table S8,0/1,contrast,"{""left"": [""solar_orthogonal"", 30], ""metric"": ""within_label_silhouette__sample_ID"", ""population"": ""query"", ""right"": [""solar_orthogonal"", 128], ""stat"": ""D""}"
Table S8-03823,si,Table S8,0/3,contrast,"{""left"": [""solar_orthogonal"", 30], ""metric"": ""within_label_silhouette__sample_ID"", ""population"": ""query"", ""right"": [""solar_orthogonal"", 128], ""stat"": ""B""}"
Table S8-03824,si,Table S8,0/15,contrast,"{""left"": [""solar_orthogonal"", 30], ""metric"": ""within_label_silhouette__sample_ID"", ""population"": ""query"", ""right"": [""solar_orthogonal"", 128], ""stat"": ""FL""}"
Table S8-03825,si,Table S8,0/15,contrast,"{""left"": [""solar_orthogonal"", 30], ""metric"": ""within_label_silhouette__sample_ID"", ""population"": ""query"", ""right"": [""solar_orthogonal"", 128], ""stat"": ""FR""}"
Table S8-03826,si,Table S8,-0.008,contrast,"{""left"": [""solar_orthogonal"", 30], ""metric"": ""within_label_silhouette__sample_ID"", ""population"": ""reference"", ""right"": [""solar_orthogonal"", 128], ""stat"": ""L""}"
Table S8-03827,si,Table S8,0.001,contrast,"{""left"": [""solar_orthogonal"", 30], ""metric"": ""within_label_silhouette__sample_ID"", ""population"": ""reference"", ""right"": [""solar_orthogonal"", 128], ""stat"": ""R""}"
Table S8-03828,si,Table S8,-0.009,contrast,"{""left"": [""solar_orthogonal"", 30], ""metric"": ""within_label_silhouette__sample_ID"", ""population"": ""reference"", ""right"": [""solar_orthogonal"", 128], ""stat"": ""delta""}"
Table S8-03829,si,Table S8,1/1,contrast,"{""left"": [""solar_orthogonal"", 30], ""metric"": ""within_label_silhouette__sample_ID"", ""population"": ""reference"", ""right"": [""solar_orthogonal"", 128], ""stat"": ""D""}"
Table S8-03830,si,Table S8,3/3,contrast,"{""left"": [""solar_orthogonal"", 30], ""metric"": ""within_label_silhouette__sample_ID"", ""population"": ""reference"", ""right"": [""solar_orthogonal"", 128], ""stat"": ""B""}"
Table S8-03831,si,Table S8,15/15,contrast,"{""left"": [""solar_orthogonal"", 30], ""metric"": ""within_label_silhouette__sample_ID"", ""population"": ""reference"", ""right"": [""solar_orthogonal"", 128], ""stat"": ""FL""}"
Table S8-03832,si,Table S8,15/15,contrast,"{""left"": [""solar_orthogonal"", 30], ""metric"": ""within_label_silhouette__sample_ID"", ""population"": ""reference"", ""right"": [""solar_orthogonal"", 128], ""stat"": ""FR""}"
Table S8-03833,si,Table S8,-0.002,contrast,"{""left"": [""solar_orthogonal"", 30], ""metric"": ""within_label_silhouette__study"", ""population"": ""joint"", ""right"": [""solar_orthogonal"", 128], ""stat"": ""L""}"
Table S8-03834,si,Table S8,0.007,contrast,"{""left"": [""solar_orthogonal"", 30], ""metric"": ""within_label_silhouette__study"", ""population"": ""joint"", ""right"": [""solar_orthogonal"", 128], ""stat"": ""R""}"
Table S8-03835,si,Table S8,-0.009,contrast,"{""left"": [""solar_orthogonal"", 30], ""metric"": ""within_label_silhouette__study"", ""population"": ""joint"", ""right"": [""solar_orthogonal"", 128], ""stat"": ""delta""}"
Table S8-03836,si,Table S8,1/1,contrast,"{""left"": [""solar_orthogonal"", 30], ""metric"": ""within_label_silhouette__study"", ""population"": ""joint"", ""right"": [""solar_orthogonal"", 128], ""stat"": ""D""}"
Table S8-03837,si,Table S8,3/3,contrast,"{""left"": [""solar_orthogonal"", 30], ""metric"": ""within_label_silhouette__study"", ""population"": ""joint"", ""right"": [""solar_orthogonal"", 128], ""stat"": ""B""}"
Table S8-03838,si,Table S8,15/15,contrast,"{""left"": [""solar_orthogonal"", 30], ""metric"": ""within_label_silhouette__study"", ""population"": ""joint"", ""right"": [""solar_orthogonal"", 128], ""stat"": ""FL""}"
Table S8-03839,si,Table S8,15/15,contrast,"{""left"": [""solar_orthogonal"", 30], ""metric"": ""within_label_silhouette__study"", ""population"": ""joint"", ""right"": [""solar_orthogonal"", 128], ""stat"": ""FR""}"
Table S8-03840,si,Table S8,NA,contrast,"{""left"": [""solar_orthogonal"", 30], ""metric"": ""within_label_silhouette__study"", ""population"": ""query"", ""right"": [""solar_orthogonal"", 128], ""stat"": ""L""}"
Table S8-03841,si,Table S8,NA,contrast,"{""left"": [""solar_orthogonal"", 30], ""metric"": ""within_label_silhouette__study"", ""population"": ""query"", ""right"": [""solar_orthogonal"", 128], ""stat"": ""R""}"
Table S8-03842,si,Table S8,NA,contrast,"{""left"": [""solar_orthogonal"", 30], ""metric"": ""within_label_silhouette__study"", ""population"": ""query"", ""right"": [""solar_orthogonal"", 128], ""stat"": ""delta""}"
Table S8-03843,si,Table S8,0/1,contrast,"{""left"": [""solar_orthogonal"", 30], ""metric"": ""within_label_silhouette__study"", ""population"": ""query"", ""right"": [""solar_orthogonal"", 128], ""stat"": ""D""}"
Table S8-03844,si,Table S8,0/3,contrast,"{""left"": [""solar_orthogonal"", 30], ""metric"": ""within_label_silhouette__study"", ""population"": ""query"", ""right"": [""solar_orthogonal"", 128], ""stat"": ""B""}"
Table S8-03845,si,Table S8,0/15,contrast,"{""left"": [""solar_orthogonal"", 30], ""metric"": ""within_label_silhouette__study"", ""population"": ""query"", ""right"": [""solar_orthogonal"", 128], ""stat"": ""FL""}"
Table S8-03846,si,Table S8,0/15,contrast,"{""left"": [""solar_orthogonal"", 30], ""metric"": ""within_label_silhouette__study"", ""population"": ""query"", ""right"": [""solar_orthogonal"", 128], ""stat"": ""FR""}"
Table S8-03847,si,Table S8,-0.008,contrast,"{""left"": [""solar_orthogonal"", 30], ""metric"": ""within_label_silhouette__study"", ""population"": ""reference"", ""right"": [""solar_orthogonal"", 128], ""stat"": ""L""}"
Table S8-03848,si,Table S8,0.001,contrast,"{""left"": [""solar_orthogonal"", 30], ""metric"": ""within_label_silhouette__study"", ""population"": ""reference"", ""right"": [""solar_orthogonal"", 128], ""stat"": ""R""}"
Table S8-03849,si,Table S8,-0.009,contrast,"{""left"": [""solar_orthogonal"", 30], ""metric"": ""within_label_silhouette__study"", ""population"": ""reference"", ""right"": [""solar_orthogonal"", 128], ""stat"": ""delta""}"
Table S8-03850,si,Table S8,1/1,contrast,"{""left"": [""solar_orthogonal"", 30], ""metric"": ""within_label_silhouette__study"", ""population"": ""reference"", ""right"": [""solar_orthogonal"", 128], ""stat"": ""D""}"
Table S8-03851,si,Table S8,3/3,contrast,"{""left"": [""solar_orthogonal"", 30], ""metric"": ""within_label_silhouette__study"", ""population"": ""reference"", ""right"": [""solar_orthogonal"", 128], ""stat"": ""B""}"
Table S8-03852,si,Table S8,15/15,contrast,"{""left"": [""solar_orthogonal"", 30], ""metric"": ""within_label_silhouette__study"", ""population"": ""reference"", ""right"": [""solar_orthogonal"", 128], ""stat"": ""FL""}"
Table S8-03853,si,Table S8,15/15,contrast,"{""left"": [""solar_orthogonal"", 30], ""metric"": ""within_label_silhouette__study"", ""population"": ""reference"", ""right"": [""solar_orthogonal"", 128], ""stat"": ""FR""}"
Table S8-03854,si,Table S8,0.353,contrast,"{""left"": [""sclsc_refonly"", 30], ""metric"": ""ARI_cluster/label"", ""population"": ""joint"", ""right"": [""sclsc_refonly"", 16], ""stat"": ""L""}"
Table S8-03855,si,Table S8,0.350,contrast,"{""left"": [""sclsc_refonly"", 30], ""metric"": ""ARI_cluster/label"", ""population"": ""joint"", ""right"": [""sclsc_refonly"", 16], ""stat"": ""R""}"
Table S8-03856,si,Table S8,+0.003,contrast,"{""left"": [""sclsc_refonly"", 30], ""metric"": ""ARI_cluster/label"", ""population"": ""joint"", ""right"": [""sclsc_refonly"", 16], ""stat"": ""delta""}"
Table S8-03857,si,Table S8,3/3,contrast,"{""left"": [""sclsc_refonly"", 30], ""metric"": ""ARI_cluster/label"", ""population"": ""joint"", ""right"": [""sclsc_refonly"", 16], ""stat"": ""D""}"
Table S8-03858,si,Table S8,9/9,contrast,"{""left"": [""sclsc_refonly"", 30], ""metric"": ""ARI_cluster/label"", ""population"": ""joint"", ""right"": [""sclsc_refonly"", 16], ""stat"": ""B""}"
Table S8-03859,si,Table S8,45/45,contrast,"{""left"": [""sclsc_refonly"", 30], ""metric"": ""ARI_cluster/label"", ""population"": ""joint"", ""right"": [""sclsc_refonly"", 16], ""stat"": ""FL""}"
Table S8-03860,si,Table S8,45/45,contrast,"{""left"": [""sclsc_refonly"", 30], ""metric"": ""ARI_cluster/label"", ""population"": ""joint"", ""right"": [""sclsc_refonly"", 16], ""stat"": ""FR""}"
Table S8-03861,si,Table S8,0.948,contrast,"{""left"": [""sclsc_refonly"", 30], ""metric"": ""ASW_label"", ""population"": ""joint"", ""right"": [""sclsc_refonly"", 16], ""stat"": ""L""}"
Table S8-03862,si,Table S8,0.950,contrast,"{""left"": [""sclsc_refonly"", 30], ""metric"": ""ASW_label"", ""population"": ""joint"", ""right"": [""sclsc_refonly"", 16], ""stat"": ""R""}"
Table S8-03863,si,Table S8,-0.002,contrast,"{""left"": [""sclsc_refonly"", 30], ""metric"": ""ASW_label"", ""population"": ""joint"", ""right"": [""sclsc_refonly"", 16], ""stat"": ""delta""}"
Table S8-03864,si,Table S8,3/3,contrast,"{""left"": [""sclsc_refonly"", 30], ""metric"": ""ASW_label"", ""population"": ""joint"", ""right"": [""sclsc_refonly"", 16], ""stat"": ""D""}"
Table S8-03865,si,Table S8,9/9,contrast,"{""left"": [""sclsc_refonly"", 30], ""metric"": ""ASW_label"", ""population"": ""joint"", ""right"": [""sclsc_refonly"", 16], ""stat"": ""B""}"
Table S8-03866,si,Table S8,45/45,contrast,"{""left"": [""sclsc_refonly"", 30], ""metric"": ""ASW_label"", ""population"": ""joint"", ""right"": [""sclsc_refonly"", 16], ""stat"": ""FL""}"
Table S8-03867,si,Table S8,45/45,contrast,"{""left"": [""sclsc_refonly"", 30], ""metric"": ""ASW_label"", ""population"": ""joint"", ""right"": [""sclsc_refonly"", 16], ""stat"": ""FR""}"
Table S8-03868,si,Table S8,0.743,contrast,"{""left"": [""sclsc_refonly"", 30], ""metric"": ""ASW_label/batch"", ""population"": ""joint"", ""right"": [""sclsc_refonly"", 16], ""stat"": ""L""}"
Table S8-03869,si,Table S8,0.739,contrast,"{""left"": [""sclsc_refonly"", 30], ""metric"": ""ASW_label/batch"", ""population"": ""joint"", ""right"": [""sclsc_refonly"", 16], ""stat"": ""R""}"
Table S8-03870,si,Table S8,+0.004,contrast,"{""left"": [""sclsc_refonly"", 30], ""metric"": ""ASW_label/batch"", ""population"": ""joint"", ""right"": [""sclsc_refonly"", 16], ""stat"": ""delta""}"
Table S8-03871,si,Table S8,3/3,contrast,"{""left"": [""sclsc_refonly"", 30], ""metric"": ""ASW_label/batch"", ""population"": ""joint"", ""right"": [""sclsc_refonly"", 16], ""stat"": ""D""}"
Table S8-03872,si,Table S8,9/9,contrast,"{""left"": [""sclsc_refonly"", 30], ""metric"": ""ASW_label/batch"", ""population"": ""joint"", ""right"": [""sclsc_refonly"", 16], ""stat"": ""B""}"
Table S8-03873,si,Table S8,45/45,contrast,"{""left"": [""sclsc_refonly"", 30], ""metric"": ""ASW_label/batch"", ""population"": ""joint"", ""right"": [""sclsc_refonly"", 16], ""stat"": ""FL""}"
Table S8-03874,si,Table S8,45/45,contrast,"{""left"": [""sclsc_refonly"", 30], ""metric"": ""ASW_label/batch"", ""population"": ""joint"", ""right"": [""sclsc_refonly"", 16], ""stat"": ""FR""}"
Table S8-03875,si,Table S8,0.757,contrast,"{""left"": [""sclsc_refonly"", 30], ""metric"": ""NMI_cluster/label"", ""population"": ""joint"", ""right"": [""sclsc_refonly"", 16], ""stat"": ""L""}"
Table S8-03876,si,Table S8,0.756,contrast,"{""left"": [""sclsc_refonly"", 30], ""metric"": ""NMI_cluster/label"", ""population"": ""joint"", ""right"": [""sclsc_refonly"", 16], ""stat"": ""R""}"
Table S8-03877,si,Table S8,+0.001,contrast,"{""left"": [""sclsc_refonly"", 30], ""metric"": ""NMI_cluster/label"", ""population"": ""joint"", ""right"": [""sclsc_refonly"", 16], ""stat"": ""delta""}"
Table S8-03878,si,Table S8,3/3,contrast,"{""left"": [""sclsc_refonly"", 30], ""metric"": ""NMI_cluster/label"", ""population"": ""joint"", ""right"": [""sclsc_refonly"", 16], ""stat"": ""D""}"
Table S8-03879,si,Table S8,9/9,contrast,"{""left"": [""sclsc_refonly"", 30], ""metric"": ""NMI_cluster/label"", ""population"": ""joint"", ""right"": [""sclsc_refonly"", 16], ""stat"": ""B""}"
Table S8-03880,si,Table S8,45/45,contrast,"{""left"": [""sclsc_refonly"", 30], ""metric"": ""NMI_cluster/label"", ""population"": ""joint"", ""right"": [""sclsc_refonly"", 16], ""stat"": ""FL""}"
Table S8-03881,si,Table S8,45/45,contrast,"{""left"": [""sclsc_refonly"", 30], ""metric"": ""NMI_cluster/label"", ""population"": ""joint"", ""right"": [""sclsc_refonly"", 16], ""stat"": ""FR""}"
Table S8-03882,si,Table S8,0.783,contrast,"{""left"": [""sclsc_refonly"", 30], ""metric"": ""PCR_batch"", ""population"": ""joint"", ""right"": [""sclsc_refonly"", 16], ""stat"": ""L""}"
Table S8-03883,si,Table S8,0.787,contrast,"{""left"": [""sclsc_refonly"", 30], ""metric"": ""PCR_batch"", ""population"": ""joint"", ""right"": [""sclsc_refonly"", 16], ""stat"": ""R""}"
Table S8-03884,si,Table S8,-0.004,contrast,"{""left"": [""sclsc_refonly"", 30], ""metric"": ""PCR_batch"", ""population"": ""joint"", ""right"": [""sclsc_refonly"", 16], ""stat"": ""delta""}"
Table S8-03885,si,Table S8,3/3,contrast,"{""left"": [""sclsc_refonly"", 30], ""metric"": ""PCR_batch"", ""population"": ""joint"", ""right"": [""sclsc_refonly"", 16], ""stat"": ""D""}"
Table S8-03886,si,Table S8,9/9,contrast,"{""left"": [""sclsc_refonly"", 30], ""metric"": ""PCR_batch"", ""population"": ""joint"", ""right"": [""sclsc_refonly"", 16], ""stat"": ""B""}"
Table S8-03887,si,Table S8,45/45,contrast,"{""left"": [""sclsc_refonly"", 30], ""metric"": ""PCR_batch"", ""population"": ""joint"", ""right"": [""sclsc_refonly"", 16], ""stat"": ""FL""}"
Table S8-03888,si,Table S8,45/45,contrast,"{""left"": [""sclsc_refonly"", 30], ""metric"": ""PCR_batch"", ""population"": ""joint"", ""right"": [""sclsc_refonly"", 16], ""stat"": ""FR""}"
Table S8-03889,si,Table S8,0.845,contrast,"{""left"": [""sclsc_refonly"", 30], ""metric"": ""balanced_accuracy"", ""population"": ""query"", ""right"": [""sclsc_refonly"", 16], ""stat"": ""L""}"
Table S8-03890,si,Table S8,0.853,contrast,"{""left"": [""sclsc_refonly"", 30], ""metric"": ""balanced_accuracy"", ""population"": ""query"", ""right"": [""sclsc_refonly"", 16], ""stat"": ""R""}"
Table S8-03891,si,Table S8,-0.007,contrast,"{""left"": [""sclsc_refonly"", 30], ""metric"": ""balanced_accuracy"", ""population"": ""query"", ""right"": [""sclsc_refonly"", 16], ""stat"": ""delta""}"
Table S8-03892,si,Table S8,3/3,contrast,"{""left"": [""sclsc_refonly"", 30], ""metric"": ""balanced_accuracy"", ""population"": ""query"", ""right"": [""sclsc_refonly"", 16], ""stat"": ""D""}"
Table S8-03893,si,Table S8,9/9,contrast,"{""left"": [""sclsc_refonly"", 30], ""metric"": ""balanced_accuracy"", ""population"": ""query"", ""right"": [""sclsc_refonly"", 16], ""stat"": ""B""}"
Table S8-03894,si,Table S8,45/45,contrast,"{""left"": [""sclsc_refonly"", 30], ""metric"": ""balanced_accuracy"", ""population"": ""query"", ""right"": [""sclsc_refonly"", 16], ""stat"": ""FL""}"
Table S8-03895,si,Table S8,45/45,contrast,"{""left"": [""sclsc_refonly"", 30], ""metric"": ""balanced_accuracy"", ""population"": ""query"", ""right"": [""sclsc_refonly"", 16], ""stat"": ""FR""}"
Table S8-03896,si,Table S8,1.000,contrast,"{""left"": [""sclsc_refonly"", 30], ""metric"": ""cLISI"", ""population"": ""joint"", ""right"": [""sclsc_refonly"", 16], ""stat"": ""L""}"
Table S8-03897,si,Table S8,1.000,contrast,"{""left"": [""sclsc_refonly"", 30], ""metric"": ""cLISI"", ""population"": ""joint"", ""right"": [""sclsc_refonly"", 16], ""stat"": ""R""}"
Table S8-03898,si,Table S8,+0.000,contrast,"{""left"": [""sclsc_refonly"", 30], ""metric"": ""cLISI"", ""population"": ""joint"", ""right"": [""sclsc_refonly"", 16], ""stat"": ""delta""}"
Table S8-03899,si,Table S8,3/3,contrast,"{""left"": [""sclsc_refonly"", 30], ""metric"": ""cLISI"", ""population"": ""joint"", ""right"": [""sclsc_refonly"", 16], ""stat"": ""D""}"
Table S8-03900,si,Table S8,9/9,contrast,"{""left"": [""sclsc_refonly"", 30], ""metric"": ""cLISI"", ""population"": ""joint"", ""right"": [""sclsc_refonly"", 16], ""stat"": ""B""}"
Table S8-03901,si,Table S8,45/45,contrast,"{""left"": [""sclsc_refonly"", 30], ""metric"": ""cLISI"", ""population"": ""joint"", ""right"": [""sclsc_refonly"", 16], ""stat"": ""FL""}"
Table S8-03902,si,Table S8,45/45,contrast,"{""left"": [""sclsc_refonly"", 30], ""metric"": ""cLISI"", ""population"": ""joint"", ""right"": [""sclsc_refonly"", 16], ""stat"": ""FR""}"
Table S8-03903,si,Table S8,0.491,contrast,"{""left"": [""sclsc_refonly"", 30], ""metric"": ""cell_cycle_conservation"", ""population"": ""joint"", ""right"": [""sclsc_refonly"", 16], ""stat"": ""L""}"
Table S8-03904,si,Table S8,0.501,contrast,"{""left"": [""sclsc_refonly"", 30], ""metric"": ""cell_cycle_conservation"", ""population"": ""joint"", ""right"": [""sclsc_refonly"", 16], ""stat"": ""R""}"
Table S8-03905,si,Table S8,-0.010,contrast,"{""left"": [""sclsc_refonly"", 30], ""metric"": ""cell_cycle_conservation"", ""population"": ""joint"", ""right"": [""sclsc_refonly"", 16], ""stat"": ""delta""}"
Table S8-03906,si,Table S8,3/3,contrast,"{""left"": [""sclsc_refonly"", 30], ""metric"": ""cell_cycle_conservation"", ""population"": ""joint"", ""right"": [""sclsc_refonly"", 16], ""stat"": ""D""}"
Table S8-03907,si,Table S8,9/9,contrast,"{""left"": [""sclsc_refonly"", 30], ""metric"": ""cell_cycle_conservation"", ""population"": ""joint"", ""right"": [""sclsc_refonly"", 16], ""stat"": ""B""}"
Table S8-03908,si,Table S8,45/45,contrast,"{""left"": [""sclsc_refonly"", 30], ""metric"": ""cell_cycle_conservation"", ""population"": ""joint"", ""right"": [""sclsc_refonly"", 16], ""stat"": ""FL""}"
Table S8-03909,si,Table S8,45/45,contrast,"{""left"": [""sclsc_refonly"", 30], ""metric"": ""cell_cycle_conservation"", ""population"": ""joint"", ""right"": [""sclsc_refonly"", 16], ""stat"": ""FR""}"
Table S8-03910,si,Table S8,NA,contrast,"{""left"": [""sclsc_refonly"", 30], ""metric"": ""hvg_overlap"", ""population"": ""joint"", ""right"": [""sclsc_refonly"", 16], ""stat"": ""L""}"
Table S8-03911,si,Table S8,NA,contrast,"{""left"": [""sclsc_refonly"", 30], ""metric"": ""hvg_overlap"", ""population"": ""joint"", ""right"": [""sclsc_refonly"", 16], ""stat"": ""R""}"
Table S8-03912,si,Table S8,NA,contrast,"{""left"": [""sclsc_refonly"", 30], ""metric"": ""hvg_overlap"", ""population"": ""joint"", ""right"": [""sclsc_refonly"", 16], ""stat"": ""delta""}"
Table S8-03913,si,Table S8,0/3,contrast,"{""left"": [""sclsc_refonly"", 30], ""metric"": ""hvg_overlap"", ""population"": ""joint"", ""right"": [""sclsc_refonly"", 16], ""stat"": ""D""}"
Table S8-03914,si,Table S8,0/9,contrast,"{""left"": [""sclsc_refonly"", 30], ""metric"": ""hvg_overlap"", ""population"": ""joint"", ""right"": [""sclsc_refonly"", 16], ""stat"": ""B""}"
Table S8-03915,si,Table S8,0/45,contrast,"{""left"": [""sclsc_refonly"", 30], ""metric"": ""hvg_overlap"", ""population"": ""joint"", ""right"": [""sclsc_refonly"", 16], ""stat"": ""FL""}"
Table S8-03916,si,Table S8,0/45,contrast,"{""left"": [""sclsc_refonly"", 30], ""metric"": ""hvg_overlap"", ""population"": ""joint"", ""right"": [""sclsc_refonly"", 16], ""stat"": ""FR""}"
Table S8-03917,si,Table S8,2.241,contrast,"{""left"": [""sclsc_refonly"", 30], ""metric"": ""iLISI"", ""population"": ""joint"", ""right"": [""sclsc_refonly"", 16], ""stat"": ""L""}"
Table S8-03918,si,Table S8,2.291,contrast,"{""left"": [""sclsc_refonly"", 30], ""metric"": ""iLISI"", ""population"": ""joint"", ""right"": [""sclsc_refonly"", 16], ""stat"": ""R""}"
Table S8-03919,si,Table S8,-0.049,contrast,"{""left"": [""sclsc_refonly"", 30], ""metric"": ""iLISI"", ""population"": ""joint"", ""right"": [""sclsc_refonly"", 16], ""stat"": ""delta""}"
Table S8-03920,si,Table S8,3/3,contrast,"{""left"": [""sclsc_refonly"", 30], ""metric"": ""iLISI"", ""population"": ""joint"", ""right"": [""sclsc_refonly"", 16], ""stat"": ""D""}"
Table S8-03921,si,Table S8,9/9,contrast,"{""left"": [""sclsc_refonly"", 30], ""metric"": ""iLISI"", ""population"": ""joint"", ""right"": [""sclsc_refonly"", 16], ""stat"": ""B""}"
Table S8-03922,si,Table S8,45/45,contrast,"{""left"": [""sclsc_refonly"", 30], ""metric"": ""iLISI"", ""population"": ""joint"", ""right"": [""sclsc_refonly"", 16], ""stat"": ""FL""}"
Table S8-03923,si,Table S8,45/45,contrast,"{""left"": [""sclsc_refonly"", 30], ""metric"": ""iLISI"", ""population"": ""joint"", ""right"": [""sclsc_refonly"", 16], ""stat"": ""FR""}"
Table S8-03924,si,Table S8,0.501,contrast,"{""left"": [""sclsc_refonly"", 30], ""metric"": ""isolated_label_silhouette"", ""population"": ""joint"", ""right"": [""sclsc_refonly"", 16], ""stat"": ""L""}"
Table S8-03925,si,Table S8,0.501,contrast,"{""left"": [""sclsc_refonly"", 30], ""metric"": ""isolated_label_silhouette"", ""population"": ""joint"", ""right"": [""sclsc_refonly"", 16], ""stat"": ""R""}"
Table S8-03926,si,Table S8,+0.000,contrast,"{""left"": [""sclsc_refonly"", 30], ""metric"": ""isolated_label_silhouette"", ""population"": ""joint"", ""right"": [""sclsc_refonly"", 16], ""stat"": ""delta""}"
Table S8-03927,si,Table S8,3/3,contrast,"{""left"": [""sclsc_refonly"", 30], ""metric"": ""isolated_label_silhouette"", ""population"": ""joint"", ""right"": [""sclsc_refonly"", 16], ""stat"": ""D""}"
Table S8-03928,si,Table S8,9/9,contrast,"{""left"": [""sclsc_refonly"", 30], ""metric"": ""isolated_label_silhouette"", ""population"": ""joint"", ""right"": [""sclsc_refonly"", 16], ""stat"": ""B""}"
Table S8-03929,si,Table S8,45/45,contrast,"{""left"": [""sclsc_refonly"", 30], ""metric"": ""isolated_label_silhouette"", ""population"": ""joint"", ""right"": [""sclsc_refonly"", 16], ""stat"": ""FL""}"
Table S8-03930,si,Table S8,45/45,contrast,"{""left"": [""sclsc_refonly"", 30], ""metric"": ""isolated_label_silhouette"", ""population"": ""joint"", ""right"": [""sclsc_refonly"", 16], ""stat"": ""FR""}"
Table S8-03931,si,Table S8,0.815,contrast,"{""left"": [""sclsc_refonly"", 30], ""metric"": ""macro_f1"", ""population"": ""query"", ""right"": [""sclsc_refonly"", 16], ""stat"": ""L""}"
Table S8-03932,si,Table S8,0.821,contrast,"{""left"": [""sclsc_refonly"", 30], ""metric"": ""macro_f1"", ""population"": ""query"", ""right"": [""sclsc_refonly"", 16], ""stat"": ""R""}"
Table S8-03933,si,Table S8,-0.006,contrast,"{""left"": [""sclsc_refonly"", 30], ""metric"": ""macro_f1"", ""population"": ""query"", ""right"": [""sclsc_refonly"", 16], ""stat"": ""delta""}"
Table S8-03934,si,Table S8,3/3,contrast,"{""left"": [""sclsc_refonly"", 30], ""metric"": ""macro_f1"", ""population"": ""query"", ""right"": [""sclsc_refonly"", 16], ""stat"": ""D""}"
Table S8-03935,si,Table S8,9/9,contrast,"{""left"": [""sclsc_refonly"", 30], ""metric"": ""macro_f1"", ""population"": ""query"", ""right"": [""sclsc_refonly"", 16], ""stat"": ""B""}"
Table S8-03936,si,Table S8,45/45,contrast,"{""left"": [""sclsc_refonly"", 30], ""metric"": ""macro_f1"", ""population"": ""query"", ""right"": [""sclsc_refonly"", 16], ""stat"": ""FL""}"
Table S8-03937,si,Table S8,45/45,contrast,"{""left"": [""sclsc_refonly"", 30], ""metric"": ""macro_f1"", ""population"": ""query"", ""right"": [""sclsc_refonly"", 16], ""stat"": ""FR""}"
Table S8-03938,si,Table S8,0.818,contrast,"{""left"": [""sclsc_refonly"", 30], ""metric"": ""pseudotime_smoothness"", ""population"": ""joint"", ""right"": [""sclsc_refonly"", 16], ""stat"": ""L""}"
Table S8-03939,si,Table S8,0.815,contrast,"{""left"": [""sclsc_refonly"", 30], ""metric"": ""pseudotime_smoothness"", ""population"": ""joint"", ""right"": [""sclsc_refonly"", 16], ""stat"": ""R""}"
Table S8-03940,si,Table S8,+0.003,contrast,"{""left"": [""sclsc_refonly"", 30], ""metric"": ""pseudotime_smoothness"", ""population"": ""joint"", ""right"": [""sclsc_refonly"", 16], ""stat"": ""delta""}"
Table S8-03941,si,Table S8,1/1,contrast,"{""left"": [""sclsc_refonly"", 30], ""metric"": ""pseudotime_smoothness"", ""population"": ""joint"", ""right"": [""sclsc_refonly"", 16], ""stat"": ""D""}"
Table S8-03942,si,Table S8,3/3,contrast,"{""left"": [""sclsc_refonly"", 30], ""metric"": ""pseudotime_smoothness"", ""population"": ""joint"", ""right"": [""sclsc_refonly"", 16], ""stat"": ""B""}"
Table S8-03943,si,Table S8,15/15,contrast,"{""left"": [""sclsc_refonly"", 30], ""metric"": ""pseudotime_smoothness"", ""population"": ""joint"", ""right"": [""sclsc_refonly"", 16], ""stat"": ""FL""}"
Table S8-03944,si,Table S8,15/15,contrast,"{""left"": [""sclsc_refonly"", 30], ""metric"": ""pseudotime_smoothness"", ""population"": ""joint"", ""right"": [""sclsc_refonly"", 16], ""stat"": ""FR""}"
Table S8-03945,si,Table S8,0.934,contrast,"{""left"": [""sclsc_refonly"", 30], ""metric"": ""pseudotime_smoothness"", ""population"": ""query"", ""right"": [""sclsc_refonly"", 16], ""stat"": ""L""}"
Table S8-03946,si,Table S8,0.930,contrast,"{""left"": [""sclsc_refonly"", 30], ""metric"": ""pseudotime_smoothness"", ""population"": ""query"", ""right"": [""sclsc_refonly"", 16], ""stat"": ""R""}"
Table S8-03947,si,Table S8,+0.004,contrast,"{""left"": [""sclsc_refonly"", 30], ""metric"": ""pseudotime_smoothness"", ""population"": ""query"", ""right"": [""sclsc_refonly"", 16], ""stat"": ""delta""}"
Table S8-03948,si,Table S8,1/1,contrast,"{""left"": [""sclsc_refonly"", 30], ""metric"": ""pseudotime_smoothness"", ""population"": ""query"", ""right"": [""sclsc_refonly"", 16], ""stat"": ""D""}"
Table S8-03949,si,Table S8,1/3,contrast,"{""left"": [""sclsc_refonly"", 30], ""metric"": ""pseudotime_smoothness"", ""population"": ""query"", ""right"": [""sclsc_refonly"", 16], ""stat"": ""B""}"
Table S8-03950,si,Table S8,5/15,contrast,"{""left"": [""sclsc_refonly"", 30], ""metric"": ""pseudotime_smoothness"", ""population"": ""query"", ""right"": [""sclsc_refonly"", 16], ""stat"": ""FL""}"
Table S8-03951,si,Table S8,5/15,contrast,"{""left"": [""sclsc_refonly"", 30], ""metric"": ""pseudotime_smoothness"", ""population"": ""query"", ""right"": [""sclsc_refonly"", 16], ""stat"": ""FR""}"
Table S8-03952,si,Table S8,0.794,contrast,"{""left"": [""sclsc_refonly"", 30], ""metric"": ""pseudotime_smoothness"", ""population"": ""reference"", ""right"": [""sclsc_refonly"", 16], ""stat"": ""L""}"
Table S8-03953,si,Table S8,0.792,contrast,"{""left"": [""sclsc_refonly"", 30], ""metric"": ""pseudotime_smoothness"", ""population"": ""reference"", ""right"": [""sclsc_refonly"", 16], ""stat"": ""R""}"
Table S8-03954,si,Table S8,+0.003,contrast,"{""left"": [""sclsc_refonly"", 30], ""metric"": ""pseudotime_smoothness"", ""population"": ""reference"", ""right"": [""sclsc_refonly"", 16], ""stat"": ""delta""}"
Table S8-03955,si,Table S8,1/1,contrast,"{""left"": [""sclsc_refonly"", 30], ""metric"": ""pseudotime_smoothness"", ""population"": ""reference"", ""right"": [""sclsc_refonly"", 16], ""stat"": ""D""}"
Table S8-03956,si,Table S8,3/3,contrast,"{""left"": [""sclsc_refonly"", 30], ""metric"": ""pseudotime_smoothness"", ""population"": ""reference"", ""right"": [""sclsc_refonly"", 16], ""stat"": ""B""}"
Table S8-03957,si,Table S8,15/15,contrast,"{""left"": [""sclsc_refonly"", 30], ""metric"": ""pseudotime_smoothness"", ""population"": ""reference"", ""right"": [""sclsc_refonly"", 16], ""stat"": ""FL""}"
Table S8-03958,si,Table S8,15/15,contrast,"{""left"": [""sclsc_refonly"", 30], ""metric"": ""pseudotime_smoothness"", ""population"": ""reference"", ""right"": [""sclsc_refonly"", 16], ""stat"": ""FR""}"
Table S8-03959,si,Table S8,0.435,contrast,"{""left"": [""sclsc_refonly"", 30], ""metric"": ""trajectory"", ""population"": ""joint"", ""right"": [""sclsc_refonly"", 16], ""stat"": ""L""}"
Table S8-03960,si,Table S8,0.524,contrast,"{""left"": [""sclsc_refonly"", 30], ""metric"": ""trajectory"", ""population"": ""joint"", ""right"": [""sclsc_refonly"", 16], ""stat"": ""R""}"
Table S8-03961,si,Table S8,-0.089,contrast,"{""left"": [""sclsc_refonly"", 30], ""metric"": ""trajectory"", ""population"": ""joint"", ""right"": [""sclsc_refonly"", 16], ""stat"": ""delta""}"
Table S8-03962,si,Table S8,1/1,contrast,"{""left"": [""sclsc_refonly"", 30], ""metric"": ""trajectory"", ""population"": ""joint"", ""right"": [""sclsc_refonly"", 16], ""stat"": ""D""}"
Table S8-03963,si,Table S8,2/3,contrast,"{""left"": [""sclsc_refonly"", 30], ""metric"": ""trajectory"", ""population"": ""joint"", ""right"": [""sclsc_refonly"", 16], ""stat"": ""B""}"
Table S8-03964,si,Table S8,10/15,contrast,"{""left"": [""sclsc_refonly"", 30], ""metric"": ""trajectory"", ""population"": ""joint"", ""right"": [""sclsc_refonly"", 16], ""stat"": ""FL""}"
Table S8-03965,si,Table S8,10/15,contrast,"{""left"": [""sclsc_refonly"", 30], ""metric"": ""trajectory"", ""population"": ""joint"", ""right"": [""sclsc_refonly"", 16], ""stat"": ""FR""}"
Table S8-03966,si,Table S8,0.904,contrast,"{""left"": [""sclsc_refonly"", 30], ""metric"": ""trustworthiness"", ""population"": ""joint"", ""right"": [""sclsc_refonly"", 16], ""stat"": ""L""}"
Table S8-03967,si,Table S8,0.903,contrast,"{""left"": [""sclsc_refonly"", 30], ""metric"": ""trustworthiness"", ""population"": ""joint"", ""right"": [""sclsc_refonly"", 16], ""stat"": ""R""}"
Table S8-03968,si,Table S8,+0.001,contrast,"{""left"": [""sclsc_refonly"", 30], ""metric"": ""trustworthiness"", ""population"": ""joint"", ""right"": [""sclsc_refonly"", 16], ""stat"": ""delta""}"
Table S8-03969,si,Table S8,2/2,contrast,"{""left"": [""sclsc_refonly"", 30], ""metric"": ""trustworthiness"", ""population"": ""joint"", ""right"": [""sclsc_refonly"", 16], ""stat"": ""D""}"
Table S8-03970,si,Table S8,6/6,contrast,"{""left"": [""sclsc_refonly"", 30], ""metric"": ""trustworthiness"", ""population"": ""joint"", ""right"": [""sclsc_refonly"", 16], ""stat"": ""B""}"
Table S8-03971,si,Table S8,30/30,contrast,"{""left"": [""sclsc_refonly"", 30], ""metric"": ""trustworthiness"", ""population"": ""joint"", ""right"": [""sclsc_refonly"", 16], ""stat"": ""FL""}"
Table S8-03972,si,Table S8,30/30,contrast,"{""left"": [""sclsc_refonly"", 30], ""metric"": ""trustworthiness"", ""population"": ""joint"", ""right"": [""sclsc_refonly"", 16], ""stat"": ""FR""}"
Table S8-03973,si,Table S8,0.903,contrast,"{""left"": [""sclsc_refonly"", 30], ""metric"": ""trustworthiness"", ""population"": ""query"", ""right"": [""sclsc_refonly"", 16], ""stat"": ""L""}"
Table S8-03974,si,Table S8,0.903,contrast,"{""left"": [""sclsc_refonly"", 30], ""metric"": ""trustworthiness"", ""population"": ""query"", ""right"": [""sclsc_refonly"", 16], ""stat"": ""R""}"
Table S8-03975,si,Table S8,+0.001,contrast,"{""left"": [""sclsc_refonly"", 30], ""metric"": ""trustworthiness"", ""population"": ""query"", ""right"": [""sclsc_refonly"", 16], ""stat"": ""delta""}"
Table S8-03976,si,Table S8,2/2,contrast,"{""left"": [""sclsc_refonly"", 30], ""metric"": ""trustworthiness"", ""population"": ""query"", ""right"": [""sclsc_refonly"", 16], ""stat"": ""D""}"
Table S8-03977,si,Table S8,6/6,contrast,"{""left"": [""sclsc_refonly"", 30], ""metric"": ""trustworthiness"", ""population"": ""query"", ""right"": [""sclsc_refonly"", 16], ""stat"": ""B""}"
Table S8-03978,si,Table S8,30/30,contrast,"{""left"": [""sclsc_refonly"", 30], ""metric"": ""trustworthiness"", ""population"": ""query"", ""right"": [""sclsc_refonly"", 16], ""stat"": ""FL""}"
Table S8-03979,si,Table S8,30/30,contrast,"{""left"": [""sclsc_refonly"", 30], ""metric"": ""trustworthiness"", ""population"": ""query"", ""right"": [""sclsc_refonly"", 16], ""stat"": ""FR""}"
Table S8-03980,si,Table S8,0.898,contrast,"{""left"": [""sclsc_refonly"", 30], ""metric"": ""trustworthiness"", ""population"": ""reference"", ""right"": [""sclsc_refonly"", 16], ""stat"": ""L""}"
Table S8-03981,si,Table S8,0.897,contrast,"{""left"": [""sclsc_refonly"", 30], ""metric"": ""trustworthiness"", ""population"": ""reference"", ""right"": [""sclsc_refonly"", 16], ""stat"": ""R""}"
Table S8-03982,si,Table S8,+0.001,contrast,"{""left"": [""sclsc_refonly"", 30], ""metric"": ""trustworthiness"", ""population"": ""reference"", ""right"": [""sclsc_refonly"", 16], ""stat"": ""delta""}"
Table S8-03983,si,Table S8,2/2,contrast,"{""left"": [""sclsc_refonly"", 30], ""metric"": ""trustworthiness"", ""population"": ""reference"", ""right"": [""sclsc_refonly"", 16], ""stat"": ""D""}"
Table S8-03984,si,Table S8,6/6,contrast,"{""left"": [""sclsc_refonly"", 30], ""metric"": ""trustworthiness"", ""population"": ""reference"", ""right"": [""sclsc_refonly"", 16], ""stat"": ""B""}"
Table S8-03985,si,Table S8,30/30,contrast,"{""left"": [""sclsc_refonly"", 30], ""metric"": ""trustworthiness"", ""population"": ""reference"", ""right"": [""sclsc_refonly"", 16], ""stat"": ""FL""}"
Table S8-03986,si,Table S8,30/30,contrast,"{""left"": [""sclsc_refonly"", 30], ""metric"": ""trustworthiness"", ""population"": ""reference"", ""right"": [""sclsc_refonly"", 16], ""stat"": ""FR""}"
Table S8-03987,si,Table S8,-0.232,contrast,"{""left"": [""sclsc_refonly"", 30], ""metric"": ""within_label_silhouette__donor"", ""population"": ""joint"", ""right"": [""sclsc_refonly"", 16], ""stat"": ""L""}"
Table S8-03988,si,Table S8,-0.246,contrast,"{""left"": [""sclsc_refonly"", 30], ""metric"": ""within_label_silhouette__donor"", ""population"": ""joint"", ""right"": [""sclsc_refonly"", 16], ""stat"": ""R""}"
Table S8-03989,si,Table S8,+0.014,contrast,"{""left"": [""sclsc_refonly"", 30], ""metric"": ""within_label_silhouette__donor"", ""population"": ""joint"", ""right"": [""sclsc_refonly"", 16], ""stat"": ""delta""}"
Table S8-03990,si,Table S8,1/1,contrast,"{""left"": [""sclsc_refonly"", 30], ""metric"": ""within_label_silhouette__donor"", ""population"": ""joint"", ""right"": [""sclsc_refonly"", 16], ""stat"": ""D""}"
Table S8-03991,si,Table S8,3/3,contrast,"{""left"": [""sclsc_refonly"", 30], ""metric"": ""within_label_silhouette__donor"", ""population"": ""joint"", ""right"": [""sclsc_refonly"", 16], ""stat"": ""B""}"
Table S8-03992,si,Table S8,15/15,contrast,"{""left"": [""sclsc_refonly"", 30], ""metric"": ""within_label_silhouette__donor"", ""population"": ""joint"", ""right"": [""sclsc_refonly"", 16], ""stat"": ""FL""}"
Table S8-03993,si,Table S8,15/15,contrast,"{""left"": [""sclsc_refonly"", 30], ""metric"": ""within_label_silhouette__donor"", ""population"": ""joint"", ""right"": [""sclsc_refonly"", 16], ""stat"": ""FR""}"
Table S8-03994,si,Table S8,NA,contrast,"{""left"": [""sclsc_refonly"", 30], ""metric"": ""within_label_silhouette__donor"", ""population"": ""query"", ""right"": [""sclsc_refonly"", 16], ""stat"": ""L""}"
Table S8-03995,si,Table S8,NA,contrast,"{""left"": [""sclsc_refonly"", 30], ""metric"": ""within_label_silhouette__donor"", ""population"": ""query"", ""right"": [""sclsc_refonly"", 16], ""stat"": ""R""}"
Table S8-03996,si,Table S8,NA,contrast,"{""left"": [""sclsc_refonly"", 30], ""metric"": ""within_label_silhouette__donor"", ""population"": ""query"", ""right"": [""sclsc_refonly"", 16], ""stat"": ""delta""}"
Table S8-03997,si,Table S8,0/1,contrast,"{""left"": [""sclsc_refonly"", 30], ""metric"": ""within_label_silhouette__donor"", ""population"": ""query"", ""right"": [""sclsc_refonly"", 16], ""stat"": ""D""}"
Table S8-03998,si,Table S8,0/3,contrast,"{""left"": [""sclsc_refonly"", 30], ""metric"": ""within_label_silhouette__donor"", ""population"": ""query"", ""right"": [""sclsc_refonly"", 16], ""stat"": ""B""}"
Table S8-03999,si,Table S8,0/15,contrast,"{""left"": [""sclsc_refonly"", 30], ""metric"": ""within_label_silhouette__donor"", ""population"": ""query"", ""right"": [""sclsc_refonly"", 16], ""stat"": ""FL""}"
Table S8-04000,si,Table S8,0/15,contrast,"{""left"": [""sclsc_refonly"", 30], ""metric"": ""within_label_silhouette__donor"", ""population"": ""query"", ""right"": [""sclsc_refonly"", 16], ""stat"": ""FR""}"
Table S8-04001,si,Table S8,-0.220,contrast,"{""left"": [""sclsc_refonly"", 30], ""metric"": ""within_label_silhouette__donor"", ""population"": ""reference"", ""right"": [""sclsc_refonly"", 16], ""stat"": ""L""}"
Table S8-04002,si,Table S8,-0.233,contrast,"{""left"": [""sclsc_refonly"", 30], ""metric"": ""within_label_silhouette__donor"", ""population"": ""reference"", ""right"": [""sclsc_refonly"", 16], ""stat"": ""R""}"
Table S8-04003,si,Table S8,+0.013,contrast,"{""left"": [""sclsc_refonly"", 30], ""metric"": ""within_label_silhouette__donor"", ""population"": ""reference"", ""right"": [""sclsc_refonly"", 16], ""stat"": ""delta""}"
Table S8-04004,si,Table S8,1/1,contrast,"{""left"": [""sclsc_refonly"", 30], ""metric"": ""within_label_silhouette__donor"", ""population"": ""reference"", ""right"": [""sclsc_refonly"", 16], ""stat"": ""D""}"
Table S8-04005,si,Table S8,3/3,contrast,"{""left"": [""sclsc_refonly"", 30], ""metric"": ""within_label_silhouette__donor"", ""population"": ""reference"", ""right"": [""sclsc_refonly"", 16], ""stat"": ""B""}"
Table S8-04006,si,Table S8,15/15,contrast,"{""left"": [""sclsc_refonly"", 30], ""metric"": ""within_label_silhouette__donor"", ""population"": ""reference"", ""right"": [""sclsc_refonly"", 16], ""stat"": ""FL""}"
Table S8-04007,si,Table S8,15/15,contrast,"{""left"": [""sclsc_refonly"", 30], ""metric"": ""within_label_silhouette__donor"", ""population"": ""reference"", ""right"": [""sclsc_refonly"", 16], ""stat"": ""FR""}"
Table S8-04008,si,Table S8,0.231,contrast,"{""left"": [""sclsc_refonly"", 30], ""metric"": ""within_label_silhouette__patientGroup"", ""population"": ""joint"", ""right"": [""sclsc_refonly"", 16], ""stat"": ""L""}"
Table S8-04009,si,Table S8,0.234,contrast,"{""left"": [""sclsc_refonly"", 30], ""metric"": ""within_label_silhouette__patientGroup"", ""population"": ""joint"", ""right"": [""sclsc_refonly"", 16], ""stat"": ""R""}"
Table S8-04010,si,Table S8,-0.003,contrast,"{""left"": [""sclsc_refonly"", 30], ""metric"": ""within_label_silhouette__patientGroup"", ""population"": ""joint"", ""right"": [""sclsc_refonly"", 16], ""stat"": ""delta""}"
Table S8-04011,si,Table S8,1/1,contrast,"{""left"": [""sclsc_refonly"", 30], ""metric"": ""within_label_silhouette__patientGroup"", ""population"": ""joint"", ""right"": [""sclsc_refonly"", 16], ""stat"": ""D""}"
Table S8-04012,si,Table S8,3/3,contrast,"{""left"": [""sclsc_refonly"", 30], ""metric"": ""within_label_silhouette__patientGroup"", ""population"": ""joint"", ""right"": [""sclsc_refonly"", 16], ""stat"": ""B""}"
Table S8-04013,si,Table S8,15/15,contrast,"{""left"": [""sclsc_refonly"", 30], ""metric"": ""within_label_silhouette__patientGroup"", ""population"": ""joint"", ""right"": [""sclsc_refonly"", 16], ""stat"": ""FL""}"
Table S8-04014,si,Table S8,15/15,contrast,"{""left"": [""sclsc_refonly"", 30], ""metric"": ""within_label_silhouette__patientGroup"", ""population"": ""joint"", ""right"": [""sclsc_refonly"", 16], ""stat"": ""FR""}"
Table S8-04015,si,Table S8,NA,contrast,"{""left"": [""sclsc_refonly"", 30], ""metric"": ""within_label_silhouette__patientGroup"", ""population"": ""query"", ""right"": [""sclsc_refonly"", 16], ""stat"": ""L""}"
Table S8-04016,si,Table S8,NA,contrast,"{""left"": [""sclsc_refonly"", 30], ""metric"": ""within_label_silhouette__patientGroup"", ""population"": ""query"", ""right"": [""sclsc_refonly"", 16], ""stat"": ""R""}"
Table S8-04017,si,Table S8,NA,contrast,"{""left"": [""sclsc_refonly"", 30], ""metric"": ""within_label_silhouette__patientGroup"", ""population"": ""query"", ""right"": [""sclsc_refonly"", 16], ""stat"": ""delta""}"
Table S8-04018,si,Table S8,0/1,contrast,"{""left"": [""sclsc_refonly"", 30], ""metric"": ""within_label_silhouette__patientGroup"", ""population"": ""query"", ""right"": [""sclsc_refonly"", 16], ""stat"": ""D""}"
Table S8-04019,si,Table S8,0/3,contrast,"{""left"": [""sclsc_refonly"", 30], ""metric"": ""within_label_silhouette__patientGroup"", ""population"": ""query"", ""right"": [""sclsc_refonly"", 16], ""stat"": ""B""}"
Table S8-04020,si,Table S8,0/15,contrast,"{""left"": [""sclsc_refonly"", 30], ""metric"": ""within_label_silhouette__patientGroup"", ""population"": ""query"", ""right"": [""sclsc_refonly"", 16], ""stat"": ""FL""}"
Table S8-04021,si,Table S8,0/15,contrast,"{""left"": [""sclsc_refonly"", 30], ""metric"": ""within_label_silhouette__patientGroup"", ""population"": ""query"", ""right"": [""sclsc_refonly"", 16], ""stat"": ""FR""}"
Table S8-04022,si,Table S8,0.261,contrast,"{""left"": [""sclsc_refonly"", 30], ""metric"": ""within_label_silhouette__patientGroup"", ""population"": ""reference"", ""right"": [""sclsc_refonly"", 16], ""stat"": ""L""}"
Table S8-04023,si,Table S8,0.264,contrast,"{""left"": [""sclsc_refonly"", 30], ""metric"": ""within_label_silhouette__patientGroup"", ""population"": ""reference"", ""right"": [""sclsc_refonly"", 16], ""stat"": ""R""}"
Table S8-04024,si,Table S8,-0.002,contrast,"{""left"": [""sclsc_refonly"", 30], ""metric"": ""within_label_silhouette__patientGroup"", ""population"": ""reference"", ""right"": [""sclsc_refonly"", 16], ""stat"": ""delta""}"
Table S8-04025,si,Table S8,1/1,contrast,"{""left"": [""sclsc_refonly"", 30], ""metric"": ""within_label_silhouette__patientGroup"", ""population"": ""reference"", ""right"": [""sclsc_refonly"", 16], ""stat"": ""D""}"
Table S8-04026,si,Table S8,3/3,contrast,"{""left"": [""sclsc_refonly"", 30], ""metric"": ""within_label_silhouette__patientGroup"", ""population"": ""reference"", ""right"": [""sclsc_refonly"", 16], ""stat"": ""B""}"
Table S8-04027,si,Table S8,15/15,contrast,"{""left"": [""sclsc_refonly"", 30], ""metric"": ""within_label_silhouette__patientGroup"", ""population"": ""reference"", ""right"": [""sclsc_refonly"", 16], ""stat"": ""FL""}"
Table S8-04028,si,Table S8,15/15,contrast,"{""left"": [""sclsc_refonly"", 30], ""metric"": ""within_label_silhouette__patientGroup"", ""population"": ""reference"", ""right"": [""sclsc_refonly"", 16], ""stat"": ""FR""}"
Table S8-04029,si,Table S8,-0.011,contrast,"{""left"": [""sclsc_refonly"", 30], ""metric"": ""within_label_silhouette__sample_ID"", ""population"": ""joint"", ""right"": [""sclsc_refonly"", 16], ""stat"": ""L""}"
Table S8-04030,si,Table S8,-0.018,contrast,"{""left"": [""sclsc_refonly"", 30], ""metric"": ""within_label_silhouette__sample_ID"", ""population"": ""joint"", ""right"": [""sclsc_refonly"", 16], ""stat"": ""R""}"
Table S8-04031,si,Table S8,+0.007,contrast,"{""left"": [""sclsc_refonly"", 30], ""metric"": ""within_label_silhouette__sample_ID"", ""population"": ""joint"", ""right"": [""sclsc_refonly"", 16], ""stat"": ""delta""}"
Table S8-04032,si,Table S8,1/1,contrast,"{""left"": [""sclsc_refonly"", 30], ""metric"": ""within_label_silhouette__sample_ID"", ""population"": ""joint"", ""right"": [""sclsc_refonly"", 16], ""stat"": ""D""}"
Table S8-04033,si,Table S8,3/3,contrast,"{""left"": [""sclsc_refonly"", 30], ""metric"": ""within_label_silhouette__sample_ID"", ""population"": ""joint"", ""right"": [""sclsc_refonly"", 16], ""stat"": ""B""}"
Table S8-04034,si,Table S8,15/15,contrast,"{""left"": [""sclsc_refonly"", 30], ""metric"": ""within_label_silhouette__sample_ID"", ""population"": ""joint"", ""right"": [""sclsc_refonly"", 16], ""stat"": ""FL""}"
Table S8-04035,si,Table S8,15/15,contrast,"{""left"": [""sclsc_refonly"", 30], ""metric"": ""within_label_silhouette__sample_ID"", ""population"": ""joint"", ""right"": [""sclsc_refonly"", 16], ""stat"": ""FR""}"
Table S8-04036,si,Table S8,NA,contrast,"{""left"": [""sclsc_refonly"", 30], ""metric"": ""within_label_silhouette__sample_ID"", ""population"": ""query"", ""right"": [""sclsc_refonly"", 16], ""stat"": ""L""}"
Table S8-04037,si,Table S8,NA,contrast,"{""left"": [""sclsc_refonly"", 30], ""metric"": ""within_label_silhouette__sample_ID"", ""population"": ""query"", ""right"": [""sclsc_refonly"", 16], ""stat"": ""R""}"
Table S8-04038,si,Table S8,NA,contrast,"{""left"": [""sclsc_refonly"", 30], ""metric"": ""within_label_silhouette__sample_ID"", ""population"": ""query"", ""right"": [""sclsc_refonly"", 16], ""stat"": ""delta""}"
Table S8-04039,si,Table S8,0/1,contrast,"{""left"": [""sclsc_refonly"", 30], ""metric"": ""within_label_silhouette__sample_ID"", ""population"": ""query"", ""right"": [""sclsc_refonly"", 16], ""stat"": ""D""}"
Table S8-04040,si,Table S8,0/3,contrast,"{""left"": [""sclsc_refonly"", 30], ""metric"": ""within_label_silhouette__sample_ID"", ""population"": ""query"", ""right"": [""sclsc_refonly"", 16], ""stat"": ""B""}"
Table S8-04041,si,Table S8,0/15,contrast,"{""left"": [""sclsc_refonly"", 30], ""metric"": ""within_label_silhouette__sample_ID"", ""population"": ""query"", ""right"": [""sclsc_refonly"", 16], ""stat"": ""FL""}"
Table S8-04042,si,Table S8,0/15,contrast,"{""left"": [""sclsc_refonly"", 30], ""metric"": ""within_label_silhouette__sample_ID"", ""population"": ""query"", ""right"": [""sclsc_refonly"", 16], ""stat"": ""FR""}"
Table S8-04043,si,Table S8,0.005,contrast,"{""left"": [""sclsc_refonly"", 30], ""metric"": ""within_label_silhouette__sample_ID"", ""population"": ""reference"", ""right"": [""sclsc_refonly"", 16], ""stat"": ""L""}"
Table S8-04044,si,Table S8,-0.001,contrast,"{""left"": [""sclsc_refonly"", 30], ""metric"": ""within_label_silhouette__sample_ID"", ""population"": ""reference"", ""right"": [""sclsc_refonly"", 16], ""stat"": ""R""}"
Table S8-04045,si,Table S8,+0.006,contrast,"{""left"": [""sclsc_refonly"", 30], ""metric"": ""within_label_silhouette__sample_ID"", ""population"": ""reference"", ""right"": [""sclsc_refonly"", 16], ""stat"": ""delta""}"
Table S8-04046,si,Table S8,1/1,contrast,"{""left"": [""sclsc_refonly"", 30], ""metric"": ""within_label_silhouette__sample_ID"", ""population"": ""reference"", ""right"": [""sclsc_refonly"", 16], ""stat"": ""D""}"
Table S8-04047,si,Table S8,3/3,contrast,"{""left"": [""sclsc_refonly"", 30], ""metric"": ""within_label_silhouette__sample_ID"", ""population"": ""reference"", ""right"": [""sclsc_refonly"", 16], ""stat"": ""B""}"
Table S8-04048,si,Table S8,15/15,contrast,"{""left"": [""sclsc_refonly"", 30], ""metric"": ""within_label_silhouette__sample_ID"", ""population"": ""reference"", ""right"": [""sclsc_refonly"", 16], ""stat"": ""FL""}"
Table S8-04049,si,Table S8,15/15,contrast,"{""left"": [""sclsc_refonly"", 30], ""metric"": ""within_label_silhouette__sample_ID"", ""population"": ""reference"", ""right"": [""sclsc_refonly"", 16], ""stat"": ""FR""}"
Table S8-04050,si,Table S8,-0.011,contrast,"{""left"": [""sclsc_refonly"", 30], ""metric"": ""within_label_silhouette__study"", ""population"": ""joint"", ""right"": [""sclsc_refonly"", 16], ""stat"": ""L""}"
Table S8-04051,si,Table S8,-0.018,contrast,"{""left"": [""sclsc_refonly"", 30], ""metric"": ""within_label_silhouette__study"", ""population"": ""joint"", ""right"": [""sclsc_refonly"", 16], ""stat"": ""R""}"
Table S8-04052,si,Table S8,+0.007,contrast,"{""left"": [""sclsc_refonly"", 30], ""metric"": ""within_label_silhouette__study"", ""population"": ""joint"", ""right"": [""sclsc_refonly"", 16], ""stat"": ""delta""}"
Table S8-04053,si,Table S8,1/1,contrast,"{""left"": [""sclsc_refonly"", 30], ""metric"": ""within_label_silhouette__study"", ""population"": ""joint"", ""right"": [""sclsc_refonly"", 16], ""stat"": ""D""}"
Table S8-04054,si,Table S8,3/3,contrast,"{""left"": [""sclsc_refonly"", 30], ""metric"": ""within_label_silhouette__study"", ""population"": ""joint"", ""right"": [""sclsc_refonly"", 16], ""stat"": ""B""}"
Table S8-04055,si,Table S8,15/15,contrast,"{""left"": [""sclsc_refonly"", 30], ""metric"": ""within_label_silhouette__study"", ""population"": ""joint"", ""right"": [""sclsc_refonly"", 16], ""stat"": ""FL""}"
Table S8-04056,si,Table S8,15/15,contrast,"{""left"": [""sclsc_refonly"", 30], ""metric"": ""within_label_silhouette__study"", ""population"": ""joint"", ""right"": [""sclsc_refonly"", 16], ""stat"": ""FR""}"
Table S8-04057,si,Table S8,NA,contrast,"{""left"": [""sclsc_refonly"", 30], ""metric"": ""within_label_silhouette__study"", ""population"": ""query"", ""right"": [""sclsc_refonly"", 16], ""stat"": ""L""}"
Table S8-04058,si,Table S8,NA,contrast,"{""left"": [""sclsc_refonly"", 30], ""metric"": ""within_label_silhouette__study"", ""population"": ""query"", ""right"": [""sclsc_refonly"", 16], ""stat"": ""R""}"
Table S8-04059,si,Table S8,NA,contrast,"{""left"": [""sclsc_refonly"", 30], ""metric"": ""within_label_silhouette__study"", ""population"": ""query"", ""right"": [""sclsc_refonly"", 16], ""stat"": ""delta""}"
Table S8-04060,si,Table S8,0/1,contrast,"{""left"": [""sclsc_refonly"", 30], ""metric"": ""within_label_silhouette__study"", ""population"": ""query"", ""right"": [""sclsc_refonly"", 16], ""stat"": ""D""}"
Table S8-04061,si,Table S8,0/3,contrast,"{""left"": [""sclsc_refonly"", 30], ""metric"": ""within_label_silhouette__study"", ""population"": ""query"", ""right"": [""sclsc_refonly"", 16], ""stat"": ""B""}"
Table S8-04062,si,Table S8,0/15,contrast,"{""left"": [""sclsc_refonly"", 30], ""metric"": ""within_label_silhouette__study"", ""population"": ""query"", ""right"": [""sclsc_refonly"", 16], ""stat"": ""FL""}"
Table S8-04063,si,Table S8,0/15,contrast,"{""left"": [""sclsc_refonly"", 30], ""metric"": ""within_label_silhouette__study"", ""population"": ""query"", ""right"": [""sclsc_refonly"", 16], ""stat"": ""FR""}"
Table S8-04064,si,Table S8,0.005,contrast,"{""left"": [""sclsc_refonly"", 30], ""metric"": ""within_label_silhouette__study"", ""population"": ""reference"", ""right"": [""sclsc_refonly"", 16], ""stat"": ""L""}"
Table S8-04065,si,Table S8,-0.001,contrast,"{""left"": [""sclsc_refonly"", 30], ""metric"": ""within_label_silhouette__study"", ""population"": ""reference"", ""right"": [""sclsc_refonly"", 16], ""stat"": ""R""}"
Table S8-04066,si,Table S8,+0.006,contrast,"{""left"": [""sclsc_refonly"", 30], ""metric"": ""within_label_silhouette__study"", ""population"": ""reference"", ""right"": [""sclsc_refonly"", 16], ""stat"": ""delta""}"
Table S8-04067,si,Table S8,1/1,contrast,"{""left"": [""sclsc_refonly"", 30], ""metric"": ""within_label_silhouette__study"", ""population"": ""reference"", ""right"": [""sclsc_refonly"", 16], ""stat"": ""D""}"
Table S8-04068,si,Table S8,3/3,contrast,"{""left"": [""sclsc_refonly"", 30], ""metric"": ""within_label_silhouette__study"", ""population"": ""reference"", ""right"": [""sclsc_refonly"", 16], ""stat"": ""B""}"
Table S8-04069,si,Table S8,15/15,contrast,"{""left"": [""sclsc_refonly"", 30], ""metric"": ""within_label_silhouette__study"", ""population"": ""reference"", ""right"": [""sclsc_refonly"", 16], ""stat"": ""FL""}"
Table S8-04070,si,Table S8,15/15,contrast,"{""left"": [""sclsc_refonly"", 30], ""metric"": ""within_label_silhouette__study"", ""population"": ""reference"", ""right"": [""sclsc_refonly"", 16], ""stat"": ""FR""}"
Table S9-04071,si,Table S9,0.404,contrast,"{""left"": [""solar_orthogonal"", 128], ""metric"": ""ARI_cluster/label"", ""population"": ""joint"", ""right"": [""solar_none"", 128], ""stat"": ""L""}"
Table S9-04072,si,Table S9,0.392,contrast,"{""left"": [""solar_orthogonal"", 128], ""metric"": ""ARI_cluster/label"", ""population"": ""joint"", ""right"": [""solar_none"", 128], ""stat"": ""R""}"
Table S9-04073,si,Table S9,+0.012,contrast,"{""left"": [""solar_orthogonal"", 128], ""metric"": ""ARI_cluster/label"", ""population"": ""joint"", ""right"": [""solar_none"", 128], ""stat"": ""delta""}"
Table S9-04074,si,Table S9,3/3,contrast,"{""left"": [""solar_orthogonal"", 128], ""metric"": ""ARI_cluster/label"", ""population"": ""joint"", ""right"": [""solar_none"", 128], ""stat"": ""D""}"
Table S9-04075,si,Table S9,9/9,contrast,"{""left"": [""solar_orthogonal"", 128], ""metric"": ""ARI_cluster/label"", ""population"": ""joint"", ""right"": [""solar_none"", 128], ""stat"": ""B""}"
Table S9-04076,si,Table S9,45/45,contrast,"{""left"": [""solar_orthogonal"", 128], ""metric"": ""ARI_cluster/label"", ""population"": ""joint"", ""right"": [""solar_none"", 128], ""stat"": ""FL""}"
Table S9-04077,si,Table S9,45/45,contrast,"{""left"": [""solar_orthogonal"", 128], ""metric"": ""ARI_cluster/label"", ""population"": ""joint"", ""right"": [""solar_none"", 128], ""stat"": ""FR""}"
Table S9-04078,si,Table S9,0.869,contrast,"{""left"": [""solar_orthogonal"", 128], ""metric"": ""ASW_label"", ""population"": ""joint"", ""right"": [""solar_none"", 128], ""stat"": ""L""}"
Table S9-04079,si,Table S9,0.845,contrast,"{""left"": [""solar_orthogonal"", 128], ""metric"": ""ASW_label"", ""population"": ""joint"", ""right"": [""solar_none"", 128], ""stat"": ""R""}"
Table S9-04080,si,Table S9,+0.024,contrast,"{""left"": [""solar_orthogonal"", 128], ""metric"": ""ASW_label"", ""population"": ""joint"", ""right"": [""solar_none"", 128], ""stat"": ""delta""}"
Table S9-04081,si,Table S9,3/3,contrast,"{""left"": [""solar_orthogonal"", 128], ""metric"": ""ASW_label"", ""population"": ""joint"", ""right"": [""solar_none"", 128], ""stat"": ""D""}"
Table S9-04082,si,Table S9,9/9,contrast,"{""left"": [""solar_orthogonal"", 128], ""metric"": ""ASW_label"", ""population"": ""joint"", ""right"": [""solar_none"", 128], ""stat"": ""B""}"
Table S9-04083,si,Table S9,45/45,contrast,"{""left"": [""solar_orthogonal"", 128], ""metric"": ""ASW_label"", ""population"": ""joint"", ""right"": [""solar_none"", 128], ""stat"": ""FL""}"
Table S9-04084,si,Table S9,45/45,contrast,"{""left"": [""solar_orthogonal"", 128], ""metric"": ""ASW_label"", ""population"": ""joint"", ""right"": [""solar_none"", 128], ""stat"": ""FR""}"
Table S9-04085,si,Table S9,0.842,contrast,"{""left"": [""solar_orthogonal"", 128], ""metric"": ""ASW_label/batch"", ""population"": ""joint"", ""right"": [""solar_none"", 128], ""stat"": ""L""}"
Table S9-04086,si,Table S9,0.859,contrast,"{""left"": [""solar_orthogonal"", 128], ""metric"": ""ASW_label/batch"", ""population"": ""joint"", ""right"": [""solar_none"", 128], ""stat"": ""R""}"
Table S9-04087,si,Table S9,-0.017,contrast,"{""left"": [""solar_orthogonal"", 128], ""metric"": ""ASW_label/batch"", ""population"": ""joint"", ""right"": [""solar_none"", 128], ""stat"": ""delta""}"
Table S9-04088,si,Table S9,3/3,contrast,"{""left"": [""solar_orthogonal"", 128], ""metric"": ""ASW_label/batch"", ""population"": ""joint"", ""right"": [""solar_none"", 128], ""stat"": ""D""}"
Table S9-04089,si,Table S9,9/9,contrast,"{""left"": [""solar_orthogonal"", 128], ""metric"": ""ASW_label/batch"", ""population"": ""joint"", ""right"": [""solar_none"", 128], ""stat"": ""B""}"
Table S9-04090,si,Table S9,45/45,contrast,"{""left"": [""solar_orthogonal"", 128], ""metric"": ""ASW_label/batch"", ""population"": ""joint"", ""right"": [""solar_none"", 128], ""stat"": ""FL""}"
Table S9-04091,si,Table S9,45/45,contrast,"{""left"": [""solar_orthogonal"", 128], ""metric"": ""ASW_label/batch"", ""population"": ""joint"", ""right"": [""solar_none"", 128], ""stat"": ""FR""}"
Table S9-04092,si,Table S9,0.758,contrast,"{""left"": [""solar_orthogonal"", 128], ""metric"": ""NMI_cluster/label"", ""population"": ""joint"", ""right"": [""solar_none"", 128], ""stat"": ""L""}"
Table S9-04093,si,Table S9,0.754,contrast,"{""left"": [""solar_orthogonal"", 128], ""metric"": ""NMI_cluster/label"", ""population"": ""joint"", ""right"": [""solar_none"", 128], ""stat"": ""R""}"
Table S9-04094,si,Table S9,+0.004,contrast,"{""left"": [""solar_orthogonal"", 128], ""metric"": ""NMI_cluster/label"", ""population"": ""joint"", ""right"": [""solar_none"", 128], ""stat"": ""delta""}"
Table S9-04095,si,Table S9,3/3,contrast,"{""left"": [""solar_orthogonal"", 128], ""metric"": ""NMI_cluster/label"", ""population"": ""joint"", ""right"": [""solar_none"", 128], ""stat"": ""D""}"
Table S9-04096,si,Table S9,9/9,contrast,"{""left"": [""solar_orthogonal"", 128], ""metric"": ""NMI_cluster/label"", ""population"": ""joint"", ""right"": [""solar_none"", 128], ""stat"": ""B""}"
Table S9-04097,si,Table S9,45/45,contrast,"{""left"": [""solar_orthogonal"", 128], ""metric"": ""NMI_cluster/label"", ""population"": ""joint"", ""right"": [""solar_none"", 128], ""stat"": ""FL""}"
Table S9-04098,si,Table S9,45/45,contrast,"{""left"": [""solar_orthogonal"", 128], ""metric"": ""NMI_cluster/label"", ""population"": ""joint"", ""right"": [""solar_none"", 128], ""stat"": ""FR""}"
Table S9-04099,si,Table S9,0.771,contrast,"{""left"": [""solar_orthogonal"", 128], ""metric"": ""PCR_batch"", ""population"": ""joint"", ""right"": [""solar_none"", 128], ""stat"": ""L""}"
Table S9-04100,si,Table S9,0.748,contrast,"{""left"": [""solar_orthogonal"", 128], ""metric"": ""PCR_batch"", ""population"": ""joint"", ""right"": [""solar_none"", 128], ""stat"": ""R""}"
Table S9-04101,si,Table S9,+0.023,contrast,"{""left"": [""solar_orthogonal"", 128], ""metric"": ""PCR_batch"", ""population"": ""joint"", ""right"": [""solar_none"", 128], ""stat"": ""delta""}"
Table S9-04102,si,Table S9,3/3,contrast,"{""left"": [""solar_orthogonal"", 128], ""metric"": ""PCR_batch"", ""population"": ""joint"", ""right"": [""solar_none"", 128], ""stat"": ""D""}"
Table S9-04103,si,Table S9,9/9,contrast,"{""left"": [""solar_orthogonal"", 128], ""metric"": ""PCR_batch"", ""population"": ""joint"", ""right"": [""solar_none"", 128], ""stat"": ""B""}"
Table S9-04104,si,Table S9,45/45,contrast,"{""left"": [""solar_orthogonal"", 128], ""metric"": ""PCR_batch"", ""population"": ""joint"", ""right"": [""solar_none"", 128], ""stat"": ""FL""}"
Table S9-04105,si,Table S9,45/45,contrast,"{""left"": [""solar_orthogonal"", 128], ""metric"": ""PCR_batch"", ""population"": ""joint"", ""right"": [""solar_none"", 128], ""stat"": ""FR""}"
Table S9-04106,si,Table S9,0.838,contrast,"{""left"": [""solar_orthogonal"", 128], ""metric"": ""balanced_accuracy"", ""population"": ""query"", ""right"": [""solar_none"", 128], ""stat"": ""L""}"
Table S9-04107,si,Table S9,0.834,contrast,"{""left"": [""solar_orthogonal"", 128], ""metric"": ""balanced_accuracy"", ""population"": ""query"", ""right"": [""solar_none"", 128], ""stat"": ""R""}"
Table S9-04108,si,Table S9,+0.004,contrast,"{""left"": [""solar_orthogonal"", 128], ""metric"": ""balanced_accuracy"", ""population"": ""query"", ""right"": [""solar_none"", 128], ""stat"": ""delta""}"
Table S9-04109,si,Table S9,3/3,contrast,"{""left"": [""solar_orthogonal"", 128], ""metric"": ""balanced_accuracy"", ""population"": ""query"", ""right"": [""solar_none"", 128], ""stat"": ""D""}"
Table S9-04110,si,Table S9,9/9,contrast,"{""left"": [""solar_orthogonal"", 128], ""metric"": ""balanced_accuracy"", ""population"": ""query"", ""right"": [""solar_none"", 128], ""stat"": ""B""}"
Table S9-04111,si,Table S9,45/45,contrast,"{""left"": [""solar_orthogonal"", 128], ""metric"": ""balanced_accuracy"", ""population"": ""query"", ""right"": [""solar_none"", 128], ""stat"": ""FL""}"
Table S9-04112,si,Table S9,45/45,contrast,"{""left"": [""solar_orthogonal"", 128], ""metric"": ""balanced_accuracy"", ""population"": ""query"", ""right"": [""solar_none"", 128], ""stat"": ""FR""}"
Table S9-04113,si,Table S9,1.000,contrast,"{""left"": [""solar_orthogonal"", 128], ""metric"": ""cLISI"", ""population"": ""joint"", ""right"": [""solar_none"", 128], ""stat"": ""L""}"
Table S9-04114,si,Table S9,1.000,contrast,"{""left"": [""solar_orthogonal"", 128], ""metric"": ""cLISI"", ""population"": ""joint"", ""right"": [""solar_none"", 128], ""stat"": ""R""}"
Table S9-04115,si,Table S9,0.000,contrast,"{""left"": [""solar_orthogonal"", 128], ""metric"": ""cLISI"", ""population"": ""joint"", ""right"": [""solar_none"", 128], ""stat"": ""delta""}"
Table S9-04116,si,Table S9,3/3,contrast,"{""left"": [""solar_orthogonal"", 128], ""metric"": ""cLISI"", ""population"": ""joint"", ""right"": [""solar_none"", 128], ""stat"": ""D""}"
Table S9-04117,si,Table S9,9/9,contrast,"{""left"": [""solar_orthogonal"", 128], ""metric"": ""cLISI"", ""population"": ""joint"", ""right"": [""solar_none"", 128], ""stat"": ""B""}"
Table S9-04118,si,Table S9,45/45,contrast,"{""left"": [""solar_orthogonal"", 128], ""metric"": ""cLISI"", ""population"": ""joint"", ""right"": [""solar_none"", 128], ""stat"": ""FL""}"
Table S9-04119,si,Table S9,45/45,contrast,"{""left"": [""solar_orthogonal"", 128], ""metric"": ""cLISI"", ""population"": ""joint"", ""right"": [""solar_none"", 128], ""stat"": ""FR""}"
Table S9-04120,si,Table S9,0.539,contrast,"{""left"": [""solar_orthogonal"", 128], ""metric"": ""cell_cycle_conservation"", ""population"": ""joint"", ""right"": [""solar_none"", 128], ""stat"": ""L""}"
Table S9-04121,si,Table S9,0.570,contrast,"{""left"": [""solar_orthogonal"", 128], ""metric"": ""cell_cycle_conservation"", ""population"": ""joint"", ""right"": [""solar_none"", 128], ""stat"": ""R""}"
Table S9-04122,si,Table S9,-0.032,contrast,"{""left"": [""solar_orthogonal"", 128], ""metric"": ""cell_cycle_conservation"", ""population"": ""joint"", ""right"": [""solar_none"", 128], ""stat"": ""delta""}"
Table S9-04123,si,Table S9,3/3,contrast,"{""left"": [""solar_orthogonal"", 128], ""metric"": ""cell_cycle_conservation"", ""population"": ""joint"", ""right"": [""solar_none"", 128], ""stat"": ""D""}"
Table S9-04124,si,Table S9,9/9,contrast,"{""left"": [""solar_orthogonal"", 128], ""metric"": ""cell_cycle_conservation"", ""population"": ""joint"", ""right"": [""solar_none"", 128], ""stat"": ""B""}"
Table S9-04125,si,Table S9,45/45,contrast,"{""left"": [""solar_orthogonal"", 128], ""metric"": ""cell_cycle_conservation"", ""population"": ""joint"", ""right"": [""solar_none"", 128], ""stat"": ""FL""}"
Table S9-04126,si,Table S9,45/45,contrast,"{""left"": [""solar_orthogonal"", 128], ""metric"": ""cell_cycle_conservation"", ""population"": ""joint"", ""right"": [""solar_none"", 128], ""stat"": ""FR""}"
Table S9-04127,si,Table S9,NA,contrast,"{""left"": [""solar_orthogonal"", 128], ""metric"": ""hvg_overlap"", ""population"": ""joint"", ""right"": [""solar_none"", 128], ""stat"": ""L""}"
Table S9-04128,si,Table S9,NA,contrast,"{""left"": [""solar_orthogonal"", 128], ""metric"": ""hvg_overlap"", ""population"": ""joint"", ""right"": [""solar_none"", 128], ""stat"": ""R""}"
Table S9-04129,si,Table S9,NA,contrast,"{""left"": [""solar_orthogonal"", 128], ""metric"": ""hvg_overlap"", ""population"": ""joint"", ""right"": [""solar_none"", 128], ""stat"": ""delta""}"
Table S9-04130,si,Table S9,0/3,contrast,"{""left"": [""solar_orthogonal"", 128], ""metric"": ""hvg_overlap"", ""population"": ""joint"", ""right"": [""solar_none"", 128], ""stat"": ""D""}"
Table S9-04131,si,Table S9,0/9,contrast,"{""left"": [""solar_orthogonal"", 128], ""metric"": ""hvg_overlap"", ""population"": ""joint"", ""right"": [""solar_none"", 128], ""stat"": ""B""}"
Table S9-04132,si,Table S9,0/45,contrast,"{""left"": [""solar_orthogonal"", 128], ""metric"": ""hvg_overlap"", ""population"": ""joint"", ""right"": [""solar_none"", 128], ""stat"": ""FL""}"
Table S9-04133,si,Table S9,0/45,contrast,"{""left"": [""solar_orthogonal"", 128], ""metric"": ""hvg_overlap"", ""population"": ""joint"", ""right"": [""solar_none"", 128], ""stat"": ""FR""}"
Table S9-04134,si,Table S9,1.268,contrast,"{""left"": [""solar_orthogonal"", 128], ""metric"": ""iLISI"", ""population"": ""joint"", ""right"": [""solar_none"", 128], ""stat"": ""L""}"
Table S9-04135,si,Table S9,0.887,contrast,"{""left"": [""solar_orthogonal"", 128], ""metric"": ""iLISI"", ""population"": ""joint"", ""right"": [""solar_none"", 128], ""stat"": ""R""}"
Table S9-04136,si,Table S9,+0.381,contrast,"{""left"": [""solar_orthogonal"", 128], ""metric"": ""iLISI"", ""population"": ""joint"", ""right"": [""solar_none"", 128], ""stat"": ""delta""}"
Table S9-04137,si,Table S9,3/3,contrast,"{""left"": [""solar_orthogonal"", 128], ""metric"": ""iLISI"", ""population"": ""joint"", ""right"": [""solar_none"", 128], ""stat"": ""D""}"
Table S9-04138,si,Table S9,9/9,contrast,"{""left"": [""solar_orthogonal"", 128], ""metric"": ""iLISI"", ""population"": ""joint"", ""right"": [""solar_none"", 128], ""stat"": ""B""}"
Table S9-04139,si,Table S9,45/45,contrast,"{""left"": [""solar_orthogonal"", 128], ""metric"": ""iLISI"", ""population"": ""joint"", ""right"": [""solar_none"", 128], ""stat"": ""FL""}"
Table S9-04140,si,Table S9,45/45,contrast,"{""left"": [""solar_orthogonal"", 128], ""metric"": ""iLISI"", ""population"": ""joint"", ""right"": [""solar_none"", 128], ""stat"": ""FR""}"
Table S9-04141,si,Table S9,0.501,contrast,"{""left"": [""solar_orthogonal"", 128], ""metric"": ""isolated_label_silhouette"", ""population"": ""joint"", ""right"": [""solar_none"", 128], ""stat"": ""L""}"
Table S9-04142,si,Table S9,0.501,contrast,"{""left"": [""solar_orthogonal"", 128], ""metric"": ""isolated_label_silhouette"", ""population"": ""joint"", ""right"": [""solar_none"", 128], ""stat"": ""R""}"
Table S9-04143,si,Table S9,+0.000,contrast,"{""left"": [""solar_orthogonal"", 128], ""metric"": ""isolated_label_silhouette"", ""population"": ""joint"", ""right"": [""solar_none"", 128], ""stat"": ""delta""}"
Table S9-04144,si,Table S9,3/3,contrast,"{""left"": [""solar_orthogonal"", 128], ""metric"": ""isolated_label_silhouette"", ""population"": ""joint"", ""right"": [""solar_none"", 128], ""stat"": ""D""}"
Table S9-04145,si,Table S9,9/9,contrast,"{""left"": [""solar_orthogonal"", 128], ""metric"": ""isolated_label_silhouette"", ""population"": ""joint"", ""right"": [""solar_none"", 128], ""stat"": ""B""}"
Table S9-04146,si,Table S9,45/45,contrast,"{""left"": [""solar_orthogonal"", 128], ""metric"": ""isolated_label_silhouette"", ""population"": ""joint"", ""right"": [""solar_none"", 128], ""stat"": ""FL""}"
Table S9-04147,si,Table S9,45/45,contrast,"{""left"": [""solar_orthogonal"", 128], ""metric"": ""isolated_label_silhouette"", ""population"": ""joint"", ""right"": [""solar_none"", 128], ""stat"": ""FR""}"
Table S9-04148,si,Table S9,0.813,contrast,"{""left"": [""solar_orthogonal"", 128], ""metric"": ""macro_f1"", ""population"": ""query"", ""right"": [""solar_none"", 128], ""stat"": ""L""}"
Table S9-04149,si,Table S9,0.806,contrast,"{""left"": [""solar_orthogonal"", 128], ""metric"": ""macro_f1"", ""population"": ""query"", ""right"": [""solar_none"", 128], ""stat"": ""R""}"
Table S9-04150,si,Table S9,+0.007,contrast,"{""left"": [""solar_orthogonal"", 128], ""metric"": ""macro_f1"", ""population"": ""query"", ""right"": [""solar_none"", 128], ""stat"": ""delta""}"
Table S9-04151,si,Table S9,3/3,contrast,"{""left"": [""solar_orthogonal"", 128], ""metric"": ""macro_f1"", ""population"": ""query"", ""right"": [""solar_none"", 128], ""stat"": ""D""}"
Table S9-04152,si,Table S9,9/9,contrast,"{""left"": [""solar_orthogonal"", 128], ""metric"": ""macro_f1"", ""population"": ""query"", ""right"": [""solar_none"", 128], ""stat"": ""B""}"
Table S9-04153,si,Table S9,45/45,contrast,"{""left"": [""solar_orthogonal"", 128], ""metric"": ""macro_f1"", ""population"": ""query"", ""right"": [""solar_none"", 128], ""stat"": ""FL""}"
Table S9-04154,si,Table S9,45/45,contrast,"{""left"": [""solar_orthogonal"", 128], ""metric"": ""macro_f1"", ""population"": ""query"", ""right"": [""solar_none"", 128], ""stat"": ""FR""}"
Table S9-04155,si,Table S9,0.873,contrast,"{""left"": [""solar_orthogonal"", 128], ""metric"": ""pseudotime_smoothness"", ""population"": ""joint"", ""right"": [""solar_none"", 128], ""stat"": ""L""}"
Table S9-04156,si,Table S9,0.875,contrast,"{""left"": [""solar_orthogonal"", 128], ""metric"": ""pseudotime_smoothness"", ""population"": ""joint"", ""right"": [""solar_none"", 128], ""stat"": ""R""}"
Table S9-04157,si,Table S9,-0.003,contrast,"{""left"": [""solar_orthogonal"", 128], ""metric"": ""pseudotime_smoothness"", ""population"": ""joint"", ""right"": [""solar_none"", 128], ""stat"": ""delta""}"
Table S9-04158,si,Table S9,1/1,contrast,"{""left"": [""solar_orthogonal"", 128], ""metric"": ""pseudotime_smoothness"", ""population"": ""joint"", ""right"": [""solar_none"", 128], ""stat"": ""D""}"
Table S9-04159,si,Table S9,3/3,contrast,"{""left"": [""solar_orthogonal"", 128], ""metric"": ""pseudotime_smoothness"", ""population"": ""joint"", ""right"": [""solar_none"", 128], ""stat"": ""B""}"
Table S9-04160,si,Table S9,15/15,contrast,"{""left"": [""solar_orthogonal"", 128], ""metric"": ""pseudotime_smoothness"", ""population"": ""joint"", ""right"": [""solar_none"", 128], ""stat"": ""FL""}"
Table S9-04161,si,Table S9,15/15,contrast,"{""left"": [""solar_orthogonal"", 128], ""metric"": ""pseudotime_smoothness"", ""population"": ""joint"", ""right"": [""solar_none"", 128], ""stat"": ""FR""}"
Table S9-04162,si,Table S9,0.949,contrast,"{""left"": [""solar_orthogonal"", 128], ""metric"": ""pseudotime_smoothness"", ""population"": ""query"", ""right"": [""solar_none"", 128], ""stat"": ""L""}"
Table S9-04163,si,Table S9,0.953,contrast,"{""left"": [""solar_orthogonal"", 128], ""metric"": ""pseudotime_smoothness"", ""population"": ""query"", ""right"": [""solar_none"", 128], ""stat"": ""R""}"
Table S9-04164,si,Table S9,-0.004,contrast,"{""left"": [""solar_orthogonal"", 128], ""metric"": ""pseudotime_smoothness"", ""population"": ""query"", ""right"": [""solar_none"", 128], ""stat"": ""delta""}"
Table S9-04165,si,Table S9,1/1,contrast,"{""left"": [""solar_orthogonal"", 128], ""metric"": ""pseudotime_smoothness"", ""population"": ""query"", ""right"": [""solar_none"", 128], ""stat"": ""D""}"
Table S9-04166,si,Table S9,1/3,contrast,"{""left"": [""solar_orthogonal"", 128], ""metric"": ""pseudotime_smoothness"", ""population"": ""query"", ""right"": [""solar_none"", 128], ""stat"": ""B""}"
Table S9-04167,si,Table S9,5/15,contrast,"{""left"": [""solar_orthogonal"", 128], ""metric"": ""pseudotime_smoothness"", ""population"": ""query"", ""right"": [""solar_none"", 128], ""stat"": ""FL""}"
Table S9-04168,si,Table S9,5/15,contrast,"{""left"": [""solar_orthogonal"", 128], ""metric"": ""pseudotime_smoothness"", ""population"": ""query"", ""right"": [""solar_none"", 128], ""stat"": ""FR""}"
Table S9-04169,si,Table S9,0.852,contrast,"{""left"": [""solar_orthogonal"", 128], ""metric"": ""pseudotime_smoothness"", ""population"": ""reference"", ""right"": [""solar_none"", 128], ""stat"": ""L""}"
Table S9-04170,si,Table S9,0.854,contrast,"{""left"": [""solar_orthogonal"", 128], ""metric"": ""pseudotime_smoothness"", ""population"": ""reference"", ""right"": [""solar_none"", 128], ""stat"": ""R""}"
Table S9-04171,si,Table S9,-0.002,contrast,"{""left"": [""solar_orthogonal"", 128], ""metric"": ""pseudotime_smoothness"", ""population"": ""reference"", ""right"": [""solar_none"", 128], ""stat"": ""delta""}"
Table S9-04172,si,Table S9,1/1,contrast,"{""left"": [""solar_orthogonal"", 128], ""metric"": ""pseudotime_smoothness"", ""population"": ""reference"", ""right"": [""solar_none"", 128], ""stat"": ""D""}"
Table S9-04173,si,Table S9,3/3,contrast,"{""left"": [""solar_orthogonal"", 128], ""metric"": ""pseudotime_smoothness"", ""population"": ""reference"", ""right"": [""solar_none"", 128], ""stat"": ""B""}"
Table S9-04174,si,Table S9,15/15,contrast,"{""left"": [""solar_orthogonal"", 128], ""metric"": ""pseudotime_smoothness"", ""population"": ""reference"", ""right"": [""solar_none"", 128], ""stat"": ""FL""}"
Table S9-04175,si,Table S9,15/15,contrast,"{""left"": [""solar_orthogonal"", 128], ""metric"": ""pseudotime_smoothness"", ""population"": ""reference"", ""right"": [""solar_none"", 128], ""stat"": ""FR""}"
Table S9-04176,si,Table S9,0.623,contrast,"{""left"": [""solar_orthogonal"", 128], ""metric"": ""trajectory"", ""population"": ""joint"", ""right"": [""solar_none"", 128], ""stat"": ""L""}"
Table S9-04177,si,Table S9,0.685,contrast,"{""left"": [""solar_orthogonal"", 128], ""metric"": ""trajectory"", ""population"": ""joint"", ""right"": [""solar_none"", 128], ""stat"": ""R""}"
Table S9-04178,si,Table S9,-0.062,contrast,"{""left"": [""solar_orthogonal"", 128], ""metric"": ""trajectory"", ""population"": ""joint"", ""right"": [""solar_none"", 128], ""stat"": ""delta""}"
Table S9-04179,si,Table S9,1/1,contrast,"{""left"": [""solar_orthogonal"", 128], ""metric"": ""trajectory"", ""population"": ""joint"", ""right"": [""solar_none"", 128], ""stat"": ""D""}"
Table S9-04180,si,Table S9,3/3,contrast,"{""left"": [""solar_orthogonal"", 128], ""metric"": ""trajectory"", ""population"": ""joint"", ""right"": [""solar_none"", 128], ""stat"": ""B""}"
Table S9-04181,si,Table S9,15/15,contrast,"{""left"": [""solar_orthogonal"", 128], ""metric"": ""trajectory"", ""population"": ""joint"", ""right"": [""solar_none"", 128], ""stat"": ""FL""}"
Table S9-04182,si,Table S9,15/15,contrast,"{""left"": [""solar_orthogonal"", 128], ""metric"": ""trajectory"", ""population"": ""joint"", ""right"": [""solar_none"", 128], ""stat"": ""FR""}"
Table S9-04183,si,Table S9,0.933,contrast,"{""left"": [""solar_orthogonal"", 128], ""metric"": ""trustworthiness"", ""population"": ""joint"", ""right"": [""solar_none"", 128], ""stat"": ""L""}"
Table S9-04184,si,Table S9,0.947,contrast,"{""left"": [""solar_orthogonal"", 128], ""metric"": ""trustworthiness"", ""population"": ""joint"", ""right"": [""solar_none"", 128], ""stat"": ""R""}"
Table S9-04185,si,Table S9,-0.015,contrast,"{""left"": [""solar_orthogonal"", 128], ""metric"": ""trustworthiness"", ""population"": ""joint"", ""right"": [""solar_none"", 128], ""stat"": ""delta""}"
Table S9-04186,si,Table S9,2/2,contrast,"{""left"": [""solar_orthogonal"", 128], ""metric"": ""trustworthiness"", ""population"": ""joint"", ""right"": [""solar_none"", 128], ""stat"": ""D""}"
Table S9-04187,si,Table S9,6/6,contrast,"{""left"": [""solar_orthogonal"", 128], ""metric"": ""trustworthiness"", ""population"": ""joint"", ""right"": [""solar_none"", 128], ""stat"": ""B""}"
Table S9-04188,si,Table S9,30/30,contrast,"{""left"": [""solar_orthogonal"", 128], ""metric"": ""trustworthiness"", ""population"": ""joint"", ""right"": [""solar_none"", 128], ""stat"": ""FL""}"
Table S9-04189,si,Table S9,30/30,contrast,"{""left"": [""solar_orthogonal"", 128], ""metric"": ""trustworthiness"", ""population"": ""joint"", ""right"": [""solar_none"", 128], ""stat"": ""FR""}"
Table S9-04190,si,Table S9,0.941,contrast,"{""left"": [""solar_orthogonal"", 128], ""metric"": ""trustworthiness"", ""population"": ""query"", ""right"": [""solar_none"", 128], ""stat"": ""L""}"
Table S9-04191,si,Table S9,0.946,contrast,"{""left"": [""solar_orthogonal"", 128], ""metric"": ""trustworthiness"", ""population"": ""query"", ""right"": [""solar_none"", 128], ""stat"": ""R""}"
Table S9-04192,si,Table S9,-0.006,contrast,"{""left"": [""solar_orthogonal"", 128], ""metric"": ""trustworthiness"", ""population"": ""query"", ""right"": [""solar_none"", 128], ""stat"": ""delta""}"
Table S9-04193,si,Table S9,2/2,contrast,"{""left"": [""solar_orthogonal"", 128], ""metric"": ""trustworthiness"", ""population"": ""query"", ""right"": [""solar_none"", 128], ""stat"": ""D""}"
Table S9-04194,si,Table S9,6/6,contrast,"{""left"": [""solar_orthogonal"", 128], ""metric"": ""trustworthiness"", ""population"": ""query"", ""right"": [""solar_none"", 128], ""stat"": ""B""}"
Table S9-04195,si,Table S9,30/30,contrast,"{""left"": [""solar_orthogonal"", 128], ""metric"": ""trustworthiness"", ""population"": ""query"", ""right"": [""solar_none"", 128], ""stat"": ""FL""}"
Table S9-04196,si,Table S9,30/30,contrast,"{""left"": [""solar_orthogonal"", 128], ""metric"": ""trustworthiness"", ""population"": ""query"", ""right"": [""solar_none"", 128], ""stat"": ""FR""}"
Table S9-04197,si,Table S9,0.928,contrast,"{""left"": [""solar_orthogonal"", 128], ""metric"": ""trustworthiness"", ""population"": ""reference"", ""right"": [""solar_none"", 128], ""stat"": ""L""}"
Table S9-04198,si,Table S9,0.943,contrast,"{""left"": [""solar_orthogonal"", 128], ""metric"": ""trustworthiness"", ""population"": ""reference"", ""right"": [""solar_none"", 128], ""stat"": ""R""}"
Table S9-04199,si,Table S9,-0.015,contrast,"{""left"": [""solar_orthogonal"", 128], ""metric"": ""trustworthiness"", ""population"": ""reference"", ""right"": [""solar_none"", 128], ""stat"": ""delta""}"
Table S9-04200,si,Table S9,2/2,contrast,"{""left"": [""solar_orthogonal"", 128], ""metric"": ""trustworthiness"", ""population"": ""reference"", ""right"": [""solar_none"", 128], ""stat"": ""D""}"
Table S9-04201,si,Table S9,6/6,contrast,"{""left"": [""solar_orthogonal"", 128], ""metric"": ""trustworthiness"", ""population"": ""reference"", ""right"": [""solar_none"", 128], ""stat"": ""B""}"
Table S9-04202,si,Table S9,30/30,contrast,"{""left"": [""solar_orthogonal"", 128], ""metric"": ""trustworthiness"", ""population"": ""reference"", ""right"": [""solar_none"", 128], ""stat"": ""FL""}"
Table S9-04203,si,Table S9,30/30,contrast,"{""left"": [""solar_orthogonal"", 128], ""metric"": ""trustworthiness"", ""population"": ""reference"", ""right"": [""solar_none"", 128], ""stat"": ""FR""}"
Table S9-04204,si,Table S9,-0.095,contrast,"{""left"": [""solar_orthogonal"", 128], ""metric"": ""within_label_silhouette__donor"", ""population"": ""joint"", ""right"": [""solar_none"", 128], ""stat"": ""L""}"
Table S9-04205,si,Table S9,-0.055,contrast,"{""left"": [""solar_orthogonal"", 128], ""metric"": ""within_label_silhouette__donor"", ""population"": ""joint"", ""right"": [""solar_none"", 128], ""stat"": ""R""}"
Table S9-04206,si,Table S9,-0.040,contrast,"{""left"": [""solar_orthogonal"", 128], ""metric"": ""within_label_silhouette__donor"", ""population"": ""joint"", ""right"": [""solar_none"", 128], ""stat"": ""delta""}"
Table S9-04207,si,Table S9,1/1,contrast,"{""left"": [""solar_orthogonal"", 128], ""metric"": ""within_label_silhouette__donor"", ""population"": ""joint"", ""right"": [""solar_none"", 128], ""stat"": ""D""}"
Table S9-04208,si,Table S9,3/3,contrast,"{""left"": [""solar_orthogonal"", 128], ""metric"": ""within_label_silhouette__donor"", ""population"": ""joint"", ""right"": [""solar_none"", 128], ""stat"": ""B""}"
Table S9-04209,si,Table S9,15/15,contrast,"{""left"": [""solar_orthogonal"", 128], ""metric"": ""within_label_silhouette__donor"", ""population"": ""joint"", ""right"": [""solar_none"", 128], ""stat"": ""FL""}"
Table S9-04210,si,Table S9,15/15,contrast,"{""left"": [""solar_orthogonal"", 128], ""metric"": ""within_label_silhouette__donor"", ""population"": ""joint"", ""right"": [""solar_none"", 128], ""stat"": ""FR""}"
Table S9-04211,si,Table S9,NA,contrast,"{""left"": [""solar_orthogonal"", 128], ""metric"": ""within_label_silhouette__donor"", ""population"": ""query"", ""right"": [""solar_none"", 128], ""stat"": ""L""}"
Table S9-04212,si,Table S9,NA,contrast,"{""left"": [""solar_orthogonal"", 128], ""metric"": ""within_label_silhouette__donor"", ""population"": ""query"", ""right"": [""solar_none"", 128], ""stat"": ""R""}"
Table S9-04213,si,Table S9,NA,contrast,"{""left"": [""solar_orthogonal"", 128], ""metric"": ""within_label_silhouette__donor"", ""population"": ""query"", ""right"": [""solar_none"", 128], ""stat"": ""delta""}"
Table S9-04214,si,Table S9,0/1,contrast,"{""left"": [""solar_orthogonal"", 128], ""metric"": ""within_label_silhouette__donor"", ""population"": ""query"", ""right"": [""solar_none"", 128], ""stat"": ""D""}"
Table S9-04215,si,Table S9,0/3,contrast,"{""left"": [""solar_orthogonal"", 128], ""metric"": ""within_label_silhouette__donor"", ""population"": ""query"", ""right"": [""solar_none"", 128], ""stat"": ""B""}"
Table S9-04216,si,Table S9,0/15,contrast,"{""left"": [""solar_orthogonal"", 128], ""metric"": ""within_label_silhouette__donor"", ""population"": ""query"", ""right"": [""solar_none"", 128], ""stat"": ""FL""}"
Table S9-04217,si,Table S9,0/15,contrast,"{""left"": [""solar_orthogonal"", 128], ""metric"": ""within_label_silhouette__donor"", ""population"": ""query"", ""right"": [""solar_none"", 128], ""stat"": ""FR""}"
Table S9-04218,si,Table S9,-0.089,contrast,"{""left"": [""solar_orthogonal"", 128], ""metric"": ""within_label_silhouette__donor"", ""population"": ""reference"", ""right"": [""solar_none"", 128], ""stat"": ""L""}"
Table S9-04219,si,Table S9,-0.049,contrast,"{""left"": [""solar_orthogonal"", 128], ""metric"": ""within_label_silhouette__donor"", ""population"": ""reference"", ""right"": [""solar_none"", 128], ""stat"": ""R""}"
Table S9-04220,si,Table S9,-0.040,contrast,"{""left"": [""solar_orthogonal"", 128], ""metric"": ""within_label_silhouette__donor"", ""population"": ""reference"", ""right"": [""solar_none"", 128], ""stat"": ""delta""}"
Table S9-04221,si,Table S9,1/1,contrast,"{""left"": [""solar_orthogonal"", 128], ""metric"": ""within_label_silhouette__donor"", ""population"": ""reference"", ""right"": [""solar_none"", 128], ""stat"": ""D""}"
Table S9-04222,si,Table S9,3/3,contrast,"{""left"": [""solar_orthogonal"", 128], ""metric"": ""within_label_silhouette__donor"", ""population"": ""reference"", ""right"": [""solar_none"", 128], ""stat"": ""B""}"
Table S9-04223,si,Table S9,15/15,contrast,"{""left"": [""solar_orthogonal"", 128], ""metric"": ""within_label_silhouette__donor"", ""population"": ""reference"", ""right"": [""solar_none"", 128], ""stat"": ""FL""}"
Table S9-04224,si,Table S9,15/15,contrast,"{""left"": [""solar_orthogonal"", 128], ""metric"": ""within_label_silhouette__donor"", ""population"": ""reference"", ""right"": [""solar_none"", 128], ""stat"": ""FR""}"
Table S9-04225,si,Table S9,0.236,contrast,"{""left"": [""solar_orthogonal"", 128], ""metric"": ""within_label_silhouette__patientGroup"", ""population"": ""joint"", ""right"": [""solar_none"", 128], ""stat"": ""L""}"
Table S9-04226,si,Table S9,0.224,contrast,"{""left"": [""solar_orthogonal"", 128], ""metric"": ""within_label_silhouette__patientGroup"", ""population"": ""joint"", ""right"": [""solar_none"", 128], ""stat"": ""R""}"
Table S9-04227,si,Table S9,+0.012,contrast,"{""left"": [""solar_orthogonal"", 128], ""metric"": ""within_label_silhouette__patientGroup"", ""population"": ""joint"", ""right"": [""solar_none"", 128], ""stat"": ""delta""}"
Table S9-04228,si,Table S9,1/1,contrast,"{""left"": [""solar_orthogonal"", 128], ""metric"": ""within_label_silhouette__patientGroup"", ""population"": ""joint"", ""right"": [""solar_none"", 128], ""stat"": ""D""}"
Table S9-04229,si,Table S9,3/3,contrast,"{""left"": [""solar_orthogonal"", 128], ""metric"": ""within_label_silhouette__patientGroup"", ""population"": ""joint"", ""right"": [""solar_none"", 128], ""stat"": ""B""}"
Table S9-04230,si,Table S9,15/15,contrast,"{""left"": [""solar_orthogonal"", 128], ""metric"": ""within_label_silhouette__patientGroup"", ""population"": ""joint"", ""right"": [""solar_none"", 128], ""stat"": ""FL""}"
Table S9-04231,si,Table S9,15/15,contrast,"{""left"": [""solar_orthogonal"", 128], ""metric"": ""within_label_silhouette__patientGroup"", ""population"": ""joint"", ""right"": [""solar_none"", 128], ""stat"": ""FR""}"
Table S9-04232,si,Table S9,NA,contrast,"{""left"": [""solar_orthogonal"", 128], ""metric"": ""within_label_silhouette__patientGroup"", ""population"": ""query"", ""right"": [""solar_none"", 128], ""stat"": ""L""}"
Table S9-04233,si,Table S9,NA,contrast,"{""left"": [""solar_orthogonal"", 128], ""metric"": ""within_label_silhouette__patientGroup"", ""population"": ""query"", ""right"": [""solar_none"", 128], ""stat"": ""R""}"
Table S9-04234,si,Table S9,NA,contrast,"{""left"": [""solar_orthogonal"", 128], ""metric"": ""within_label_silhouette__patientGroup"", ""population"": ""query"", ""right"": [""solar_none"", 128], ""stat"": ""delta""}"
Table S9-04235,si,Table S9,0/1,contrast,"{""left"": [""solar_orthogonal"", 128], ""metric"": ""within_label_silhouette__patientGroup"", ""population"": ""query"", ""right"": [""solar_none"", 128], ""stat"": ""D""}"
Table S9-04236,si,Table S9,0/3,contrast,"{""left"": [""solar_orthogonal"", 128], ""metric"": ""within_label_silhouette__patientGroup"", ""population"": ""query"", ""right"": [""solar_none"", 128], ""stat"": ""B""}"
Table S9-04237,si,Table S9,0/15,contrast,"{""left"": [""solar_orthogonal"", 128], ""metric"": ""within_label_silhouette__patientGroup"", ""population"": ""query"", ""right"": [""solar_none"", 128], ""stat"": ""FL""}"
Table S9-04238,si,Table S9,0/15,contrast,"{""left"": [""solar_orthogonal"", 128], ""metric"": ""within_label_silhouette__patientGroup"", ""population"": ""query"", ""right"": [""solar_none"", 128], ""stat"": ""FR""}"
Table S9-04239,si,Table S9,0.250,contrast,"{""left"": [""solar_orthogonal"", 128], ""metric"": ""within_label_silhouette__patientGroup"", ""population"": ""reference"", ""right"": [""solar_none"", 128], ""stat"": ""L""}"
Table S9-04240,si,Table S9,0.236,contrast,"{""left"": [""solar_orthogonal"", 128], ""metric"": ""within_label_silhouette__patientGroup"", ""population"": ""reference"", ""right"": [""solar_none"", 128], ""stat"": ""R""}"
Table S9-04241,si,Table S9,+0.014,contrast,"{""left"": [""solar_orthogonal"", 128], ""metric"": ""within_label_silhouette__patientGroup"", ""population"": ""reference"", ""right"": [""solar_none"", 128], ""stat"": ""delta""}"
Table S9-04242,si,Table S9,1/1,contrast,"{""left"": [""solar_orthogonal"", 128], ""metric"": ""within_label_silhouette__patientGroup"", ""population"": ""reference"", ""right"": [""solar_none"", 128], ""stat"": ""D""}"
Table S9-04243,si,Table S9,3/3,contrast,"{""left"": [""solar_orthogonal"", 128], ""metric"": ""within_label_silhouette__patientGroup"", ""population"": ""reference"", ""right"": [""solar_none"", 128], ""stat"": ""B""}"
Table S9-04244,si,Table S9,15/15,contrast,"{""left"": [""solar_orthogonal"", 128], ""metric"": ""within_label_silhouette__patientGroup"", ""population"": ""reference"", ""right"": [""solar_none"", 128], ""stat"": ""FL""}"
Table S9-04245,si,Table S9,15/15,contrast,"{""left"": [""solar_orthogonal"", 128], ""metric"": ""within_label_silhouette__patientGroup"", ""population"": ""reference"", ""right"": [""solar_none"", 128], ""stat"": ""FR""}"
Table S9-04246,si,Table S9,0.007,contrast,"{""left"": [""solar_orthogonal"", 128], ""metric"": ""within_label_silhouette__sample_ID"", ""population"": ""joint"", ""right"": [""solar_none"", 128], ""stat"": ""L""}"
Table S9-04247,si,Table S9,0.032,contrast,"{""left"": [""solar_orthogonal"", 128], ""metric"": ""within_label_silhouette__sample_ID"", ""population"": ""joint"", ""right"": [""solar_none"", 128], ""stat"": ""R""}"
Table S9-04248,si,Table S9,-0.025,contrast,"{""left"": [""solar_orthogonal"", 128], ""metric"": ""within_label_silhouette__sample_ID"", ""population"": ""joint"", ""right"": [""solar_none"", 128], ""stat"": ""delta""}"
Table S9-04249,si,Table S9,1/1,contrast,"{""left"": [""solar_orthogonal"", 128], ""metric"": ""within_label_silhouette__sample_ID"", ""population"": ""joint"", ""right"": [""solar_none"", 128], ""stat"": ""D""}"
Table S9-04250,si,Table S9,3/3,contrast,"{""left"": [""solar_orthogonal"", 128], ""metric"": ""within_label_silhouette__sample_ID"", ""population"": ""joint"", ""right"": [""solar_none"", 128], ""stat"": ""B""}"
Table S9-04251,si,Table S9,15/15,contrast,"{""left"": [""solar_orthogonal"", 128], ""metric"": ""within_label_silhouette__sample_ID"", ""population"": ""joint"", ""right"": [""solar_none"", 128], ""stat"": ""FL""}"
Table S9-04252,si,Table S9,15/15,contrast,"{""left"": [""solar_orthogonal"", 128], ""metric"": ""within_label_silhouette__sample_ID"", ""population"": ""joint"", ""right"": [""solar_none"", 128], ""stat"": ""FR""}"
Table S9-04253,si,Table S9,NA,contrast,"{""left"": [""solar_orthogonal"", 128], ""metric"": ""within_label_silhouette__sample_ID"", ""population"": ""query"", ""right"": [""solar_none"", 128], ""stat"": ""L""}"
Table S9-04254,si,Table S9,NA,contrast,"{""left"": [""solar_orthogonal"", 128], ""metric"": ""within_label_silhouette__sample_ID"", ""population"": ""query"", ""right"": [""solar_none"", 128], ""stat"": ""R""}"
Table S9-04255,si,Table S9,NA,contrast,"{""left"": [""solar_orthogonal"", 128], ""metric"": ""within_label_silhouette__sample_ID"", ""population"": ""query"", ""right"": [""solar_none"", 128], ""stat"": ""delta""}"
Table S9-04256,si,Table S9,0/1,contrast,"{""left"": [""solar_orthogonal"", 128], ""metric"": ""within_label_silhouette__sample_ID"", ""population"": ""query"", ""right"": [""solar_none"", 128], ""stat"": ""D""}"
Table S9-04257,si,Table S9,0/3,contrast,"{""left"": [""solar_orthogonal"", 128], ""metric"": ""within_label_silhouette__sample_ID"", ""population"": ""query"", ""right"": [""solar_none"", 128], ""stat"": ""B""}"
Table S9-04258,si,Table S9,0/15,contrast,"{""left"": [""solar_orthogonal"", 128], ""metric"": ""within_label_silhouette__sample_ID"", ""population"": ""query"", ""right"": [""solar_none"", 128], ""stat"": ""FL""}"
Table S9-04259,si,Table S9,0/15,contrast,"{""left"": [""solar_orthogonal"", 128], ""metric"": ""within_label_silhouette__sample_ID"", ""population"": ""query"", ""right"": [""solar_none"", 128], ""stat"": ""FR""}"
Table S9-04260,si,Table S9,0.001,contrast,"{""left"": [""solar_orthogonal"", 128], ""metric"": ""within_label_silhouette__sample_ID"", ""population"": ""reference"", ""right"": [""solar_none"", 128], ""stat"": ""L""}"
Table S9-04261,si,Table S9,0.022,contrast,"{""left"": [""solar_orthogonal"", 128], ""metric"": ""within_label_silhouette__sample_ID"", ""population"": ""reference"", ""right"": [""solar_none"", 128], ""stat"": ""R""}"
Table S9-04262,si,Table S9,-0.020,contrast,"{""left"": [""solar_orthogonal"", 128], ""metric"": ""within_label_silhouette__sample_ID"", ""population"": ""reference"", ""right"": [""solar_none"", 128], ""stat"": ""delta""}"
Table S9-04263,si,Table S9,1/1,contrast,"{""left"": [""solar_orthogonal"", 128], ""metric"": ""within_label_silhouette__sample_ID"", ""population"": ""reference"", ""right"": [""solar_none"", 128], ""stat"": ""D""}"
Table S9-04264,si,Table S9,3/3,contrast,"{""left"": [""solar_orthogonal"", 128], ""metric"": ""within_label_silhouette__sample_ID"", ""population"": ""reference"", ""right"": [""solar_none"", 128], ""stat"": ""B""}"
Table S9-04265,si,Table S9,15/15,contrast,"{""left"": [""solar_orthogonal"", 128], ""metric"": ""within_label_silhouette__sample_ID"", ""population"": ""reference"", ""right"": [""solar_none"", 128], ""stat"": ""FL""}"
Table S9-04266,si,Table S9,15/15,contrast,"{""left"": [""solar_orthogonal"", 128], ""metric"": ""within_label_silhouette__sample_ID"", ""population"": ""reference"", ""right"": [""solar_none"", 128], ""stat"": ""FR""}"
Table S9-04267,si,Table S9,0.007,contrast,"{""left"": [""solar_orthogonal"", 128], ""metric"": ""within_label_silhouette__study"", ""population"": ""joint"", ""right"": [""solar_none"", 128], ""stat"": ""L""}"
Table S9-04268,si,Table S9,0.032,contrast,"{""left"": [""solar_orthogonal"", 128], ""metric"": ""within_label_silhouette__study"", ""population"": ""joint"", ""right"": [""solar_none"", 128], ""stat"": ""R""}"
Table S9-04269,si,Table S9,-0.025,contrast,"{""left"": [""solar_orthogonal"", 128], ""metric"": ""within_label_silhouette__study"", ""population"": ""joint"", ""right"": [""solar_none"", 128], ""stat"": ""delta""}"
Table S9-04270,si,Table S9,1/1,contrast,"{""left"": [""solar_orthogonal"", 128], ""metric"": ""within_label_silhouette__study"", ""population"": ""joint"", ""right"": [""solar_none"", 128], ""stat"": ""D""}"
Table S9-04271,si,Table S9,3/3,contrast,"{""left"": [""solar_orthogonal"", 128], ""metric"": ""within_label_silhouette__study"", ""population"": ""joint"", ""right"": [""solar_none"", 128], ""stat"": ""B""}"
Table S9-04272,si,Table S9,15/15,contrast,"{""left"": [""solar_orthogonal"", 128], ""metric"": ""within_label_silhouette__study"", ""population"": ""joint"", ""right"": [""solar_none"", 128], ""stat"": ""FL""}"
Table S9-04273,si,Table S9,15/15,contrast,"{""left"": [""solar_orthogonal"", 128], ""metric"": ""within_label_silhouette__study"", ""population"": ""joint"", ""right"": [""solar_none"", 128], ""stat"": ""FR""}"
Table S9-04274,si,Table S9,NA,contrast,"{""left"": [""solar_orthogonal"", 128], ""metric"": ""within_label_silhouette__study"", ""population"": ""query"", ""right"": [""solar_none"", 128], ""stat"": ""L""}"
Table S9-04275,si,Table S9,NA,contrast,"{""left"": [""solar_orthogonal"", 128], ""metric"": ""within_label_silhouette__study"", ""population"": ""query"", ""right"": [""solar_none"", 128], ""stat"": ""R""}"
Table S9-04276,si,Table S9,NA,contrast,"{""left"": [""solar_orthogonal"", 128], ""metric"": ""within_label_silhouette__study"", ""population"": ""query"", ""right"": [""solar_none"", 128], ""stat"": ""delta""}"
Table S9-04277,si,Table S9,0/1,contrast,"{""left"": [""solar_orthogonal"", 128], ""metric"": ""within_label_silhouette__study"", ""population"": ""query"", ""right"": [""solar_none"", 128], ""stat"": ""D""}"
Table S9-04278,si,Table S9,0/3,contrast,"{""left"": [""solar_orthogonal"", 128], ""metric"": ""within_label_silhouette__study"", ""population"": ""query"", ""right"": [""solar_none"", 128], ""stat"": ""B""}"
Table S9-04279,si,Table S9,0/15,contrast,"{""left"": [""solar_orthogonal"", 128], ""metric"": ""within_label_silhouette__study"", ""population"": ""query"", ""right"": [""solar_none"", 128], ""stat"": ""FL""}"
Table S9-04280,si,Table S9,0/15,contrast,"{""left"": [""solar_orthogonal"", 128], ""metric"": ""within_label_silhouette__study"", ""population"": ""query"", ""right"": [""solar_none"", 128], ""stat"": ""FR""}"
Table S9-04281,si,Table S9,0.001,contrast,"{""left"": [""solar_orthogonal"", 128], ""metric"": ""within_label_silhouette__study"", ""population"": ""reference"", ""right"": [""solar_none"", 128], ""stat"": ""L""}"
Table S9-04282,si,Table S9,0.022,contrast,"{""left"": [""solar_orthogonal"", 128], ""metric"": ""within_label_silhouette__study"", ""population"": ""reference"", ""right"": [""solar_none"", 128], ""stat"": ""R""}"
Table S9-04283,si,Table S9,-0.020,contrast,"{""left"": [""solar_orthogonal"", 128], ""metric"": ""within_label_silhouette__study"", ""population"": ""reference"", ""right"": [""solar_none"", 128], ""stat"": ""delta""}"
Table S9-04284,si,Table S9,1/1,contrast,"{""left"": [""solar_orthogonal"", 128], ""metric"": ""within_label_silhouette__study"", ""population"": ""reference"", ""right"": [""solar_none"", 128], ""stat"": ""D""}"
Table S9-04285,si,Table S9,3/3,contrast,"{""left"": [""solar_orthogonal"", 128], ""metric"": ""within_label_silhouette__study"", ""population"": ""reference"", ""right"": [""solar_none"", 128], ""stat"": ""B""}"
Table S9-04286,si,Table S9,15/15,contrast,"{""left"": [""solar_orthogonal"", 128], ""metric"": ""within_label_silhouette__study"", ""population"": ""reference"", ""right"": [""solar_none"", 128], ""stat"": ""FL""}"
Table S9-04287,si,Table S9,15/15,contrast,"{""left"": [""solar_orthogonal"", 128], ""metric"": ""within_label_silhouette__study"", ""population"": ""reference"", ""right"": [""solar_none"", 128], ""stat"": ""FR""}"
Table S9-04288,si,Table S9,0.404,contrast,"{""left"": [""solar_orthogonal"", 128], ""metric"": ""ARI_cluster/label"", ""population"": ""joint"", ""right"": [""solar_orthogonal_uniq"", 128], ""stat"": ""L""}"
Table S9-04289,si,Table S9,0.390,contrast,"{""left"": [""solar_orthogonal"", 128], ""metric"": ""ARI_cluster/label"", ""population"": ""joint"", ""right"": [""solar_orthogonal_uniq"", 128], ""stat"": ""R""}"
Table S9-04290,si,Table S9,+0.014,contrast,"{""left"": [""solar_orthogonal"", 128], ""metric"": ""ARI_cluster/label"", ""population"": ""joint"", ""right"": [""solar_orthogonal_uniq"", 128], ""stat"": ""delta""}"
Table S9-04291,si,Table S9,3/3,contrast,"{""left"": [""solar_orthogonal"", 128], ""metric"": ""ARI_cluster/label"", ""population"": ""joint"", ""right"": [""solar_orthogonal_uniq"", 128], ""stat"": ""D""}"
Table S9-04292,si,Table S9,9/9,contrast,"{""left"": [""solar_orthogonal"", 128], ""metric"": ""ARI_cluster/label"", ""population"": ""joint"", ""right"": [""solar_orthogonal_uniq"", 128], ""stat"": ""B""}"
Table S9-04293,si,Table S9,45/45,contrast,"{""left"": [""solar_orthogonal"", 128], ""metric"": ""ARI_cluster/label"", ""population"": ""joint"", ""right"": [""solar_orthogonal_uniq"", 128], ""stat"": ""FL""}"
Table S9-04294,si,Table S9,45/45,contrast,"{""left"": [""solar_orthogonal"", 128], ""metric"": ""ARI_cluster/label"", ""population"": ""joint"", ""right"": [""solar_orthogonal_uniq"", 128], ""stat"": ""FR""}"
Table S9-04295,si,Table S9,0.869,contrast,"{""left"": [""solar_orthogonal"", 128], ""metric"": ""ASW_label"", ""population"": ""joint"", ""right"": [""solar_orthogonal_uniq"", 128], ""stat"": ""L""}"
Table S9-04296,si,Table S9,0.844,contrast,"{""left"": [""solar_orthogonal"", 128], ""metric"": ""ASW_label"", ""population"": ""joint"", ""right"": [""solar_orthogonal_uniq"", 128], ""stat"": ""R""}"
Table S9-04297,si,Table S9,+0.025,contrast,"{""left"": [""solar_orthogonal"", 128], ""metric"": ""ASW_label"", ""population"": ""joint"", ""right"": [""solar_orthogonal_uniq"", 128], ""stat"": ""delta""}"
Table S9-04298,si,Table S9,3/3,contrast,"{""left"": [""solar_orthogonal"", 128], ""metric"": ""ASW_label"", ""population"": ""joint"", ""right"": [""solar_orthogonal_uniq"", 128], ""stat"": ""D""}"
Table S9-04299,si,Table S9,9/9,contrast,"{""left"": [""solar_orthogonal"", 128], ""metric"": ""ASW_label"", ""population"": ""joint"", ""right"": [""solar_orthogonal_uniq"", 128], ""stat"": ""B""}"
Table S9-04300,si,Table S9,45/45,contrast,"{""left"": [""solar_orthogonal"", 128], ""metric"": ""ASW_label"", ""population"": ""joint"", ""right"": [""solar_orthogonal_uniq"", 128], ""stat"": ""FL""}"
Table S9-04301,si,Table S9,45/45,contrast,"{""left"": [""solar_orthogonal"", 128], ""metric"": ""ASW_label"", ""population"": ""joint"", ""right"": [""solar_orthogonal_uniq"", 128], ""stat"": ""FR""}"
Table S9-04302,si,Table S9,0.842,contrast,"{""left"": [""solar_orthogonal"", 128], ""metric"": ""ASW_label/batch"", ""population"": ""joint"", ""right"": [""solar_orthogonal_uniq"", 128], ""stat"": ""L""}"
Table S9-04303,si,Table S9,0.868,contrast,"{""left"": [""solar_orthogonal"", 128], ""metric"": ""ASW_label/batch"", ""population"": ""joint"", ""right"": [""solar_orthogonal_uniq"", 128], ""stat"": ""R""}"
Table S9-04304,si,Table S9,-0.026,contrast,"{""left"": [""solar_orthogonal"", 128], ""metric"": ""ASW_label/batch"", ""population"": ""joint"", ""right"": [""solar_orthogonal_uniq"", 128], ""stat"": ""delta""}"
Table S9-04305,si,Table S9,3/3,contrast,"{""left"": [""solar_orthogonal"", 128], ""metric"": ""ASW_label/batch"", ""population"": ""joint"", ""right"": [""solar_orthogonal_uniq"", 128], ""stat"": ""D""}"
Table S9-04306,si,Table S9,9/9,contrast,"{""left"": [""solar_orthogonal"", 128], ""metric"": ""ASW_label/batch"", ""population"": ""joint"", ""right"": [""solar_orthogonal_uniq"", 128], ""stat"": ""B""}"
Table S9-04307,si,Table S9,45/45,contrast,"{""left"": [""solar_orthogonal"", 128], ""metric"": ""ASW_label/batch"", ""population"": ""joint"", ""right"": [""solar_orthogonal_uniq"", 128], ""stat"": ""FL""}"
Table S9-04308,si,Table S9,45/45,contrast,"{""left"": [""solar_orthogonal"", 128], ""metric"": ""ASW_label/batch"", ""population"": ""joint"", ""right"": [""solar_orthogonal_uniq"", 128], ""stat"": ""FR""}"
Table S9-04309,si,Table S9,0.758,contrast,"{""left"": [""solar_orthogonal"", 128], ""metric"": ""NMI_cluster/label"", ""population"": ""joint"", ""right"": [""solar_orthogonal_uniq"", 128], ""stat"": ""L""}"
Table S9-04310,si,Table S9,0.754,contrast,"{""left"": [""solar_orthogonal"", 128], ""metric"": ""NMI_cluster/label"", ""population"": ""joint"", ""right"": [""solar_orthogonal_uniq"", 128], ""stat"": ""R""}"
Table S9-04311,si,Table S9,+0.004,contrast,"{""left"": [""solar_orthogonal"", 128], ""metric"": ""NMI_cluster/label"", ""population"": ""joint"", ""right"": [""solar_orthogonal_uniq"", 128], ""stat"": ""delta""}"
Table S9-04312,si,Table S9,3/3,contrast,"{""left"": [""solar_orthogonal"", 128], ""metric"": ""NMI_cluster/label"", ""population"": ""joint"", ""right"": [""solar_orthogonal_uniq"", 128], ""stat"": ""D""}"
Table S9-04313,si,Table S9,9/9,contrast,"{""left"": [""solar_orthogonal"", 128], ""metric"": ""NMI_cluster/label"", ""population"": ""joint"", ""right"": [""solar_orthogonal_uniq"", 128], ""stat"": ""B""}"
Table S9-04314,si,Table S9,45/45,contrast,"{""left"": [""solar_orthogonal"", 128], ""metric"": ""NMI_cluster/label"", ""population"": ""joint"", ""right"": [""solar_orthogonal_uniq"", 128], ""stat"": ""FL""}"
Table S9-04315,si,Table S9,45/45,contrast,"{""left"": [""solar_orthogonal"", 128], ""metric"": ""NMI_cluster/label"", ""population"": ""joint"", ""right"": [""solar_orthogonal_uniq"", 128], ""stat"": ""FR""}"
Table S9-04316,si,Table S9,0.771,contrast,"{""left"": [""solar_orthogonal"", 128], ""metric"": ""PCR_batch"", ""population"": ""joint"", ""right"": [""solar_orthogonal_uniq"", 128], ""stat"": ""L""}"
Table S9-04317,si,Table S9,0.751,contrast,"{""left"": [""solar_orthogonal"", 128], ""metric"": ""PCR_batch"", ""population"": ""joint"", ""right"": [""solar_orthogonal_uniq"", 128], ""stat"": ""R""}"
Table S9-04318,si,Table S9,+0.020,contrast,"{""left"": [""solar_orthogonal"", 128], ""metric"": ""PCR_batch"", ""population"": ""joint"", ""right"": [""solar_orthogonal_uniq"", 128], ""stat"": ""delta""}"
Table S9-04319,si,Table S9,3/3,contrast,"{""left"": [""solar_orthogonal"", 128], ""metric"": ""PCR_batch"", ""population"": ""joint"", ""right"": [""solar_orthogonal_uniq"", 128], ""stat"": ""D""}"
Table S9-04320,si,Table S9,9/9,contrast,"{""left"": [""solar_orthogonal"", 128], ""metric"": ""PCR_batch"", ""population"": ""joint"", ""right"": [""solar_orthogonal_uniq"", 128], ""stat"": ""B""}"
Table S9-04321,si,Table S9,45/45,contrast,"{""left"": [""solar_orthogonal"", 128], ""metric"": ""PCR_batch"", ""population"": ""joint"", ""right"": [""solar_orthogonal_uniq"", 128], ""stat"": ""FL""}"
Table S9-04322,si,Table S9,45/45,contrast,"{""left"": [""solar_orthogonal"", 128], ""metric"": ""PCR_batch"", ""population"": ""joint"", ""right"": [""solar_orthogonal_uniq"", 128], ""stat"": ""FR""}"
Table S9-04323,si,Table S9,0.838,contrast,"{""left"": [""solar_orthogonal"", 128], ""metric"": ""balanced_accuracy"", ""population"": ""query"", ""right"": [""solar_orthogonal_uniq"", 128], ""stat"": ""L""}"
Table S9-04324,si,Table S9,0.838,contrast,"{""left"": [""solar_orthogonal"", 128], ""metric"": ""balanced_accuracy"", ""population"": ""query"", ""right"": [""solar_orthogonal_uniq"", 128], ""stat"": ""R""}"
Table S9-04325,si,Table S9,-0.001,contrast,"{""left"": [""solar_orthogonal"", 128], ""metric"": ""balanced_accuracy"", ""population"": ""query"", ""right"": [""solar_orthogonal_uniq"", 128], ""stat"": ""delta""}"
Table S9-04326,si,Table S9,3/3,contrast,"{""left"": [""solar_orthogonal"", 128], ""metric"": ""balanced_accuracy"", ""population"": ""query"", ""right"": [""solar_orthogonal_uniq"", 128], ""stat"": ""D""}"
Table S9-04327,si,Table S9,9/9,contrast,"{""left"": [""solar_orthogonal"", 128], ""metric"": ""balanced_accuracy"", ""population"": ""query"", ""right"": [""solar_orthogonal_uniq"", 128], ""stat"": ""B""}"
Table S9-04328,si,Table S9,45/45,contrast,"{""left"": [""solar_orthogonal"", 128], ""metric"": ""balanced_accuracy"", ""population"": ""query"", ""right"": [""solar_orthogonal_uniq"", 128], ""stat"": ""FL""}"
Table S9-04329,si,Table S9,45/45,contrast,"{""left"": [""solar_orthogonal"", 128], ""metric"": ""balanced_accuracy"", ""population"": ""query"", ""right"": [""solar_orthogonal_uniq"", 128], ""stat"": ""FR""}"
Table S9-04330,si,Table S9,1.000,contrast,"{""left"": [""solar_orthogonal"", 128], ""metric"": ""cLISI"", ""population"": ""joint"", ""right"": [""solar_orthogonal_uniq"", 128], ""stat"": ""L""}"
Table S9-04331,si,Table S9,1.000,contrast,"{""left"": [""solar_orthogonal"", 128], ""metric"": ""cLISI"", ""population"": ""joint"", ""right"": [""solar_orthogonal_uniq"", 128], ""stat"": ""R""}"
Table S9-04332,si,Table S9,0.000,contrast,"{""left"": [""solar_orthogonal"", 128], ""metric"": ""cLISI"", ""population"": ""joint"", ""right"": [""solar_orthogonal_uniq"", 128], ""stat"": ""delta""}"
Table S9-04333,si,Table S9,3/3,contrast,"{""left"": [""solar_orthogonal"", 128], ""metric"": ""cLISI"", ""population"": ""joint"", ""right"": [""solar_orthogonal_uniq"", 128], ""stat"": ""D""}"
Table S9-04334,si,Table S9,9/9,contrast,"{""left"": [""solar_orthogonal"", 128], ""metric"": ""cLISI"", ""population"": ""joint"", ""right"": [""solar_orthogonal_uniq"", 128], ""stat"": ""B""}"
Table S9-04335,si,Table S9,45/45,contrast,"{""left"": [""solar_orthogonal"", 128], ""metric"": ""cLISI"", ""population"": ""joint"", ""right"": [""solar_orthogonal_uniq"", 128], ""stat"": ""FL""}"
Table S9-04336,si,Table S9,45/45,contrast,"{""left"": [""solar_orthogonal"", 128], ""metric"": ""cLISI"", ""population"": ""joint"", ""right"": [""solar_orthogonal_uniq"", 128], ""stat"": ""FR""}"
Table S9-04337,si,Table S9,0.539,contrast,"{""left"": [""solar_orthogonal"", 128], ""metric"": ""cell_cycle_conservation"", ""population"": ""joint"", ""right"": [""solar_orthogonal_uniq"", 128], ""stat"": ""L""}"
Table S9-04338,si,Table S9,0.571,contrast,"{""left"": [""solar_orthogonal"", 128], ""metric"": ""cell_cycle_conservation"", ""population"": ""joint"", ""right"": [""solar_orthogonal_uniq"", 128], ""stat"": ""R""}"
Table S9-04339,si,Table S9,-0.033,contrast,"{""left"": [""solar_orthogonal"", 128], ""metric"": ""cell_cycle_conservation"", ""population"": ""joint"", ""right"": [""solar_orthogonal_uniq"", 128], ""stat"": ""delta""}"
Table S9-04340,si,Table S9,3/3,contrast,"{""left"": [""solar_orthogonal"", 128], ""metric"": ""cell_cycle_conservation"", ""population"": ""joint"", ""right"": [""solar_orthogonal_uniq"", 128], ""stat"": ""D""}"
Table S9-04341,si,Table S9,9/9,contrast,"{""left"": [""solar_orthogonal"", 128], ""metric"": ""cell_cycle_conservation"", ""population"": ""joint"", ""right"": [""solar_orthogonal_uniq"", 128], ""stat"": ""B""}"
Table S9-04342,si,Table S9,45/45,contrast,"{""left"": [""solar_orthogonal"", 128], ""metric"": ""cell_cycle_conservation"", ""population"": ""joint"", ""right"": [""solar_orthogonal_uniq"", 128], ""stat"": ""FL""}"
Table S9-04343,si,Table S9,45/45,contrast,"{""left"": [""solar_orthogonal"", 128], ""metric"": ""cell_cycle_conservation"", ""population"": ""joint"", ""right"": [""solar_orthogonal_uniq"", 128], ""stat"": ""FR""}"
Table S9-04344,si,Table S9,NA,contrast,"{""left"": [""solar_orthogonal"", 128], ""metric"": ""hvg_overlap"", ""population"": ""joint"", ""right"": [""solar_orthogonal_uniq"", 128], ""stat"": ""L""}"
Table S9-04345,si,Table S9,NA,contrast,"{""left"": [""solar_orthogonal"", 128], ""metric"": ""hvg_overlap"", ""population"": ""joint"", ""right"": [""solar_orthogonal_uniq"", 128], ""stat"": ""R""}"
Table S9-04346,si,Table S9,NA,contrast,"{""left"": [""solar_orthogonal"", 128], ""metric"": ""hvg_overlap"", ""population"": ""joint"", ""right"": [""solar_orthogonal_uniq"", 128], ""stat"": ""delta""}"
Table S9-04347,si,Table S9,0/3,contrast,"{""left"": [""solar_orthogonal"", 128], ""metric"": ""hvg_overlap"", ""population"": ""joint"", ""right"": [""solar_orthogonal_uniq"", 128], ""stat"": ""D""}"
Table S9-04348,si,Table S9,0/9,contrast,"{""left"": [""solar_orthogonal"", 128], ""metric"": ""hvg_overlap"", ""population"": ""joint"", ""right"": [""solar_orthogonal_uniq"", 128], ""stat"": ""B""}"
Table S9-04349,si,Table S9,0/45,contrast,"{""left"": [""solar_orthogonal"", 128], ""metric"": ""hvg_overlap"", ""population"": ""joint"", ""right"": [""solar_orthogonal_uniq"", 128], ""stat"": ""FL""}"
Table S9-04350,si,Table S9,0/45,contrast,"{""left"": [""solar_orthogonal"", 128], ""metric"": ""hvg_overlap"", ""population"": ""joint"", ""right"": [""solar_orthogonal_uniq"", 128], ""stat"": ""FR""}"
Table S9-04351,si,Table S9,1.268,contrast,"{""left"": [""solar_orthogonal"", 128], ""metric"": ""iLISI"", ""population"": ""joint"", ""right"": [""solar_orthogonal_uniq"", 128], ""stat"": ""L""}"
Table S9-04352,si,Table S9,0.841,contrast,"{""left"": [""solar_orthogonal"", 128], ""metric"": ""iLISI"", ""population"": ""joint"", ""right"": [""solar_orthogonal_uniq"", 128], ""stat"": ""R""}"
Table S9-04353,si,Table S9,+0.427,contrast,"{""left"": [""solar_orthogonal"", 128], ""metric"": ""iLISI"", ""population"": ""joint"", ""right"": [""solar_orthogonal_uniq"", 128], ""stat"": ""delta""}"
Table S9-04354,si,Table S9,3/3,contrast,"{""left"": [""solar_orthogonal"", 128], ""metric"": ""iLISI"", ""population"": ""joint"", ""right"": [""solar_orthogonal_uniq"", 128], ""stat"": ""D""}"
Table S9-04355,si,Table S9,9/9,contrast,"{""left"": [""solar_orthogonal"", 128], ""metric"": ""iLISI"", ""population"": ""joint"", ""right"": [""solar_orthogonal_uniq"", 128], ""stat"": ""B""}"
Table S9-04356,si,Table S9,45/45,contrast,"{""left"": [""solar_orthogonal"", 128], ""metric"": ""iLISI"", ""population"": ""joint"", ""right"": [""solar_orthogonal_uniq"", 128], ""stat"": ""FL""}"
Table S9-04357,si,Table S9,45/45,contrast,"{""left"": [""solar_orthogonal"", 128], ""metric"": ""iLISI"", ""population"": ""joint"", ""right"": [""solar_orthogonal_uniq"", 128], ""stat"": ""FR""}"
Table S9-04358,si,Table S9,0.501,contrast,"{""left"": [""solar_orthogonal"", 128], ""metric"": ""isolated_label_silhouette"", ""population"": ""joint"", ""right"": [""solar_orthogonal_uniq"", 128], ""stat"": ""L""}"
Table S9-04359,si,Table S9,0.501,contrast,"{""left"": [""solar_orthogonal"", 128], ""metric"": ""isolated_label_silhouette"", ""population"": ""joint"", ""right"": [""solar_orthogonal_uniq"", 128], ""stat"": ""R""}"
Table S9-04360,si,Table S9,+0.000,contrast,"{""left"": [""solar_orthogonal"", 128], ""metric"": ""isolated_label_silhouette"", ""population"": ""joint"", ""right"": [""solar_orthogonal_uniq"", 128], ""stat"": ""delta""}"
Table S9-04361,si,Table S9,3/3,contrast,"{""left"": [""solar_orthogonal"", 128], ""metric"": ""isolated_label_silhouette"", ""population"": ""joint"", ""right"": [""solar_orthogonal_uniq"", 128], ""stat"": ""D""}"
Table S9-04362,si,Table S9,9/9,contrast,"{""left"": [""solar_orthogonal"", 128], ""metric"": ""isolated_label_silhouette"", ""population"": ""joint"", ""right"": [""solar_orthogonal_uniq"", 128], ""stat"": ""B""}"
Table S9-04363,si,Table S9,45/45,contrast,"{""left"": [""solar_orthogonal"", 128], ""metric"": ""isolated_label_silhouette"", ""population"": ""joint"", ""right"": [""solar_orthogonal_uniq"", 128], ""stat"": ""FL""}"
Table S9-04364,si,Table S9,45/45,contrast,"{""left"": [""solar_orthogonal"", 128], ""metric"": ""isolated_label_silhouette"", ""population"": ""joint"", ""right"": [""solar_orthogonal_uniq"", 128], ""stat"": ""FR""}"
Table S9-04365,si,Table S9,0.813,contrast,"{""left"": [""solar_orthogonal"", 128], ""metric"": ""macro_f1"", ""population"": ""query"", ""right"": [""solar_orthogonal_uniq"", 128], ""stat"": ""L""}"
Table S9-04366,si,Table S9,0.813,contrast,"{""left"": [""solar_orthogonal"", 128], ""metric"": ""macro_f1"", ""population"": ""query"", ""right"": [""solar_orthogonal_uniq"", 128], ""stat"": ""R""}"
Table S9-04367,si,Table S9,+0.000,contrast,"{""left"": [""solar_orthogonal"", 128], ""metric"": ""macro_f1"", ""population"": ""query"", ""right"": [""solar_orthogonal_uniq"", 128], ""stat"": ""delta""}"
Table S9-04368,si,Table S9,3/3,contrast,"{""left"": [""solar_orthogonal"", 128], ""metric"": ""macro_f1"", ""population"": ""query"", ""right"": [""solar_orthogonal_uniq"", 128], ""stat"": ""D""}"
Table S9-04369,si,Table S9,9/9,contrast,"{""left"": [""solar_orthogonal"", 128], ""metric"": ""macro_f1"", ""population"": ""query"", ""right"": [""solar_orthogonal_uniq"", 128], ""stat"": ""B""}"
Table S9-04370,si,Table S9,45/45,contrast,"{""left"": [""solar_orthogonal"", 128], ""metric"": ""macro_f1"", ""population"": ""query"", ""right"": [""solar_orthogonal_uniq"", 128], ""stat"": ""FL""}"
Table S9-04371,si,Table S9,45/45,contrast,"{""left"": [""solar_orthogonal"", 128], ""metric"": ""macro_f1"", ""population"": ""query"", ""right"": [""solar_orthogonal_uniq"", 128], ""stat"": ""FR""}"
Table S9-04372,si,Table S9,0.873,contrast,"{""left"": [""solar_orthogonal"", 128], ""metric"": ""pseudotime_smoothness"", ""population"": ""joint"", ""right"": [""solar_orthogonal_uniq"", 128], ""stat"": ""L""}"
Table S9-04373,si,Table S9,0.878,contrast,"{""left"": [""solar_orthogonal"", 128], ""metric"": ""pseudotime_smoothness"", ""population"": ""joint"", ""right"": [""solar_orthogonal_uniq"", 128], ""stat"": ""R""}"
Table S9-04374,si,Table S9,-0.005,contrast,"{""left"": [""solar_orthogonal"", 128], ""metric"": ""pseudotime_smoothness"", ""population"": ""joint"", ""right"": [""solar_orthogonal_uniq"", 128], ""stat"": ""delta""}"
Table S9-04375,si,Table S9,1/1,contrast,"{""left"": [""solar_orthogonal"", 128], ""metric"": ""pseudotime_smoothness"", ""population"": ""joint"", ""right"": [""solar_orthogonal_uniq"", 128], ""stat"": ""D""}"
Table S9-04376,si,Table S9,3/3,contrast,"{""left"": [""solar_orthogonal"", 128], ""metric"": ""pseudotime_smoothness"", ""population"": ""joint"", ""right"": [""solar_orthogonal_uniq"", 128], ""stat"": ""B""}"
Table S9-04377,si,Table S9,15/15,contrast,"{""left"": [""solar_orthogonal"", 128], ""metric"": ""pseudotime_smoothness"", ""population"": ""joint"", ""right"": [""solar_orthogonal_uniq"", 128], ""stat"": ""FL""}"
Table S9-04378,si,Table S9,15/15,contrast,"{""left"": [""solar_orthogonal"", 128], ""metric"": ""pseudotime_smoothness"", ""population"": ""joint"", ""right"": [""solar_orthogonal_uniq"", 128], ""stat"": ""FR""}"
Table S9-04379,si,Table S9,0.949,contrast,"{""left"": [""solar_orthogonal"", 128], ""metric"": ""pseudotime_smoothness"", ""population"": ""query"", ""right"": [""solar_orthogonal_uniq"", 128], ""stat"": ""L""}"
Table S9-04380,si,Table S9,0.953,contrast,"{""left"": [""solar_orthogonal"", 128], ""metric"": ""pseudotime_smoothness"", ""population"": ""query"", ""right"": [""solar_orthogonal_uniq"", 128], ""stat"": ""R""}"
Table S9-04381,si,Table S9,-0.004,contrast,"{""left"": [""solar_orthogonal"", 128], ""metric"": ""pseudotime_smoothness"", ""population"": ""query"", ""right"": [""solar_orthogonal_uniq"", 128], ""stat"": ""delta""}"
Table S9-04382,si,Table S9,1/1,contrast,"{""left"": [""solar_orthogonal"", 128], ""metric"": ""pseudotime_smoothness"", ""population"": ""query"", ""right"": [""solar_orthogonal_uniq"", 128], ""stat"": ""D""}"
Table S9-04383,si,Table S9,1/3,contrast,"{""left"": [""solar_orthogonal"", 128], ""metric"": ""pseudotime_smoothness"", ""population"": ""query"", ""right"": [""solar_orthogonal_uniq"", 128], ""stat"": ""B""}"
Table S9-04384,si,Table S9,5/15,contrast,"{""left"": [""solar_orthogonal"", 128], ""metric"": ""pseudotime_smoothness"", ""population"": ""query"", ""right"": [""solar_orthogonal_uniq"", 128], ""stat"": ""FL""}"
Table S9-04385,si,Table S9,5/15,contrast,"{""left"": [""solar_orthogonal"", 128], ""metric"": ""pseudotime_smoothness"", ""population"": ""query"", ""right"": [""solar_orthogonal_uniq"", 128], ""stat"": ""FR""}"
Table S9-04386,si,Table S9,0.852,contrast,"{""left"": [""solar_orthogonal"", 128], ""metric"": ""pseudotime_smoothness"", ""population"": ""reference"", ""right"": [""solar_orthogonal_uniq"", 128], ""stat"": ""L""}"
Table S9-04387,si,Table S9,0.857,contrast,"{""left"": [""solar_orthogonal"", 128], ""metric"": ""pseudotime_smoothness"", ""population"": ""reference"", ""right"": [""solar_orthogonal_uniq"", 128], ""stat"": ""R""}"
Table S9-04388,si,Table S9,-0.005,contrast,"{""left"": [""solar_orthogonal"", 128], ""metric"": ""pseudotime_smoothness"", ""population"": ""reference"", ""right"": [""solar_orthogonal_uniq"", 128], ""stat"": ""delta""}"
Table S9-04389,si,Table S9,1/1,contrast,"{""left"": [""solar_orthogonal"", 128], ""metric"": ""pseudotime_smoothness"", ""population"": ""reference"", ""right"": [""solar_orthogonal_uniq"", 128], ""stat"": ""D""}"
Table S9-04390,si,Table S9,3/3,contrast,"{""left"": [""solar_orthogonal"", 128], ""metric"": ""pseudotime_smoothness"", ""population"": ""reference"", ""right"": [""solar_orthogonal_uniq"", 128], ""stat"": ""B""}"
Table S9-04391,si,Table S9,15/15,contrast,"{""left"": [""solar_orthogonal"", 128], ""metric"": ""pseudotime_smoothness"", ""population"": ""reference"", ""right"": [""solar_orthogonal_uniq"", 128], ""stat"": ""FL""}"
Table S9-04392,si,Table S9,15/15,contrast,"{""left"": [""solar_orthogonal"", 128], ""metric"": ""pseudotime_smoothness"", ""population"": ""reference"", ""right"": [""solar_orthogonal_uniq"", 128], ""stat"": ""FR""}"
Table S9-04393,si,Table S9,0.623,contrast,"{""left"": [""solar_orthogonal"", 128], ""metric"": ""trajectory"", ""population"": ""joint"", ""right"": [""solar_orthogonal_uniq"", 128], ""stat"": ""L""}"
Table S9-04394,si,Table S9,0.762,contrast,"{""left"": [""solar_orthogonal"", 128], ""metric"": ""trajectory"", ""population"": ""joint"", ""right"": [""solar_orthogonal_uniq"", 128], ""stat"": ""R""}"
Table S9-04395,si,Table S9,-0.139,contrast,"{""left"": [""solar_orthogonal"", 128], ""metric"": ""trajectory"", ""population"": ""joint"", ""right"": [""solar_orthogonal_uniq"", 128], ""stat"": ""delta""}"
Table S9-04396,si,Table S9,1/1,contrast,"{""left"": [""solar_orthogonal"", 128], ""metric"": ""trajectory"", ""population"": ""joint"", ""right"": [""solar_orthogonal_uniq"", 128], ""stat"": ""D""}"
Table S9-04397,si,Table S9,3/3,contrast,"{""left"": [""solar_orthogonal"", 128], ""metric"": ""trajectory"", ""population"": ""joint"", ""right"": [""solar_orthogonal_uniq"", 128], ""stat"": ""B""}"
Table S9-04398,si,Table S9,15/15,contrast,"{""left"": [""solar_orthogonal"", 128], ""metric"": ""trajectory"", ""population"": ""joint"", ""right"": [""solar_orthogonal_uniq"", 128], ""stat"": ""FL""}"
Table S9-04399,si,Table S9,15/15,contrast,"{""left"": [""solar_orthogonal"", 128], ""metric"": ""trajectory"", ""population"": ""joint"", ""right"": [""solar_orthogonal_uniq"", 128], ""stat"": ""FR""}"
Table S9-04400,si,Table S9,0.933,contrast,"{""left"": [""solar_orthogonal"", 128], ""metric"": ""trustworthiness"", ""population"": ""joint"", ""right"": [""solar_orthogonal_uniq"", 128], ""stat"": ""L""}"
Table S9-04401,si,Table S9,0.951,contrast,"{""left"": [""solar_orthogonal"", 128], ""metric"": ""trustworthiness"", ""population"": ""joint"", ""right"": [""solar_orthogonal_uniq"", 128], ""stat"": ""R""}"
Table S9-04402,si,Table S9,-0.018,contrast,"{""left"": [""solar_orthogonal"", 128], ""metric"": ""trustworthiness"", ""population"": ""joint"", ""right"": [""solar_orthogonal_uniq"", 128], ""stat"": ""delta""}"
Table S9-04403,si,Table S9,2/2,contrast,"{""left"": [""solar_orthogonal"", 128], ""metric"": ""trustworthiness"", ""population"": ""joint"", ""right"": [""solar_orthogonal_uniq"", 128], ""stat"": ""D""}"
Table S9-04404,si,Table S9,6/6,contrast,"{""left"": [""solar_orthogonal"", 128], ""metric"": ""trustworthiness"", ""population"": ""joint"", ""right"": [""solar_orthogonal_uniq"", 128], ""stat"": ""B""}"
Table S9-04405,si,Table S9,30/30,contrast,"{""left"": [""solar_orthogonal"", 128], ""metric"": ""trustworthiness"", ""population"": ""joint"", ""right"": [""solar_orthogonal_uniq"", 128], ""stat"": ""FL""}"
Table S9-04406,si,Table S9,30/30,contrast,"{""left"": [""solar_orthogonal"", 128], ""metric"": ""trustworthiness"", ""population"": ""joint"", ""right"": [""solar_orthogonal_uniq"", 128], ""stat"": ""FR""}"
Table S9-04407,si,Table S9,0.941,contrast,"{""left"": [""solar_orthogonal"", 128], ""metric"": ""trustworthiness"", ""population"": ""query"", ""right"": [""solar_orthogonal_uniq"", 128], ""stat"": ""L""}"
Table S9-04408,si,Table S9,0.947,contrast,"{""left"": [""solar_orthogonal"", 128], ""metric"": ""trustworthiness"", ""population"": ""query"", ""right"": [""solar_orthogonal_uniq"", 128], ""stat"": ""R""}"
Table S9-04409,si,Table S9,-0.007,contrast,"{""left"": [""solar_orthogonal"", 128], ""metric"": ""trustworthiness"", ""population"": ""query"", ""right"": [""solar_orthogonal_uniq"", 128], ""stat"": ""delta""}"
Table S9-04410,si,Table S9,2/2,contrast,"{""left"": [""solar_orthogonal"", 128], ""metric"": ""trustworthiness"", ""population"": ""query"", ""right"": [""solar_orthogonal_uniq"", 128], ""stat"": ""D""}"
Table S9-04411,si,Table S9,6/6,contrast,"{""left"": [""solar_orthogonal"", 128], ""metric"": ""trustworthiness"", ""population"": ""query"", ""right"": [""solar_orthogonal_uniq"", 128], ""stat"": ""B""}"
Table S9-04412,si,Table S9,30/30,contrast,"{""left"": [""solar_orthogonal"", 128], ""metric"": ""trustworthiness"", ""population"": ""query"", ""right"": [""solar_orthogonal_uniq"", 128], ""stat"": ""FL""}"
Table S9-04413,si,Table S9,30/30,contrast,"{""left"": [""solar_orthogonal"", 128], ""metric"": ""trustworthiness"", ""population"": ""query"", ""right"": [""solar_orthogonal_uniq"", 128], ""stat"": ""FR""}"
Table S9-04414,si,Table S9,0.928,contrast,"{""left"": [""solar_orthogonal"", 128], ""metric"": ""trustworthiness"", ""population"": ""reference"", ""right"": [""solar_orthogonal_uniq"", 128], ""stat"": ""L""}"
Table S9-04415,si,Table S9,0.947,contrast,"{""left"": [""solar_orthogonal"", 128], ""metric"": ""trustworthiness"", ""population"": ""reference"", ""right"": [""solar_orthogonal_uniq"", 128], ""stat"": ""R""}"
Table S9-04416,si,Table S9,-0.019,contrast,"{""left"": [""solar_orthogonal"", 128], ""metric"": ""trustworthiness"", ""population"": ""reference"", ""right"": [""solar_orthogonal_uniq"", 128], ""stat"": ""delta""}"
Table S9-04417,si,Table S9,2/2,contrast,"{""left"": [""solar_orthogonal"", 128], ""metric"": ""trustworthiness"", ""population"": ""reference"", ""right"": [""solar_orthogonal_uniq"", 128], ""stat"": ""D""}"
Table S9-04418,si,Table S9,6/6,contrast,"{""left"": [""solar_orthogonal"", 128], ""metric"": ""trustworthiness"", ""population"": ""reference"", ""right"": [""solar_orthogonal_uniq"", 128], ""stat"": ""B""}"
Table S9-04419,si,Table S9,30/30,contrast,"{""left"": [""solar_orthogonal"", 128], ""metric"": ""trustworthiness"", ""population"": ""reference"", ""right"": [""solar_orthogonal_uniq"", 128], ""stat"": ""FL""}"
Table S9-04420,si,Table S9,30/30,contrast,"{""left"": [""solar_orthogonal"", 128], ""metric"": ""trustworthiness"", ""population"": ""reference"", ""right"": [""solar_orthogonal_uniq"", 128], ""stat"": ""FR""}"
Table S9-04421,si,Table S9,-0.095,contrast,"{""left"": [""solar_orthogonal"", 128], ""metric"": ""within_label_silhouette__donor"", ""population"": ""joint"", ""right"": [""solar_orthogonal_uniq"", 128], ""stat"": ""L""}"
Table S9-04422,si,Table S9,-0.047,contrast,"{""left"": [""solar_orthogonal"", 128], ""metric"": ""within_label_silhouette__donor"", ""population"": ""joint"", ""right"": [""solar_orthogonal_uniq"", 128], ""stat"": ""R""}"
Table S9-04423,si,Table S9,-0.048,contrast,"{""left"": [""solar_orthogonal"", 128], ""metric"": ""within_label_silhouette__donor"", ""population"": ""joint"", ""right"": [""solar_orthogonal_uniq"", 128], ""stat"": ""delta""}"
Table S9-04424,si,Table S9,1/1,contrast,"{""left"": [""solar_orthogonal"", 128], ""metric"": ""within_label_silhouette__donor"", ""population"": ""joint"", ""right"": [""solar_orthogonal_uniq"", 128], ""stat"": ""D""}"
Table S9-04425,si,Table S9,3/3,contrast,"{""left"": [""solar_orthogonal"", 128], ""metric"": ""within_label_silhouette__donor"", ""population"": ""joint"", ""right"": [""solar_orthogonal_uniq"", 128], ""stat"": ""B""}"
Table S9-04426,si,Table S9,15/15,contrast,"{""left"": [""solar_orthogonal"", 128], ""metric"": ""within_label_silhouette__donor"", ""population"": ""joint"", ""right"": [""solar_orthogonal_uniq"", 128], ""stat"": ""FL""}"
Table S9-04427,si,Table S9,15/15,contrast,"{""left"": [""solar_orthogonal"", 128], ""metric"": ""within_label_silhouette__donor"", ""population"": ""joint"", ""right"": [""solar_orthogonal_uniq"", 128], ""stat"": ""FR""}"
Table S9-04428,si,Table S9,NA,contrast,"{""left"": [""solar_orthogonal"", 128], ""metric"": ""within_label_silhouette__donor"", ""population"": ""query"", ""right"": [""solar_orthogonal_uniq"", 128], ""stat"": ""L""}"
Table S9-04429,si,Table S9,NA,contrast,"{""left"": [""solar_orthogonal"", 128], ""metric"": ""within_label_silhouette__donor"", ""population"": ""query"", ""right"": [""solar_orthogonal_uniq"", 128], ""stat"": ""R""}"
Table S9-04430,si,Table S9,NA,contrast,"{""left"": [""solar_orthogonal"", 128], ""metric"": ""within_label_silhouette__donor"", ""population"": ""query"", ""right"": [""solar_orthogonal_uniq"", 128], ""stat"": ""delta""}"
Table S9-04431,si,Table S9,0/1,contrast,"{""left"": [""solar_orthogonal"", 128], ""metric"": ""within_label_silhouette__donor"", ""population"": ""query"", ""right"": [""solar_orthogonal_uniq"", 128], ""stat"": ""D""}"
Table S9-04432,si,Table S9,0/3,contrast,"{""left"": [""solar_orthogonal"", 128], ""metric"": ""within_label_silhouette__donor"", ""population"": ""query"", ""right"": [""solar_orthogonal_uniq"", 128], ""stat"": ""B""}"
Table S9-04433,si,Table S9,0/15,contrast,"{""left"": [""solar_orthogonal"", 128], ""metric"": ""within_label_silhouette__donor"", ""population"": ""query"", ""right"": [""solar_orthogonal_uniq"", 128], ""stat"": ""FL""}"
Table S9-04434,si,Table S9,0/15,contrast,"{""left"": [""solar_orthogonal"", 128], ""metric"": ""within_label_silhouette__donor"", ""population"": ""query"", ""right"": [""solar_orthogonal_uniq"", 128], ""stat"": ""FR""}"
Table S9-04435,si,Table S9,-0.089,contrast,"{""left"": [""solar_orthogonal"", 128], ""metric"": ""within_label_silhouette__donor"", ""population"": ""reference"", ""right"": [""solar_orthogonal_uniq"", 128], ""stat"": ""L""}"
Table S9-04436,si,Table S9,-0.041,contrast,"{""left"": [""solar_orthogonal"", 128], ""metric"": ""within_label_silhouette__donor"", ""population"": ""reference"", ""right"": [""solar_orthogonal_uniq"", 128], ""stat"": ""R""}"
Table S9-04437,si,Table S9,-0.048,contrast,"{""left"": [""solar_orthogonal"", 128], ""metric"": ""within_label_silhouette__donor"", ""population"": ""reference"", ""right"": [""solar_orthogonal_uniq"", 128], ""stat"": ""delta""}"
Table S9-04438,si,Table S9,1/1,contrast,"{""left"": [""solar_orthogonal"", 128], ""metric"": ""within_label_silhouette__donor"", ""population"": ""reference"", ""right"": [""solar_orthogonal_uniq"", 128], ""stat"": ""D""}"
Table S9-04439,si,Table S9,3/3,contrast,"{""left"": [""solar_orthogonal"", 128], ""metric"": ""within_label_silhouette__donor"", ""population"": ""reference"", ""right"": [""solar_orthogonal_uniq"", 128], ""stat"": ""B""}"
Table S9-04440,si,Table S9,15/15,contrast,"{""left"": [""solar_orthogonal"", 128], ""metric"": ""within_label_silhouette__donor"", ""population"": ""reference"", ""right"": [""solar_orthogonal_uniq"", 128], ""stat"": ""FL""}"
Table S9-04441,si,Table S9,15/15,contrast,"{""left"": [""solar_orthogonal"", 128], ""metric"": ""within_label_silhouette__donor"", ""population"": ""reference"", ""right"": [""solar_orthogonal_uniq"", 128], ""stat"": ""FR""}"
Table S9-04442,si,Table S9,0.236,contrast,"{""left"": [""solar_orthogonal"", 128], ""metric"": ""within_label_silhouette__patientGroup"", ""population"": ""joint"", ""right"": [""solar_orthogonal_uniq"", 128], ""stat"": ""L""}"
Table S9-04443,si,Table S9,0.219,contrast,"{""left"": [""solar_orthogonal"", 128], ""metric"": ""within_label_silhouette__patientGroup"", ""population"": ""joint"", ""right"": [""solar_orthogonal_uniq"", 128], ""stat"": ""R""}"
Table S9-04444,si,Table S9,+0.017,contrast,"{""left"": [""solar_orthogonal"", 128], ""metric"": ""within_label_silhouette__patientGroup"", ""population"": ""joint"", ""right"": [""solar_orthogonal_uniq"", 128], ""stat"": ""delta""}"
Table S9-04445,si,Table S9,1/1,contrast,"{""left"": [""solar_orthogonal"", 128], ""metric"": ""within_label_silhouette__patientGroup"", ""population"": ""joint"", ""right"": [""solar_orthogonal_uniq"", 128], ""stat"": ""D""}"
Table S9-04446,si,Table S9,3/3,contrast,"{""left"": [""solar_orthogonal"", 128], ""metric"": ""within_label_silhouette__patientGroup"", ""population"": ""joint"", ""right"": [""solar_orthogonal_uniq"", 128], ""stat"": ""B""}"
Table S9-04447,si,Table S9,15/15,contrast,"{""left"": [""solar_orthogonal"", 128], ""metric"": ""within_label_silhouette__patientGroup"", ""population"": ""joint"", ""right"": [""solar_orthogonal_uniq"", 128], ""stat"": ""FL""}"
Table S9-04448,si,Table S9,15/15,contrast,"{""left"": [""solar_orthogonal"", 128], ""metric"": ""within_label_silhouette__patientGroup"", ""population"": ""joint"", ""right"": [""solar_orthogonal_uniq"", 128], ""stat"": ""FR""}"
Table S9-04449,si,Table S9,NA,contrast,"{""left"": [""solar_orthogonal"", 128], ""metric"": ""within_label_silhouette__patientGroup"", ""population"": ""query"", ""right"": [""solar_orthogonal_uniq"", 128], ""stat"": ""L""}"
Table S9-04450,si,Table S9,NA,contrast,"{""left"": [""solar_orthogonal"", 128], ""metric"": ""within_label_silhouette__patientGroup"", ""population"": ""query"", ""right"": [""solar_orthogonal_uniq"", 128], ""stat"": ""R""}"
Table S9-04451,si,Table S9,NA,contrast,"{""left"": [""solar_orthogonal"", 128], ""metric"": ""within_label_silhouette__patientGroup"", ""population"": ""query"", ""right"": [""solar_orthogonal_uniq"", 128], ""stat"": ""delta""}"
Table S9-04452,si,Table S9,0/1,contrast,"{""left"": [""solar_orthogonal"", 128], ""metric"": ""within_label_silhouette__patientGroup"", ""population"": ""query"", ""right"": [""solar_orthogonal_uniq"", 128], ""stat"": ""D""}"
Table S9-04453,si,Table S9,0/3,contrast,"{""left"": [""solar_orthogonal"", 128], ""metric"": ""within_label_silhouette__patientGroup"", ""population"": ""query"", ""right"": [""solar_orthogonal_uniq"", 128], ""stat"": ""B""}"
Table S9-04454,si,Table S9,0/15,contrast,"{""left"": [""solar_orthogonal"", 128], ""metric"": ""within_label_silhouette__patientGroup"", ""population"": ""query"", ""right"": [""solar_orthogonal_uniq"", 128], ""stat"": ""FL""}"
Table S9-04455,si,Table S9,0/15,contrast,"{""left"": [""solar_orthogonal"", 128], ""metric"": ""within_label_silhouette__patientGroup"", ""population"": ""query"", ""right"": [""solar_orthogonal_uniq"", 128], ""stat"": ""FR""}"
Table S9-04456,si,Table S9,0.250,contrast,"{""left"": [""solar_orthogonal"", 128], ""metric"": ""within_label_silhouette__patientGroup"", ""population"": ""reference"", ""right"": [""solar_orthogonal_uniq"", 128], ""stat"": ""L""}"
Table S9-04457,si,Table S9,0.232,contrast,"{""left"": [""solar_orthogonal"", 128], ""metric"": ""within_label_silhouette__patientGroup"", ""population"": ""reference"", ""right"": [""solar_orthogonal_uniq"", 128], ""stat"": ""R""}"
Table S9-04458,si,Table S9,+0.018,contrast,"{""left"": [""solar_orthogonal"", 128], ""metric"": ""within_label_silhouette__patientGroup"", ""population"": ""reference"", ""right"": [""solar_orthogonal_uniq"", 128], ""stat"": ""delta""}"
Table S9-04459,si,Table S9,1/1,contrast,"{""left"": [""solar_orthogonal"", 128], ""metric"": ""within_label_silhouette__patientGroup"", ""population"": ""reference"", ""right"": [""solar_orthogonal_uniq"", 128], ""stat"": ""D""}"
Table S9-04460,si,Table S9,3/3,contrast,"{""left"": [""solar_orthogonal"", 128], ""metric"": ""within_label_silhouette__patientGroup"", ""population"": ""reference"", ""right"": [""solar_orthogonal_uniq"", 128], ""stat"": ""B""}"
Table S9-04461,si,Table S9,15/15,contrast,"{""left"": [""solar_orthogonal"", 128], ""metric"": ""within_label_silhouette__patientGroup"", ""population"": ""reference"", ""right"": [""solar_orthogonal_uniq"", 128], ""stat"": ""FL""}"
Table S9-04462,si,Table S9,15/15,contrast,"{""left"": [""solar_orthogonal"", 128], ""metric"": ""within_label_silhouette__patientGroup"", ""population"": ""reference"", ""right"": [""solar_orthogonal_uniq"", 128], ""stat"": ""FR""}"
Table S9-04463,si,Table S9,0.007,contrast,"{""left"": [""solar_orthogonal"", 128], ""metric"": ""within_label_silhouette__sample_ID"", ""population"": ""joint"", ""right"": [""solar_orthogonal_uniq"", 128], ""stat"": ""L""}"
Table S9-04464,si,Table S9,0.037,contrast,"{""left"": [""solar_orthogonal"", 128], ""metric"": ""within_label_silhouette__sample_ID"", ""population"": ""joint"", ""right"": [""solar_orthogonal_uniq"", 128], ""stat"": ""R""}"
Table S9-04465,si,Table S9,-0.031,contrast,"{""left"": [""solar_orthogonal"", 128], ""metric"": ""within_label_silhouette__sample_ID"", ""population"": ""joint"", ""right"": [""solar_orthogonal_uniq"", 128], ""stat"": ""delta""}"
Table S9-04466,si,Table S9,1/1,contrast,"{""left"": [""solar_orthogonal"", 128], ""metric"": ""within_label_silhouette__sample_ID"", ""population"": ""joint"", ""right"": [""solar_orthogonal_uniq"", 128], ""stat"": ""D""}"
Table S9-04467,si,Table S9,3/3,contrast,"{""left"": [""solar_orthogonal"", 128], ""metric"": ""within_label_silhouette__sample_ID"", ""population"": ""joint"", ""right"": [""solar_orthogonal_uniq"", 128], ""stat"": ""B""}"
Table S9-04468,si,Table S9,15/15,contrast,"{""left"": [""solar_orthogonal"", 128], ""metric"": ""within_label_silhouette__sample_ID"", ""population"": ""joint"", ""right"": [""solar_orthogonal_uniq"", 128], ""stat"": ""FL""}"
Table S9-04469,si,Table S9,15/15,contrast,"{""left"": [""solar_orthogonal"", 128], ""metric"": ""within_label_silhouette__sample_ID"", ""population"": ""joint"", ""right"": [""solar_orthogonal_uniq"", 128], ""stat"": ""FR""}"
Table S9-04470,si,Table S9,NA,contrast,"{""left"": [""solar_orthogonal"", 128], ""metric"": ""within_label_silhouette__sample_ID"", ""population"": ""query"", ""right"": [""solar_orthogonal_uniq"", 128], ""stat"": ""L""}"
Table S9-04471,si,Table S9,NA,contrast,"{""left"": [""solar_orthogonal"", 128], ""metric"": ""within_label_silhouette__sample_ID"", ""population"": ""query"", ""right"": [""solar_orthogonal_uniq"", 128], ""stat"": ""R""}"
Table S9-04472,si,Table S9,NA,contrast,"{""left"": [""solar_orthogonal"", 128], ""metric"": ""within_label_silhouette__sample_ID"", ""population"": ""query"", ""right"": [""solar_orthogonal_uniq"", 128], ""stat"": ""delta""}"
Table S9-04473,si,Table S9,0/1,contrast,"{""left"": [""solar_orthogonal"", 128], ""metric"": ""within_label_silhouette__sample_ID"", ""population"": ""query"", ""right"": [""solar_orthogonal_uniq"", 128], ""stat"": ""D""}"
Table S9-04474,si,Table S9,0/3,contrast,"{""left"": [""solar_orthogonal"", 128], ""metric"": ""within_label_silhouette__sample_ID"", ""population"": ""query"", ""right"": [""solar_orthogonal_uniq"", 128], ""stat"": ""B""}"
Table S9-04475,si,Table S9,0/15,contrast,"{""left"": [""solar_orthogonal"", 128], ""metric"": ""within_label_silhouette__sample_ID"", ""population"": ""query"", ""right"": [""solar_orthogonal_uniq"", 128], ""stat"": ""FL""}"
Table S9-04476,si,Table S9,0/15,contrast,"{""left"": [""solar_orthogonal"", 128], ""metric"": ""within_label_silhouette__sample_ID"", ""population"": ""query"", ""right"": [""solar_orthogonal_uniq"", 128], ""stat"": ""FR""}"
Table S9-04477,si,Table S9,0.001,contrast,"{""left"": [""solar_orthogonal"", 128], ""metric"": ""within_label_silhouette__sample_ID"", ""population"": ""reference"", ""right"": [""solar_orthogonal_uniq"", 128], ""stat"": ""L""}"
Table S9-04478,si,Table S9,0.026,contrast,"{""left"": [""solar_orthogonal"", 128], ""metric"": ""within_label_silhouette__sample_ID"", ""population"": ""reference"", ""right"": [""solar_orthogonal_uniq"", 128], ""stat"": ""R""}"
Table S9-04479,si,Table S9,-0.025,contrast,"{""left"": [""solar_orthogonal"", 128], ""metric"": ""within_label_silhouette__sample_ID"", ""population"": ""reference"", ""right"": [""solar_orthogonal_uniq"", 128], ""stat"": ""delta""}"
Table S9-04480,si,Table S9,1/1,contrast,"{""left"": [""solar_orthogonal"", 128], ""metric"": ""within_label_silhouette__sample_ID"", ""population"": ""reference"", ""right"": [""solar_orthogonal_uniq"", 128], ""stat"": ""D""}"
Table S9-04481,si,Table S9,3/3,contrast,"{""left"": [""solar_orthogonal"", 128], ""metric"": ""within_label_silhouette__sample_ID"", ""population"": ""reference"", ""right"": [""solar_orthogonal_uniq"", 128], ""stat"": ""B""}"
Table S9-04482,si,Table S9,15/15,contrast,"{""left"": [""solar_orthogonal"", 128], ""metric"": ""within_label_silhouette__sample_ID"", ""population"": ""reference"", ""right"": [""solar_orthogonal_uniq"", 128], ""stat"": ""FL""}"
Table S9-04483,si,Table S9,15/15,contrast,"{""left"": [""solar_orthogonal"", 128], ""metric"": ""within_label_silhouette__sample_ID"", ""population"": ""reference"", ""right"": [""solar_orthogonal_uniq"", 128], ""stat"": ""FR""}"
Table S9-04484,si,Table S9,0.007,contrast,"{""left"": [""solar_orthogonal"", 128], ""metric"": ""within_label_silhouette__study"", ""population"": ""joint"", ""right"": [""solar_orthogonal_uniq"", 128], ""stat"": ""L""}"
Table S9-04485,si,Table S9,0.037,contrast,"{""left"": [""solar_orthogonal"", 128], ""metric"": ""within_label_silhouette__study"", ""population"": ""joint"", ""right"": [""solar_orthogonal_uniq"", 128], ""stat"": ""R""}"
Table S9-04486,si,Table S9,-0.031,contrast,"{""left"": [""solar_orthogonal"", 128], ""metric"": ""within_label_silhouette__study"", ""population"": ""joint"", ""right"": [""solar_orthogonal_uniq"", 128], ""stat"": ""delta""}"
Table S9-04487,si,Table S9,1/1,contrast,"{""left"": [""solar_orthogonal"", 128], ""metric"": ""within_label_silhouette__study"", ""population"": ""joint"", ""right"": [""solar_orthogonal_uniq"", 128], ""stat"": ""D""}"
Table S9-04488,si,Table S9,3/3,contrast,"{""left"": [""solar_orthogonal"", 128], ""metric"": ""within_label_silhouette__study"", ""population"": ""joint"", ""right"": [""solar_orthogonal_uniq"", 128], ""stat"": ""B""}"
Table S9-04489,si,Table S9,15/15,contrast,"{""left"": [""solar_orthogonal"", 128], ""metric"": ""within_label_silhouette__study"", ""population"": ""joint"", ""right"": [""solar_orthogonal_uniq"", 128], ""stat"": ""FL""}"
Table S9-04490,si,Table S9,15/15,contrast,"{""left"": [""solar_orthogonal"", 128], ""metric"": ""within_label_silhouette__study"", ""population"": ""joint"", ""right"": [""solar_orthogonal_uniq"", 128], ""stat"": ""FR""}"
Table S9-04491,si,Table S9,NA,contrast,"{""left"": [""solar_orthogonal"", 128], ""metric"": ""within_label_silhouette__study"", ""population"": ""query"", ""right"": [""solar_orthogonal_uniq"", 128], ""stat"": ""L""}"
Table S9-04492,si,Table S9,NA,contrast,"{""left"": [""solar_orthogonal"", 128], ""metric"": ""within_label_silhouette__study"", ""population"": ""query"", ""right"": [""solar_orthogonal_uniq"", 128], ""stat"": ""R""}"
Table S9-04493,si,Table S9,NA,contrast,"{""left"": [""solar_orthogonal"", 128], ""metric"": ""within_label_silhouette__study"", ""population"": ""query"", ""right"": [""solar_orthogonal_uniq"", 128], ""stat"": ""delta""}"
Table S9-04494,si,Table S9,0/1,contrast,"{""left"": [""solar_orthogonal"", 128], ""metric"": ""within_label_silhouette__study"", ""population"": ""query"", ""right"": [""solar_orthogonal_uniq"", 128], ""stat"": ""D""}"
Table S9-04495,si,Table S9,0/3,contrast,"{""left"": [""solar_orthogonal"", 128], ""metric"": ""within_label_silhouette__study"", ""population"": ""query"", ""right"": [""solar_orthogonal_uniq"", 128], ""stat"": ""B""}"
Table S9-04496,si,Table S9,0/15,contrast,"{""left"": [""solar_orthogonal"", 128], ""metric"": ""within_label_silhouette__study"", ""population"": ""query"", ""right"": [""solar_orthogonal_uniq"", 128], ""stat"": ""FL""}"
Table S9-04497,si,Table S9,0/15,contrast,"{""left"": [""solar_orthogonal"", 128], ""metric"": ""within_label_silhouette__study"", ""population"": ""query"", ""right"": [""solar_orthogonal_uniq"", 128], ""stat"": ""FR""}"
Table S9-04498,si,Table S9,0.001,contrast,"{""left"": [""solar_orthogonal"", 128], ""metric"": ""within_label_silhouette__study"", ""population"": ""reference"", ""right"": [""solar_orthogonal_uniq"", 128], ""stat"": ""L""}"
Table S9-04499,si,Table S9,0.026,contrast,"{""left"": [""solar_orthogonal"", 128], ""metric"": ""within_label_silhouette__study"", ""population"": ""reference"", ""right"": [""solar_orthogonal_uniq"", 128], ""stat"": ""R""}"
Table S9-04500,si,Table S9,-0.025,contrast,"{""left"": [""solar_orthogonal"", 128], ""metric"": ""within_label_silhouette__study"", ""population"": ""reference"", ""right"": [""solar_orthogonal_uniq"", 128], ""stat"": ""delta""}"
Table S9-04501,si,Table S9,1/1,contrast,"{""left"": [""solar_orthogonal"", 128], ""metric"": ""within_label_silhouette__study"", ""population"": ""reference"", ""right"": [""solar_orthogonal_uniq"", 128], ""stat"": ""D""}"
Table S9-04502,si,Table S9,3/3,contrast,"{""left"": [""solar_orthogonal"", 128], ""metric"": ""within_label_silhouette__study"", ""population"": ""reference"", ""right"": [""solar_orthogonal_uniq"", 128], ""stat"": ""B""}"
Table S9-04503,si,Table S9,15/15,contrast,"{""left"": [""solar_orthogonal"", 128], ""metric"": ""within_label_silhouette__study"", ""population"": ""reference"", ""right"": [""solar_orthogonal_uniq"", 128], ""stat"": ""FL""}"
Table S9-04504,si,Table S9,15/15,contrast,"{""left"": [""solar_orthogonal"", 128], ""metric"": ""within_label_silhouette__study"", ""population"": ""reference"", ""right"": [""solar_orthogonal_uniq"", 128], ""stat"": ""FR""}"
